Order_ID,Order_Date,Customer_ID,Product_ID,Quantity,Discount_Pct,Payment_Method,Order_Status,Campaign_ID,Unit_Price,Unit_Cost,Gross_Sales,Discount_Amount,Net_Sales,Cost,Profit,Profit_Margin_Pct
ORD00001,2025-01-04,CUST0961,P022,2,0.0,Net Banking,Delivered,CMP005,5915,3970.45,11830,0.0,11830.0,7940.9,3889.1000000000004,32.8748943364328
ORD00002,2025-05-12,CUST0420,P006,4,0.0,UPI,Delivered,CMP003,4933,3611.45,19732,0.0,19732.0,14445.8,5286.200000000001,26.78998580985202
ORD00003,2025-08-06,CUST0249,P007,1,10.0,UPI,Delivered,CMP002,5886,3178.13,5886,588.6,5297.4,3178.13,2119.2699999999995,40.00585192736059
ORD00004,2025-09-17,CUST0588,P015,1,10.0,COD,Delivered,CMP001,5978,4066.66,5978,597.8,5380.2,4066.66,1313.54,24.41433403962678
ORD00005,2025-01-01,CUST0649,P011,4,20.0,Credit Card,Delivered,CMP005,7881,6026.38,31524,6304.8,25219.2,24105.52,1113.6800000000003,4.416000507549804
ORD00006,2025-03-12,CUST0164,P024,1,0.0,COD,Delivered,CMP002,972,537.49,972,0.0,972.0,537.49,434.51,44.702674897119344
ORD00007,2025-06-27,CUST0745,P003,1,10.0,Debit Card,Delivered,CMP002,5857,3883.91,5857,585.7,5271.3,3883.91,1387.3900000000003,26.319693434257207
ORD00008,2025-07-08,CUST0255,P006,2,10.0,Net Banking,Delivered,CMP003,4933,3611.45,9866,986.6,8879.4,7222.9,1656.5,18.655539788724465
ORD00009,2025-10-18,CUST0476,P002,1,10.0,Net Banking,Delivered,CMP003,6053,3796.4,6053,605.3,5447.7,3796.4,1651.2999999999997,30.31187473612717
ORD00010,2025-01-08,CUST0806,P014,3,20.0,Net Banking,Delivered,CMP002,6801,4221.32,20403,4080.6,16322.4,12663.96,3658.4400000000005,22.413615644758128
ORD00011,2025-09-10,CUST0417,P009,2,0.0,Net Banking,Delivered,CMP004,1097,712.85,2194,0.0,2194.0,1425.7,768.3,35.018231540565175
ORD00012,2025-10-19,CUST0170,P018,1,0.0,Credit Card,Returned,CMP004,6660,5091.78,6660,0.0,6660.0,5091.78,1568.2200000000003,23.54684684684685
ORD00013,2025-09-01,CUST0317,P019,1,10.0,Debit Card,Delivered,CMP001,7745,4299.97,7745,774.5,6970.5,4299.97,2670.5299999999997,38.31188580446165
ORD00014,2025-05-03,CUST0174,P012,3,5.0,Net Banking,Delivered,CMP003,5080,2793.69,15240,762.0,14478.0,8381.07,6096.93,42.11168669705761
ORD00015,2025-10-26,CUST0470,P013,1,0.0,UPI,Delivered,CMP004,6435,4995.55,6435,0.0,6435.0,4995.55,1439.4499999999998,22.369075369075368
ORD00016,2025-10-10,CUST0345,P012,2,5.0,Debit Card,Delivered,CMP002,5080,2793.69,10160,508.0,9652.0,5587.38,4064.62,42.11168669705761
ORD00017,2025-02-01,CUST0445,P012,3,5.0,Credit Card,Delivered,CMP006,5080,2793.69,15240,762.0,14478.0,8381.07,6096.93,42.11168669705761
ORD00018,2025-11-30,CUST0018,P018,4,10.0,Net Banking,Delivered,CMP003,6660,5091.78,26640,2664.0,23976.0,20367.12,3608.880000000001,15.052052052052057
ORD00019,2025-05-26,CUST0070,P009,2,0.0,Credit Card,Delivered,CMP001,1097,712.85,2194,0.0,2194.0,1425.7,768.3,35.018231540565175
ORD00020,2025-06-05,CUST0338,P017,3,5.0,Net Banking,Delivered,CMP002,4817,3075.17,14451,722.55,13728.45,9225.51,4502.9400000000005,32.80006118680551
ORD00021,2025-01-16,CUST0628,P021,1,10.0,UPI,Delivered,CMP003,5045,2967.68,5045,504.5,4540.5,2967.68,1572.8200000000002,34.639797379143275
ORD00022,2025-12-21,CUST0592,P016,2,10.0,Debit Card,Delivered,CMP001,7713,5310.71,15426,1542.6,13883.4,10621.42,3261.9799999999996,23.495541437976286
ORD00023,2025-02-16,CUST0527,P017,1,25.0,UPI,Delivered,CMP001,4817,3075.17,4817,1204.25,3612.75,3075.17,537.5799999999999,14.880077503286968
ORD00024,2025-09-08,CUST0688,P021,1,0.0,Net Banking,Delivered,CMP001,5045,2967.68,5045,0.0,5045.0,2967.68,2077.32,41.17581764122894
ORD00025,2025-07-06,CUST0456,P024,2,25.0,COD,Delivered,CMP003,972,537.49,1944,486.0,1458.0,1074.98,383.02,26.270233196159122
ORD00026,2025-01-31,CUST0269,P008,2,10.0,Debit Card,Delivered,CMP002,3129,1758.81,6258,625.8,5632.2,3517.62,2114.58,37.544476403536805
ORD00027,2025-09-17,CUST0631,P011,2,15.0,Credit Card,Delivered,CMP006,7881,6026.38,15762,2364.3,13397.7,12052.76,1344.9400000000005,10.038588712988053
ORD00028,2025-01-17,CUST0811,P024,4,10.0,Net Banking,Cancelled,CMP003,972,537.49,3888,388.8,3499.2,2149.96,1349.2399999999998,38.55852766346593
ORD00029,2025-02-08,CUST0188,P002,3,10.0,UPI,Cancelled,CMP005,6053,3796.4,18159,1815.9,16343.1,11389.2,4953.9,30.31187473612717
ORD00030,2025-10-31,CUST0569,P008,1,20.0,COD,Delivered,CMP004,3129,1758.81,3129,625.8,2503.2,1758.81,744.3899999999999,29.737535953978906
ORD00031,2025-02-08,CUST0711,P012,4,20.0,Net Banking,Delivered,CMP003,5080,2793.69,20320,4064.0,16256.0,11174.76,5081.24,31.257627952755907
ORD00032,2025-05-12,CUST0529,P021,1,0.0,Credit Card,Cancelled,CMP005,5045,2967.68,5045,0.0,5045.0,2967.68,2077.32,41.17581764122894
ORD00033,2025-01-30,CUST0434,P001,1,0.0,UPI,Delivered,CMP003,6748,4695.17,6748,0.0,6748.0,4695.17,2052.83,30.421310017783043
ORD00034,2025-06-07,CUST0288,P023,1,10.0,Debit Card,Delivered,CMP003,5137,3830.78,5137,513.7,4623.3,3830.78,792.52,17.141868362425107
ORD00035,2025-10-05,CUST0918,P013,1,20.0,COD,Cancelled,CMP003,6435,4995.55,6435,1287.0,5148.0,4995.55,152.44999999999982,2.961344211344208
ORD00036,2025-07-22,CUST0567,P022,1,5.0,Net Banking,Delivered,CMP005,5915,3970.45,5915,295.75,5619.25,3970.45,1648.8000000000002,29.341994038350315
ORD00037,2025-03-07,CUST0499,P021,2,10.0,Net Banking,Delivered,CMP004,5045,2967.68,10090,1009.0,9081.0,5935.36,3145.6400000000003,34.639797379143275
ORD00038,2025-04-18,CUST0441,P017,2,15.0,Net Banking,Returned,CMP002,4817,3075.17,9634,1445.1,8188.9,6150.34,2038.5599999999995,24.894186032312028
ORD00039,2025-09-25,CUST0781,P014,4,15.0,Net Banking,Delivered,CMP001,6801,4221.32,27204,4080.6,23123.4,16885.28,6238.120000000003,26.977520606831185
ORD00040,2025-08-10,CUST0303,P014,1,10.0,UPI,Delivered,CMP003,6801,4221.32,6801,680.1,6120.9,4221.32,1899.58,31.034325017562775
ORD00041,2025-10-19,CUST0087,P016,1,5.0,Debit Card,Delivered,CMP002,7713,5310.71,7713,385.65,7327.35,5310.71,2016.6400000000003,27.52209188860912
ORD00042,2025-01-18,CUST0830,P017,3,25.0,Credit Card,Delivered,CMP006,4817,3075.17,14451,3612.75,10838.25,9225.51,1612.7399999999998,14.880077503286968
ORD00043,2025-03-31,CUST0438,P006,1,10.0,COD,Delivered,CMP003,4933,3611.45,4933,493.3,4439.7,3611.45,828.25,18.655539788724465
ORD00044,2025-06-30,CUST0541,P007,2,15.0,Net Banking,Returned,CMP001,5886,3178.13,11772,1765.8,10006.2,6356.26,3649.9400000000005,36.47678439367592
ORD00045,2025-09-12,CUST0022,P001,1,5.0,Net Banking,Delivered,CMP001,6748,4695.17,6748,337.4,6410.6,4695.17,1715.4300000000003,26.759273702929526
ORD00046,2025-09-10,CUST0833,P025,4,10.0,Debit Card,Delivered,CMP002,7392,5142.33,29568,2956.8,26611.2,20569.32,6041.880000000001,22.704274891774894
ORD00047,2025-09-14,CUST0797,P015,2,5.0,Debit Card,Delivered,CMP001,5978,4066.66,11956,597.8,11358.2,8133.32,3224.880000000001,28.392526984909587
ORD00048,2025-12-12,CUST0560,P020,1,0.0,UPI,Delivered,CMP006,7452,4168.44,7452,0.0,7452.0,4168.44,3283.5600000000004,44.06280193236716
ORD00049,2025-03-28,CUST0517,P021,1,15.0,UPI,Delivered,CMP006,5045,2967.68,5045,756.75,4288.25,2967.68,1320.5700000000002,30.7950795779164
ORD00050,2025-03-31,CUST0762,P018,2,10.0,UPI,Shipped,CMP006,6660,5091.78,13320,1332.0,11988.0,10183.56,1804.4400000000005,15.052052052052057
ORD00051,2025-08-25,CUST0675,P013,1,15.0,COD,Delivered,CMP004,6435,4995.55,6435,965.25,5469.75,4995.55,474.1999999999998,8.669500434206313
ORD00052,2025-03-11,CUST0503,P024,2,5.0,UPI,Delivered,CMP004,972,537.49,1944,97.2,1846.8,1074.98,771.8199999999999,41.79228936538878
ORD00053,2025-02-13,CUST0714,P002,1,10.0,Net Banking,Delivered,CMP006,6053,3796.4,6053,605.3,5447.7,3796.4,1651.2999999999997,30.31187473612717
ORD00054,2025-07-19,CUST0467,P019,2,10.0,UPI,Delivered,CMP006,7745,4299.97,15490,1549.0,13941.0,8599.94,5341.0599999999995,38.31188580446165
ORD00055,2025-06-01,CUST0101,P015,3,10.0,COD,Delivered,CMP006,5978,4066.66,17934,1793.4,16140.6,12199.98,3940.620000000001,24.414334039626784
ORD00056,2025-03-27,CUST0583,P012,2,5.0,UPI,Delivered,CMP006,5080,2793.69,10160,508.0,9652.0,5587.38,4064.62,42.11168669705761
ORD00057,2025-01-19,CUST0942,P015,1,15.0,UPI,Shipped,CMP004,5978,4066.66,5978,896.7,5081.3,4066.66,1014.6400000000003,19.968118394898948
ORD00058,2025-04-11,CUST0675,P025,2,15.0,Net Banking,Delivered,CMP001,7392,5142.33,14784,2217.6,12566.4,10284.66,2281.74,18.157467532467532
ORD00059,2025-04-05,CUST0685,P018,1,5.0,Net Banking,Delivered,CMP003,6660,5091.78,6660,333.0,6327.0,5091.78,1235.2200000000003,19.52299668089142
ORD00060,2025-09-11,CUST0141,P014,2,5.0,Net Banking,Shipped,CMP004,6801,4221.32,13602,680.1,12921.9,8442.64,4479.26,34.66409738505948
ORD00061,2025-12-23,CUST0138,P006,4,10.0,UPI,Cancelled,CMP003,4933,3611.45,19732,1973.2,17758.8,14445.8,3313.0,18.655539788724465
ORD00062,2025-01-30,CUST0578,P012,1,15.0,Net Banking,Delivered,CMP005,5080,2793.69,5080,762.0,4318.0,2793.69,1524.31,35.301296896711435
ORD00063,2025-09-06,CUST0710,P020,2,15.0,Debit Card,Shipped,CMP005,7452,4168.44,14904,2235.6,12668.4,8336.88,4331.52,34.191531685137825
ORD00064,2025-02-02,CUST0840,P023,4,15.0,Credit Card,Delivered,CMP004,5137,3830.78,20548,3082.2,17465.8,15323.12,2142.6799999999985,12.267860619038341
ORD00065,2025-08-17,CUST0228,P006,3,5.0,Credit Card,Cancelled,CMP001,4933,3611.45,14799,739.95,14059.05,10834.349999999999,3224.7000000000007,22.936827168265285
ORD00066,2025-01-12,CUST0281,P009,2,5.0,Net Banking,Delivered,CMP002,1097,712.85,2194,109.7,2084.3,1425.7,658.6000000000001,31.59813846375282
ORD00067,2025-04-28,CUST0684,P025,1,5.0,COD,Delivered,CMP002,7392,5142.33,7392,369.6,7022.4,5142.33,1880.0699999999997,26.772470950102527
ORD00068,2025-12-16,CUST0828,P004,1,0.0,Net Banking,Delivered,CMP002,2776,1530.45,2776,0.0,2776.0,1530.45,1245.55,44.86851585014409
ORD00069,2025-06-04,CUST0431,P017,1,15.0,Net Banking,Delivered,CMP004,4817,3075.17,4817,722.55,4094.45,3075.17,1019.2799999999997,24.894186032312028
ORD00070,2025-09-03,CUST0040,P002,4,0.0,UPI,Delivered,CMP001,6053,3796.4,24212,0.0,24212.0,15185.6,9026.4,37.280687262514455
ORD00071,2025-11-28,CUST0519,P016,2,20.0,COD,Delivered,CMP001,7713,5310.71,15426,3085.2,12340.8,10621.42,1719.3799999999992,13.932484117723318
ORD00072,2025-09-04,CUST0686,P024,3,15.0,Net Banking,Delivered,CMP003,972,537.49,2916,437.4,2478.6,1612.47,866.1299999999999,34.944323408375695
ORD00073,2025-01-29,CUST0663,P014,4,20.0,Debit Card,Delivered,CMP005,6801,4221.32,27204,5440.8,21763.2,16885.28,4877.920000000002,22.41361564475813
ORD00074,2025-06-10,CUST0211,P008,1,20.0,Credit Card,Cancelled,CMP001,3129,1758.81,3129,625.8,2503.2,1758.81,744.3899999999999,29.737535953978906
ORD00075,2025-08-23,CUST0302,P014,1,5.0,Debit Card,Delivered,CMP005,6801,4221.32,6801,340.05,6460.95,4221.32,2239.63,34.66409738505948
ORD00076,2025-07-09,CUST0086,P002,1,20.0,Debit Card,Delivered,CMP003,6053,3796.4,6053,1210.6,4842.4,3796.4,1045.9999999999995,21.60085907814306
ORD00077,2025-04-27,CUST0397,P016,3,0.0,Debit Card,Delivered,CMP001,7713,5310.71,23139,0.0,23139.0,15932.130000000001,7206.869999999999,31.145987294178656
ORD00078,2025-09-28,CUST0253,P004,1,0.0,COD,Delivered,CMP004,2776,1530.45,2776,0.0,2776.0,1530.45,1245.55,44.86851585014409
ORD00079,2025-09-15,CUST0533,P001,1,15.0,COD,Returned,CMP006,6748,4695.17,6748,1012.2,5735.8,4695.17,1040.63,18.142717667980058
ORD00080,2025-06-29,CUST0769,P023,1,0.0,COD,Cancelled,CMP003,5137,3830.78,5137,0.0,5137.0,3830.78,1306.2199999999998,25.427681526182592
ORD00081,2025-06-21,CUST0891,P020,1,25.0,Credit Card,Delivered,CMP004,7452,4168.44,7452,1863.0,5589.0,4168.44,1420.5600000000004,25.41706924315621
ORD00082,2025-10-01,CUST0915,P014,1,10.0,UPI,Shipped,CMP005,6801,4221.32,6801,680.1,6120.9,4221.32,1899.58,31.034325017562775
ORD00083,2025-09-16,CUST0381,P008,3,15.0,Net Banking,Delivered,CMP005,3129,1758.81,9387,1408.05,7978.95,5276.43,2702.5199999999995,33.870622074333085
ORD00084,2025-05-15,CUST0444,P025,1,0.0,Net Banking,Delivered,CMP001,7392,5142.33,7392,0.0,7392.0,5142.33,2249.67,30.4338474025974
ORD00085,2025-06-20,CUST0033,P025,1,10.0,UPI,Delivered,CMP005,7392,5142.33,7392,739.2,6652.8,5142.33,1510.4700000000003,22.704274891774894
ORD00086,2025-07-29,CUST0260,P003,2,0.0,Net Banking,Delivered,CMP006,5857,3883.91,11714,0.0,11714.0,7767.82,3946.1800000000003,33.68772409083148
ORD00087,2025-08-24,CUST0234,P005,2,20.0,Debit Card,Delivered,CMP004,1046,807.54,2092,418.4,1673.6,1615.08,58.51999999999998,3.496653919694072
ORD00088,2025-07-05,CUST0515,P006,4,0.0,Credit Card,Delivered,CMP005,4933,3611.45,19732,0.0,19732.0,14445.8,5286.200000000001,26.78998580985202
ORD00089,2025-12-30,CUST0859,P022,1,,Net Banking,Delivered,CMP003,5915,3970.45,5915,887.25,5027.75,3970.45,1057.3000000000002,21.029287454626825
ORD00090,2025-04-05,CUST0308,P008,1,0.0,Credit Card,Shipped,CMP002,3129,1758.81,3129,0.0,3129.0,1758.81,1370.19,43.79002876318312
ORD00091,2025-01-11,CUST0739,P006,3,0.0,UPI,Cancelled,CMP004,4933,3611.45,14799,0.0,14799.0,10834.349999999999,3964.6500000000015,26.78998580985203
ORD00092,2025-03-09,CUST0796,P006,1,10.0,Net Banking,Delivered,CMP003,4933,3611.45,4933,493.3,4439.7,3611.45,828.25,18.655539788724465
ORD00093,2025-07-29,CUST0070,P004,1,0.0,Credit Card,Delivered,CMP006,2776,1530.45,2776,0.0,2776.0,1530.45,1245.55,44.86851585014409
ORD00094,2025-07-15,CUST0454,P007,2,15.0,Debit Card,Delivered,CMP006,5886,3178.13,11772,1765.8,10006.2,6356.26,3649.9400000000005,36.47678439367592
ORD00095,2025-04-08,CUST0439,P024,1,0.0,Debit Card,Delivered,CMP005,972,537.49,972,0.0,972.0,537.49,434.51,44.702674897119344
ORD00096,2025-04-03,CUST0825,P019,2,5.0,UPI,Cancelled,CMP006,7745,4299.97,15490,774.5,14715.5,8599.94,6115.5599999999995,41.55862865685841
ORD00097,2025-01-22,CUST0364,P007,1,10.0,COD,Shipped,CMP002,5886,3178.13,5886,588.6,5297.4,3178.13,2119.2699999999995,40.00585192736059
ORD00098,2025-06-21,CUST0983,P003,1,5.0,Net Banking,Returned,CMP006,5857,3883.91,5857,292.85,5564.15,3883.91,1680.2399999999998,30.197604306138402
ORD00099,2025-05-14,CUST0766,P008,4,5.0,Debit Card,Delivered,CMP002,3129,1758.81,12516,625.8,11890.2,7035.24,4854.960000000001,40.831609224403294
ORD00100,2025-01-25,CUST0481,P001,3,15.0,Debit Card,Returned,CMP001,6748,4695.17,20244,3036.6,17207.4,14085.51,3121.8900000000012,18.14271766798006
ORD00101,2025-07-04,CUST0144,P001,1,0.0,UPI,Delivered,CMP004,6748,4695.17,6748,0.0,6748.0,4695.17,2052.83,30.421310017783043
ORD00102,2025-03-26,CUST0024,P014,1,0.0,Debit Card,Delivered,CMP003,6801,4221.32,6801,0.0,6801.0,4221.32,2579.6800000000003,37.930892515806505
ORD00103,2025-02-24,CUST0965,P006,4,5.0,Net Banking,Delivered,CMP006,4933,3611.45,19732,986.6,18745.4,14445.8,4299.600000000002,22.936827168265292
ORD00104,2025-09-08,CUST0425,P010,2,5.0,UPI,Returned,CMP003,3310,2109.97,6620,331.0,6289.0,4219.94,2069.0600000000004,32.89966608363811
ORD00105,2025-05-24,CUST0746,P025,2,10.0,Credit Card,Returned,CMP006,7392,5142.33,14784,1478.4,13305.6,10284.66,3020.9400000000005,22.704274891774894
ORD00106,2025-12-17,CUST0845,P014,2,5.0,UPI,Delivered,CMP001,6801,4221.32,13602,680.1,12921.9,8442.64,4479.26,34.66409738505948
ORD00107,2025-06-16,CUST0175,P004,1,15.0,Net Banking,Delivered,CMP005,2776,1530.45,2776,416.4,2359.6,1530.45,829.1499999999999,35.13943041193422
ORD00108,2025-08-12,CUST0844,P006,2,0.0,Net Banking,Shipped,CMP005,4933,3611.45,9866,0.0,9866.0,7222.9,2643.1000000000004,26.78998580985202
ORD00109,2025-08-08,CUST0325,P016,2,10.0,Credit Card,Delivered,CMP005,7713,5310.71,15426,1542.6,13883.4,10621.42,3261.9799999999996,23.495541437976286
ORD00110,2025-06-28,CUST0869,P021,1,5.0,UPI,Delivered,CMP002,5045,2967.68,5045,252.25,4792.75,2967.68,1825.0700000000002,38.07980804339889
ORD00111,2025-04-29,CUST0671,P001,2,10.0,Net Banking,Delivered,CMP005,6748,4695.17,13496,1349.6,12146.4,9390.34,2756.0599999999995,22.69034446420338
ORD00112,2025-09-22,CUST0860,P006,1,25.0,Net Banking,Delivered,CMP003,4933,3611.45,4933,1233.25,3699.75,3611.45,88.30000000000018,2.386647746469361
ORD00113,2025-05-30,CUST0348,P009,2,10.0,Credit Card,Shipped,CMP005,1097,712.85,2194,219.4,1974.6,1425.7,548.8999999999999,27.798035045072417
ORD00114,2025-08-03,CUST0798,P015,3,25.0,COD,Delivered,CMP003,5978,4066.66,17934,4483.5,13450.5,12199.98,1250.5200000000004,9.297200847552139
ORD00115,2025-07-16,CUST0018,P012,3,5.0,UPI,Delivered,CMP001,5080,2793.69,15240,762.0,14478.0,8381.07,6096.93,42.11168669705761
ORD00116,2025-02-11,CUST0044,P003,2,0.0,Net Banking,Delivered,CMP001,5857,3883.91,11714,0.0,11714.0,7767.82,3946.1800000000003,33.68772409083148
ORD00117,2025-02-22,CUST0155,P011,1,0.0,Debit Card,Delivered,CMP002,7881,6026.38,7881,0.0,7881.0,6026.38,1854.62,23.53280040603984
ORD00118,2025-11-26,CUST0867,P015,2,5.0,Credit Card,Delivered,CMP006,5978,4066.66,11956,597.8,11358.2,8133.32,3224.880000000001,28.392526984909587
ORD00119,2025-09-08,CUST0922,P003,1,5.0,COD,Returned,CMP003,5857,3883.91,5857,292.85,5564.15,3883.91,1680.2399999999998,30.197604306138402
ORD00120,2025-10-22,CUST0377,P014,4,0.0,COD,Delivered,CMP005,6801,4221.32,27204,0.0,27204.0,16885.28,10318.720000000001,37.930892515806505
ORD00121,2025-09-28,CUST0743,P002,4,10.0,Credit Card,Shipped,CMP004,6053,3796.4,24212,2421.2,21790.8,15185.6,6605.199999999999,30.31187473612717
ORD00122,2025-05-03,CUST0883,P004,1,5.0,COD,Returned,CMP006,2776,1530.45,2776,138.8,2637.2,1530.45,1106.7499999999998,41.966858789625356
ORD00123,2025-12-05,CUST0828,P019,1,0.0,Net Banking,Delivered,CMP002,7745,4299.97,7745,0.0,7745.0,4299.97,3445.0299999999997,44.48069722401549
ORD00124,2025-09-23,CUST0402,P012,4,5.0,COD,Delivered,CMP001,5080,2793.69,20320,1016.0,19304.0,11174.76,8129.24,42.11168669705761
ORD00125,2025-12-14,CUST0225,P002,2,20.0,UPI,Delivered,CMP005,6053,3796.4,12106,2421.2,9684.8,7592.8,2091.999999999999,21.60085907814306
ORD00126,2025-01-29,CUST0217,P017,3,5.0,Debit Card,Delivered,CMP004,4817,3075.17,14451,722.55,13728.45,9225.51,4502.9400000000005,32.80006118680551
ORD00127,2025-02-04,CUST0568,P003,1,15.0,Net Banking,Delivered,CMP003,5857,3883.91,5857,878.55,4978.45,3883.91,1094.54,21.985557753919394
ORD00128,2025-01-06,CUST0031,P010,2,10.0,Credit Card,Delivered,CMP002,3310,2109.97,6620,662.0,5958.0,4219.94,1738.0600000000004,29.171869754951334
ORD00129,2025-04-21,CUST0869,P016,1,5.0,Debit Card,Delivered,CMP002,7713,5310.71,7713,385.65,7327.35,5310.71,2016.6400000000003,27.52209188860912
ORD00130,2025-10-21,CUST0059,P022,1,0.0,Net Banking,Delivered,CMP003,5915,3970.45,5915,0.0,5915.0,3970.45,1944.5500000000002,32.8748943364328
ORD00131,2025-03-18,CUST0892,P009,4,5.0,Debit Card,Delivered,CMP004,1097,712.85,4388,219.4,4168.6,2851.4,1317.2000000000003,31.59813846375282
ORD00132,2025-12-15,CUST0898,P011,1,10.0,COD,Delivered,CMP004,7881,6026.38,7881,788.1,7092.9,6026.38,1066.5199999999995,15.036444895599818
ORD00133,2025-05-27,CUST0353,P021,1,5.0,Credit Card,Delivered,CMP003,5045,2967.68,5045,252.25,4792.75,2967.68,1825.0700000000002,38.07980804339889
ORD00134,2025-03-08,CUST0935,P015,1,0.0,Credit Card,Delivered,CMP003,5978,4066.66,5978,0.0,5978.0,4066.66,1911.3400000000001,31.972900635664104
ORD00135,2025-01-08,CUST0445,P003,4,0.0,UPI,Delivered,CMP001,5857,3883.91,23428,0.0,23428.0,15535.64,7892.360000000001,33.68772409083148
ORD00136,2025-05-02,CUST0235,P016,2,20.0,COD,Delivered,CMP004,7713,5310.71,15426,3085.2,12340.8,10621.42,1719.3799999999992,13.932484117723318
ORD00137,2025-12-06,CUST0107,P021,1,10.0,UPI,Returned,CMP005,5045,2967.68,5045,504.5,4540.5,2967.68,1572.8200000000002,34.639797379143275
ORD00138,2025-06-24,CUST0191,P021,2,10.0,UPI,Delivered,CMP001,5045,2967.68,10090,1009.0,9081.0,5935.36,3145.6400000000003,34.639797379143275
ORD00139,2025-06-28,CUST0992,P021,1,10.0,COD,Delivered,CMP002,5045,2967.68,5045,504.5,4540.5,2967.68,1572.8200000000002,34.639797379143275
ORD00140,2025-03-26,CUST0530,P012,1,20.0,Net Banking,Delivered,CMP001,5080,2793.69,5080,1016.0,4064.0,2793.69,1270.31,31.257627952755907
ORD00141,2025-02-14,CUST0913,P023,1,10.0,UPI,Delivered,CMP006,5137,3830.78,5137,513.7,4623.3,3830.78,792.52,17.141868362425107
ORD00142,2025-05-16,CUST0738,P005,2,10.0,Debit Card,Delivered,CMP004,1046,807.54,2092,209.2,1882.8,1615.08,267.72,14.219247928616955
ORD00143,2025-12-09,CUST0679,P007,3,20.0,Net Banking,Delivered,CMP003,5886,3178.13,17658,3531.6,14126.4,9534.39,4592.01,32.50658341828066
ORD00144,2025-01-16,CUST0583,P009,2,15.0,COD,Delivered,CMP003,1097,712.85,2194,329.1,1864.9,1425.7,439.20000000000005,23.550860635959033
ORD00145,2025-11-29,CUST0874,P021,2,0.0,Credit Card,Delivered,CMP006,5045,2967.68,10090,0.0,10090.0,5935.36,4154.64,41.17581764122894
ORD00146,2025-07-14,CUST0566,P018,4,0.0,Net Banking,Delivered,CMP004,6660,5091.78,26640,0.0,26640.0,20367.12,6272.880000000001,23.54684684684685
ORD00147,2025-01-09,CUST0245,P021,3,15.0,UPI,Delivered,CMP001,5045,2967.68,15135,2270.25,12864.75,8903.039999999999,3961.710000000001,30.795079577916407
ORD00148,2025-11-12,CUST0995,P008,1,20.0,Debit Card,Delivered,CMP003,3129,1758.81,3129,625.8,2503.2,1758.81,744.3899999999999,29.737535953978906
ORD00149,2025-11-30,CUST0862,P012,2,10.0,COD,Cancelled,CMP005,5080,2793.69,10160,1016.0,9144.0,5587.38,3556.62,38.89566929133858
ORD00150,2025-11-29,CUST0076,P020,1,10.0,Credit Card,Delivered,CMP003,7452,4168.44,7452,745.2,6706.8,4168.44,2538.3600000000006,37.847557702630176
ORD00151,2025-11-23,CUST0547,P002,3,10.0,Debit Card,Delivered,CMP002,6053,3796.4,18159,1815.9,16343.1,11389.2,4953.9,30.31187473612717
ORD00152,2025-01-15,CUST0267,P010,1,10.0,Credit Card,Delivered,CMP006,3310,2109.97,3310,331.0,2979.0,2109.97,869.0300000000002,29.171869754951334
ORD00153,2025-11-23,CUST0317,P019,1,15.0,COD,Delivered,CMP006,7745,4299.97,7745,1161.75,6583.25,4299.97,2283.2799999999997,34.683173204724106
ORD00154,2025-04-12,CUST0812,P009,1,0.0,Net Banking,Delivered,CMP006,1097,712.85,1097,0.0,1097.0,712.85,384.15,35.018231540565175
ORD00155,2025-08-14,CUST0121,P025,2,25.0,UPI,Delivered,CMP001,7392,5142.33,14784,3696.0,11088.0,10284.66,803.3400000000001,7.245129870129871
ORD00156,2025-10-05,CUST0836,P024,1,15.0,COD,Delivered,CMP002,972,537.49,972,145.8,826.2,537.49,288.71000000000004,34.9443234083757
ORD00157,2025-04-23,CUST0025,P008,1,10.0,Debit Card,Delivered,CMP003,3129,1758.81,3129,312.9,2816.1,1758.81,1057.29,37.544476403536805
ORD00158,2025-01-01,CUST0432,P024,1,5.0,Net Banking,Delivered,CMP005,972,537.49,972,48.6,923.4,537.49,385.90999999999997,41.79228936538878
ORD00159,2025-09-23,CUST0160,P024,1,0.0,Credit Card,Delivered,CMP005,972,537.49,972,0.0,972.0,537.49,434.51,44.702674897119344
ORD00160,2025-07-27,CUST0596,P024,1,5.0,Net Banking,Delivered,CMP005,972,537.49,972,48.6,923.4,537.49,385.90999999999997,41.79228936538878
ORD00161,2025-04-20,CUST0114,P001,4,10.0,Net Banking,Delivered,CMP006,6748,4695.17,26992,2699.2,24292.8,18780.68,5512.119999999999,22.69034446420338
ORD00162,2025-07-19,CUST0735,P006,3,10.0,Debit Card,Delivered,CMP005,4933,3611.45,14799,1479.9,13319.1,10834.349999999999,2484.750000000002,18.655539788724475
ORD00163,2025-11-02,CUST0900,P012,2,5.0,UPI,Delivered,CMP002,5080,2793.69,10160,508.0,9652.0,5587.38,4064.62,42.11168669705761
ORD00164,2025-01-12,CUST0502,P025,1,10.0,Net Banking,Delivered,CMP002,7392,5142.33,7392,739.2,6652.8,5142.33,1510.4700000000003,22.704274891774894
ORD00165,2025-12-11,CUST0166,P024,3,15.0,Net Banking,Delivered,CMP002,972,537.49,2916,437.4,2478.6,1612.47,866.1299999999999,34.944323408375695
ORD00166,2025-07-07,CUST0703,P019,2,0.0,UPI,Cancelled,CMP002,7745,4299.97,15490,0.0,15490.0,8599.94,6890.0599999999995,44.48069722401549
ORD00167,2025-06-03,CUST0175,P017,3,10.0,UPI,Delivered,CMP002,4817,3075.17,14451,1445.1,13005.9,9225.51,3780.3899999999994,29.066731252739135
ORD00168,2025-11-30,CUST0001,P002,4,15.0,Credit Card,Delivered,CMP005,6053,3796.4,24212,3631.8,20580.2,15185.6,5394.6,26.21257325001701
ORD00169,2025-10-06,CUST0899,P011,4,10.0,Credit Card,Delivered,CMP001,7881,6026.38,31524,3152.4,28371.6,24105.52,4266.079999999998,15.036444895599818
ORD00170,2025-06-20,CUST0741,P018,1,10.0,UPI,Delivered,CMP005,6660,5091.78,6660,666.0,5994.0,5091.78,902.2200000000003,15.052052052052057
ORD00171,2025-05-14,CUST0086,P023,1,10.0,COD,Delivered,CMP005,5137,3830.78,5137,513.7,4623.3,3830.78,792.52,17.141868362425107
ORD00172,2025-01-25,CUST0574,P022,2,25.0,UPI,Returned,CMP001,5915,3970.45,11830,2957.5,8872.5,7940.9,931.6000000000004,10.499859115243733
ORD00173,2025-01-18,CUST0320,P011,3,0.0,Credit Card,Delivered,CMP001,7881,6026.38,23643,0.0,23643.0,18079.14,5563.860000000001,23.532800406039843
ORD00174,2025-07-09,CUST0401,P018,3,10.0,Debit Card,Delivered,CMP002,6660,5091.78,19980,1998.0,17982.0,15275.34,2706.66,15.052052052052051
ORD00175,2025-05-21,CUST0382,P008,1,0.0,Debit Card,Delivered,CMP002,3129,1758.81,3129,0.0,3129.0,1758.81,1370.19,43.79002876318312
ORD00176,2025-02-12,CUST0718,P015,1,0.0,Net Banking,Delivered,CMP004,5978,4066.66,5978,0.0,5978.0,4066.66,1911.3400000000001,31.972900635664104
ORD00177,2025-11-30,CUST0617,P009,2,5.0,Debit Card,Returned,CMP004,1097,712.85,2194,109.7,2084.3,1425.7,658.6000000000001,31.59813846375282
ORD00178,2025-10-11,CUST0318,P015,2,0.0,Credit Card,Delivered,CMP004,5978,4066.66,11956,0.0,11956.0,8133.32,3822.6800000000003,31.972900635664104
ORD00179,2025-05-26,CUST0803,P007,1,25.0,Debit Card,Delivered,CMP002,5886,3178.13,5886,1471.5,4414.5,3178.13,1236.37,28.007022312832706
ORD00180,2025-11-11,CUST0250,P020,1,20.0,COD,Delivered,CMP003,7452,4168.44,7452,1490.4,5961.6,4168.44,1793.1600000000008,30.078502415458946
ORD00181,2025-11-15,CUST0525,P013,1,5.0,UPI,Delivered,CMP004,6435,4995.55,6435,321.75,6113.25,4995.55,1117.6999999999998,18.283237230605646
ORD00182,2025-04-02,CUST0675,P013,2,10.0,UPI,Delivered,CMP001,6435,4995.55,12870,1287.0,11583.0,9991.1,1591.8999999999996,13.743417076750408
ORD00183,2025-06-28,CUST0555,P001,3,10.0,Credit Card,Delivered,CMP002,6748,4695.17,20244,2024.4,18219.6,14085.51,4134.089999999998,22.690344464203378
ORD00184,2025-02-25,CUST0898,P020,1,15.0,Net Banking,Delivered,CMP006,7452,4168.44,7452,1117.8,6334.2,4168.44,2165.76,34.191531685137825
ORD00185,2025-06-04,CUST0952,P004,1,10.0,UPI,Delivered,CMP002,2776,1530.45,2776,277.6,2498.4,1530.45,967.95,38.74279538904899
ORD00186,2025-06-09,CUST0623,P024,3,0.0,Debit Card,Delivered,CMP005,972,537.49,2916,0.0,2916.0,1612.47,1303.53,44.702674897119344
ORD00187,2025-04-21,CUST0717,P004,1,15.0,COD,Delivered,CMP002,2776,1530.45,2776,416.4,2359.6,1530.45,829.1499999999999,35.13943041193422
ORD00188,2025-05-17,CUST0896,P004,1,15.0,Net Banking,Delivered,CMP001,2776,1530.45,2776,416.4,2359.6,1530.45,829.1499999999999,35.13943041193422
ORD00189,2025-08-20,CUST0256,P013,4,10.0,Net Banking,Returned,CMP003,6435,4995.55,25740,2574.0,23166.0,19982.2,3183.7999999999993,13.743417076750408
ORD00190,2025-08-08,CUST0307,P002,1,20.0,Net Banking,Delivered,CMP006,6053,3796.4,6053,1210.6,4842.4,3796.4,1045.9999999999995,21.60085907814306
ORD00191,2025-03-09,CUST0950,P023,4,20.0,UPI,Delivered,CMP005,5137,3830.78,20548,4109.6,16438.4,15323.12,1115.2800000000007,6.784601907728249
ORD00192,2025-10-29,CUST0144,P015,2,10.0,Net Banking,Delivered,CMP002,5978,4066.66,11956,1195.6,10760.4,8133.32,2627.08,24.41433403962678
ORD00193,2025-09-06,CUST0658,P004,4,10.0,Credit Card,Delivered,CMP006,2776,1530.45,11104,1110.4,9993.6,6121.8,3871.8,38.74279538904899
ORD00194,2025-11-19,CUST0391,P006,2,25.0,Debit Card,Cancelled,CMP003,4933,3611.45,9866,2466.5,7399.5,7222.9,176.60000000000036,2.386647746469361
ORD00195,2025-01-06,CUST0813,P003,1,5.0,COD,Delivered,CMP001,5857,3883.91,5857,292.85,5564.15,3883.91,1680.2399999999998,30.197604306138402
ORD00196,2025-10-07,CUST0676,P007,3,5.0,Debit Card,Delivered,CMP001,5886,3178.13,17658,882.9,16775.1,9534.39,7240.709999999999,43.16343866802582
ORD00197,2025-04-04,CUST0169,P006,1,0.0,Credit Card,Delivered,CMP003,4933,3611.45,4933,0.0,4933.0,3611.45,1321.5500000000002,26.78998580985202
ORD00198,2025-09-26,CUST0990,P003,1,20.0,Credit Card,Delivered,CMP003,5857,3883.91,5857,1171.4,4685.6,3883.91,801.6900000000005,17.109655113539365
ORD00199,2025-07-16,CUST0298,P004,1,15.0,Debit Card,Delivered,CMP001,2776,1530.45,2776,416.4,2359.6,1530.45,829.1499999999999,35.13943041193422
ORD00200,2025-01-25,CUST0233,P010,1,0.0,UPI,Delivered,CMP006,3310,2109.97,3310,0.0,3310.0,2109.97,1200.0300000000002,36.254682779456196
ORD00201,2025-05-28,CUST0903,P021,2,25.0,Credit Card,Delivered,CMP005,5045,2967.68,10090,2522.5,7567.5,5935.36,1632.1400000000003,21.567756854971922
ORD00202,2025-04-28,CUST0271,P009,1,15.0,Net Banking,Delivered,CMP005,1097,712.85,1097,164.55,932.45,712.85,219.60000000000002,23.550860635959033
ORD00203,2025-12-04,CUST0060,P006,1,20.0,COD,Delivered,CMP004,4933,3611.45,4933,986.6,3946.4,3611.45,334.9500000000003,8.487482262315028
ORD00204,2025-12-04,CUST0296,P020,1,0.0,COD,Delivered,CMP004,7452,4168.44,7452,0.0,7452.0,4168.44,3283.5600000000004,44.06280193236716
ORD00205,2025-03-07,CUST0467,P011,2,10.0,Credit Card,Delivered,CMP003,7881,6026.38,15762,1576.2,14185.8,12052.76,2133.039999999999,15.036444895599818
ORD00206,2025-10-28,CUST0235,P007,2,15.0,Net Banking,Delivered,CMP004,5886,3178.13,11772,1765.8,10006.2,6356.26,3649.9400000000005,36.47678439367592
ORD00207,2025-06-24,CUST0677,P018,2,10.0,Debit Card,Delivered,CMP006,6660,5091.78,13320,1332.0,11988.0,10183.56,1804.4400000000005,15.052052052052057
ORD00208,2025-11-15,CUST0706,P004,2,10.0,COD,Returned,CMP004,2776,1530.45,5552,555.2,4996.8,3060.9,1935.9,38.74279538904899
ORD00209,2025-03-17,CUST0234,P005,2,15.0,Net Banking,Delivered,CMP002,1046,807.54,2092,313.8,1778.2,1615.08,163.12000000000012,9.173321336182664
ORD00210,2025-04-24,CUST0368,P004,1,5.0,Net Banking,Returned,CMP002,2776,1530.45,2776,138.8,2637.2,1530.45,1106.7499999999998,41.966858789625356
ORD00211,2025-04-21,CUST0695,P004,2,20.0,UPI,Delivered,CMP006,2776,1530.45,5552,1110.4,4441.6,3060.9,1380.7000000000003,31.08564481268012
ORD00212,2025-09-06,CUST0845,P013,1,0.0,Credit Card,Delivered,CMP002,6435,4995.55,6435,0.0,6435.0,4995.55,1439.4499999999998,22.369075369075368
ORD00213,2025-07-22,CUST0232,P016,2,5.0,Net Banking,Delivered,CMP005,7713,5310.71,15426,771.3,14654.7,10621.42,4033.2800000000007,27.52209188860912
ORD00214,2025-05-27,CUST0873,P025,2,0.0,Debit Card,Delivered,CMP003,7392,5142.33,14784,0.0,14784.0,10284.66,4499.34,30.4338474025974
ORD00215,2025-02-04,CUST0491,P014,2,5.0,COD,Delivered,CMP003,6801,4221.32,13602,680.1,12921.9,8442.64,4479.26,34.66409738505948
ORD00216,2025-11-05,CUST0619,P011,3,5.0,UPI,Delivered,CMP005,7881,6026.38,23643,1182.15,22460.85,18079.14,4381.709999999999,19.50821095372615
ORD00217,2025-01-26,CUST0503,P002,4,15.0,Debit Card,Delivered,CMP001,6053,3796.4,24212,3631.8,20580.2,15185.6,5394.6,26.21257325001701
ORD00218,2025-08-26,CUST0890,P022,1,10.0,COD,Delivered,CMP003,5915,3970.45,5915,591.5,5323.5,3970.45,1353.0500000000002,25.416549262703114
ORD00219,2025-01-14,CUST0735,P014,1,10.0,Credit Card,Delivered,CMP001,6801,4221.32,6801,680.1,6120.9,4221.32,1899.58,31.034325017562775
ORD00220,2025-02-14,CUST0592,P024,1,10.0,Debit Card,Delivered,CMP004,972,537.49,972,97.2,874.8,537.49,337.30999999999995,38.55852766346593
ORD00221,2025-08-04,CUST0746,P024,1,0.0,COD,Delivered,CMP001,972,537.49,972,0.0,972.0,537.49,434.51,44.702674897119344
ORD00222,2025-08-21,CUST0381,P007,2,0.0,UPI,Cancelled,CMP001,5886,3178.13,11772,0.0,11772.0,6356.26,5415.74,46.005266734624534
ORD00223,2025-07-12,CUST0696,P011,3,10.0,COD,Cancelled,CMP005,7881,6026.38,23643,2364.3,21278.7,18079.14,3199.5600000000013,15.036444895599832
ORD00224,2025-02-20,CUST0428,P004,1,10.0,Net Banking,Shipped,CMP003,2776,1530.45,2776,277.6,2498.4,1530.45,967.95,38.74279538904899
ORD00225,2025-08-02,CUST0697,P007,4,15.0,UPI,Delivered,CMP002,5886,3178.13,23544,3531.6,20012.4,12712.52,7299.880000000001,36.47678439367592
ORD00226,2025-05-31,CUST0646,P016,4,5.0,Debit Card,Cancelled,CMP004,7713,5310.71,30852,1542.6,29309.4,21242.84,8066.560000000001,27.52209188860912
ORD00227,2025-10-02,CUST0732,P006,3,15.0,Credit Card,Returned,CMP003,4933,3611.45,14799,2219.85,12579.15,10834.349999999999,1744.800000000001,13.870571541002382
ORD00228,2025-12-04,CUST0800,P006,1,15.0,UPI,Delivered,CMP003,4933,3611.45,4933,739.95,4193.05,3611.45,581.6000000000004,13.87057154100238
ORD00229,2025-03-17,CUST0364,P002,2,25.0,UPI,Delivered,CMP006,6053,3796.4,12106,3026.5,9079.5,7592.8,1486.6999999999998,16.374249683352605
ORD00230,2025-08-08,CUST0202,P024,4,0.0,UPI,Shipped,CMP005,972,537.49,3888,0.0,3888.0,2149.96,1738.04,44.702674897119344
ORD00231,2025-12-14,CUST0882,P008,3,10.0,COD,Shipped,CMP001,3129,1758.81,9387,938.7,8448.3,5276.43,3171.869999999999,37.5444764035368
ORD00232,2025-07-06,CUST0146,P007,1,10.0,Net Banking,Delivered,CMP004,5886,3178.13,5886,588.6,5297.4,3178.13,2119.2699999999995,40.00585192736059
ORD00233,2025-10-16,CUST0836,P025,1,25.0,Credit Card,Delivered,CMP001,7392,5142.33,7392,1848.0,5544.0,5142.33,401.6700000000001,7.245129870129871
ORD00234,2025-01-28,CUST0639,P024,3,0.0,Credit Card,Cancelled,CMP002,972,537.49,2916,0.0,2916.0,1612.47,1303.53,44.702674897119344
ORD00235,2025-06-29,CUST0457,P014,2,10.0,Net Banking,Delivered,CMP006,6801,4221.32,13602,1360.2,12241.8,8442.64,3799.16,31.034325017562775
ORD00236,2025-09-10,CUST0135,P009,4,5.0,COD,Delivered,CMP003,1097,712.85,4388,219.4,4168.6,2851.4,1317.2000000000003,31.59813846375282
ORD00237,2025-05-06,CUST0626,P015,4,10.0,COD,Shipped,CMP006,5978,4066.66,23912,2391.2,21520.8,16266.64,5254.16,24.41433403962678
ORD00238,2025-06-26,CUST0264,P025,2,0.0,Net Banking,Cancelled,CMP001,7392,5142.33,14784,0.0,14784.0,10284.66,4499.34,30.4338474025974
ORD00239,2025-02-06,CUST0064,P022,2,0.0,Net Banking,Returned,CMP002,5915,3970.45,11830,0.0,11830.0,7940.9,3889.1000000000004,32.8748943364328
ORD00240,2025-04-09,CUST0491,P018,2,10.0,Debit Card,Delivered,CMP002,6660,5091.78,13320,1332.0,11988.0,10183.56,1804.4400000000005,15.052052052052057
ORD00241,2025-04-08,CUST0647,P012,4,5.0,COD,Delivered,CMP002,5080,2793.69,20320,1016.0,19304.0,11174.76,8129.24,42.11168669705761
ORD00242,2025-05-07,CUST0041,P023,1,0.0,UPI,Shipped,,5137,3830.78,5137,0.0,5137.0,3830.78,1306.2199999999998,25.427681526182592
ORD00243,2025-06-17,CUST0296,P019,1,5.0,Credit Card,Delivered,CMP004,7745,4299.97,7745,387.25,7357.75,4299.97,3057.7799999999997,41.55862865685841
ORD00244,2025-03-21,CUST0003,P013,1,0.0,COD,Delivered,CMP003,6435,4995.55,6435,0.0,6435.0,4995.55,1439.4499999999998,22.369075369075368
ORD00245,2025-10-21,CUST0913,P007,2,25.0,Net Banking,Delivered,CMP004,5886,3178.13,11772,2943.0,8829.0,6356.26,2472.74,28.007022312832706
ORD00246,2025-11-29,CUST0706,P025,2,10.0,UPI,Delivered,CMP005,7392,5142.33,14784,1478.4,13305.6,10284.66,3020.9400000000005,22.704274891774894
ORD00247,2025-05-06,CUST0975,P010,1,15.0,Debit Card,Delivered,CMP006,3310,2109.97,3310,496.5,2813.5,2109.97,703.5300000000002,25.005509152301407
ORD00248,2025-12-09,CUST0110,P010,2,5.0,Debit Card,Delivered,CMP003,3310,2109.97,6620,331.0,6289.0,4219.94,2069.0600000000004,32.89966608363811
ORD00249,2025-11-06,CUST0221,P002,2,20.0,UPI,Delivered,CMP005,6053,3796.4,12106,2421.2,9684.8,7592.8,2091.999999999999,21.60085907814306
ORD00250,2025-05-30,CUST0370,P014,4,10.0,UPI,Delivered,CMP003,6801,4221.32,27204,2720.4,24483.6,16885.28,7598.32,31.034325017562775
ORD00251,2025-01-16,CUST0368,P013,3,10.0,Net Banking,Delivered,CMP005,6435,4995.55,19305,1930.5,17374.5,14986.650000000001,2387.8499999999985,13.743417076750402
ORD00252,2025-01-28,CUST0436,P022,4,10.0,Net Banking,Delivered,CMP006,5915,3970.45,23660,2366.0,21294.0,15881.8,5412.200000000001,25.416549262703114
ORD00253,2025-06-22,CUST0918,P006,1,15.0,Credit Card,Delivered,CMP001,4933,3611.45,4933,739.95,4193.05,3611.45,581.6000000000004,13.87057154100238
ORD00254,2025-02-15,CUST0004,P009,2,10.0,Credit Card,Delivered,CMP003,1097,712.85,2194,219.4,1974.6,1425.7,548.8999999999999,27.798035045072417
ORD00255,2025-11-24,CUST0244,P013,1,5.0,Debit Card,Delivered,CMP006,6435,4995.55,6435,321.75,6113.25,4995.55,1117.6999999999998,18.283237230605646
ORD00256,2025-08-24,CUST0902,P009,2,0.0,UPI,Delivered,CMP003,1097,712.85,2194,0.0,2194.0,1425.7,768.3,35.018231540565175
ORD00257,2025-08-02,CUST0166,P013,2,10.0,Debit Card,Delivered,CMP006,6435,4995.55,12870,1287.0,11583.0,9991.1,1591.8999999999996,13.743417076750408
ORD00258,2025-03-26,CUST0026,P005,3,10.0,Net Banking,Delivered,CMP002,1046,807.54,3138,313.8,2824.2,2422.62,401.5799999999999,14.219247928616952
ORD00259,2025-10-09,CUST0395,P014,1,0.0,COD,Delivered,CMP004,6801,4221.32,6801,0.0,6801.0,4221.32,2579.6800000000003,37.930892515806505
ORD00260,2025-08-20,CUST0474,P005,2,5.0,Net Banking,Delivered,CMP006,1046,807.54,2092,104.6,1987.4,1615.08,372.32000000000016,18.734024353426594
ORD00261,2025-03-26,CUST0017,P009,1,10.0,COD,Delivered,CMP003,1097,712.85,1097,109.7,987.3,712.85,274.44999999999993,27.798035045072417
ORD00262,2025-03-06,CUST0728,P008,1,15.0,UPI,Delivered,CMP003,3129,1758.81,3129,469.35,2659.65,1758.81,900.8400000000001,33.8706220743331
ORD00263,2025-05-14,CUST0092,P007,1,0.0,UPI,Shipped,CMP001,5886,3178.13,5886,0.0,5886.0,3178.13,2707.87,46.005266734624534
ORD00264,2025-05-31,CUST0483,P008,3,5.0,UPI,Returned,CMP001,3129,1758.81,9387,469.35,8917.65,5276.43,3641.2199999999993,40.83160922440329
ORD00265,2025-04-25,CUST0543,P022,2,15.0,Credit Card,Delivered,CMP003,5915,3970.45,11830,1774.5,10055.5,7940.9,2114.6000000000004,21.029287454626825
ORD00266,2025-03-05,CUST0205,P003,2,10.0,Credit Card,Delivered,CMP005,5857,3883.91,11714,1171.4,10542.6,7767.82,2774.7800000000007,26.319693434257207
ORD00267,2025-12-09,CUST0502,P023,1,5.0,COD,Shipped,CMP006,5137,3830.78,5137,256.85,4880.15,3830.78,1049.3699999999994,21.502822659139564
ORD00268,2025-12-29,CUST0931,P024,1,20.0,Debit Card,Delivered,CMP004,972,537.49,972,194.4,777.6,537.49,240.11,30.87834362139918
ORD00269,2025-12-18,CUST0400,P015,2,10.0,Debit Card,Delivered,CMP005,5978,4066.66,11956,1195.6,10760.4,8133.32,2627.08,24.41433403962678
ORD00270,2025-06-07,CUST0207,P008,1,10.0,COD,Delivered,CMP005,3129,1758.81,3129,312.9,2816.1,1758.81,1057.29,37.544476403536805
ORD00271,2025-03-18,CUST0619,P001,2,25.0,Credit Card,Shipped,CMP004,6748,4695.17,13496,3374.0,10122.0,9390.34,731.6599999999999,7.228413357044062
ORD00272,2025-05-26,CUST0146,P007,2,20.0,Net Banking,Delivered,CMP005,5886,3178.13,11772,2354.4,9417.6,6356.26,3061.34,32.50658341828066
ORD00273,2025-12-09,CUST0879,P019,2,5.0,COD,Delivered,CMP003,7745,4299.97,15490,774.5,14715.5,8599.94,6115.5599999999995,41.55862865685841
ORD00274,2025-08-13,CUST0101,P002,2,0.0,Debit Card,Delivered,CMP003,6053,3796.4,12106,0.0,12106.0,7592.8,4513.2,37.280687262514455
ORD00275,2025-11-09,CUST0880,P014,1,5.0,COD,Shipped,CMP001,6801,4221.32,6801,340.05,6460.95,4221.32,2239.63,34.66409738505948
ORD00276,2025-04-13,CUST0830,P018,4,0.0,COD,Delivered,CMP005,6660,5091.78,26640,0.0,26640.0,20367.12,6272.880000000001,23.54684684684685
ORD00277,2025-12-13,CUST0880,P015,1,0.0,UPI,Delivered,CMP001,5978,4066.66,5978,0.0,5978.0,4066.66,1911.3400000000001,31.972900635664104
ORD00278,2025-10-28,CUST0241,P014,4,5.0,Credit Card,Delivered,CMP002,6801,4221.32,27204,1360.2,25843.8,16885.28,8958.52,34.66409738505948
ORD00279,2025-03-29,CUST0923,P024,1,20.0,UPI,Delivered,CMP003,972,537.49,972,194.4,777.6,537.49,240.11,30.87834362139918
ORD00280,2025-10-30,CUST0759,P025,4,20.0,Credit Card,Delivered,CMP006,7392,5142.33,29568,5913.6,23654.4,20569.32,3085.0800000000017,13.042309253246758
ORD00281,2025-06-17,CUST0163,P019,1,10.0,COD,Cancelled,CMP005,7745,4299.97,7745,774.5,6970.5,4299.97,2670.5299999999997,38.31188580446165
ORD00282,2025-06-19,CUST0884,P019,3,10.0,Credit Card,Delivered,CMP002,7745,4299.97,23235,2323.5,20911.5,12899.91,8011.59,38.31188580446166
ORD00283,2025-05-15,CUST0173,P022,2,0.0,Debit Card,Delivered,CMP005,5915,3970.45,11830,0.0,11830.0,7940.9,3889.1000000000004,32.8748943364328
ORD00284,2025-02-19,CUST0502,P017,2,0.0,UPI,Delivered,CMP006,4817,3075.17,9634,0.0,9634.0,6150.34,3483.66,36.16005812746523
ORD00285,2025-12-06,CUST0547,P022,3,0.0,COD,Cancelled,CMP003,5915,3970.45,17745,0.0,17745.0,11911.349999999999,5833.6500000000015,32.87489433643281
ORD00286,2025-12-13,CUST0284,P019,1,15.0,Debit Card,Delivered,,7745,4299.97,7745,1161.75,6583.25,4299.97,2283.2799999999997,34.683173204724106
ORD00287,2025-05-14,CUST0359,P016,1,0.0,Credit Card,Delivered,CMP003,7713,5310.71,7713,0.0,7713.0,5310.71,2402.29,31.145987294178656
ORD00288,2025-12-13,CUST0381,P020,1,20.0,Credit Card,Delivered,CMP002,7452,4168.44,7452,1490.4,5961.6,4168.44,1793.1600000000008,30.078502415458946
ORD00289,2025-05-17,CUST0870,P025,1,10.0,Debit Card,Delivered,CMP006,7392,5142.33,7392,739.2,6652.8,5142.33,1510.4700000000003,22.704274891774894
ORD00290,2025-09-02,CUST0905,P019,2,0.0,Credit Card,Delivered,CMP005,7745,4299.97,15490,0.0,15490.0,8599.94,6890.0599999999995,44.48069722401549
ORD00291,2025-04-19,CUST0972,P001,1,0.0,UPI,Delivered,CMP004,6748,4695.17,6748,0.0,6748.0,4695.17,2052.83,30.421310017783043
ORD00292,2025-11-09,CUST0911,P019,1,10.0,Net Banking,Delivered,CMP004,7745,4299.97,7745,774.5,6970.5,4299.97,2670.5299999999997,38.31188580446165
ORD00293,2025-10-14,CUST0533,P007,4,20.0,Credit Card,Delivered,CMP006,5886,3178.13,23544,4708.8,18835.2,12712.52,6122.68,32.50658341828066
ORD00294,2025-01-21,CUST0820,P023,1,15.0,COD,Delivered,CMP002,5137,3830.78,5137,770.55,4366.45,3830.78,535.6699999999996,12.267860619038341
ORD00295,2025-03-31,CUST0163,P011,2,5.0,Credit Card,Shipped,CMP002,7881,6026.38,15762,788.1,14973.9,12052.76,2921.1399999999994,19.508210953726145
ORD00296,2025-10-23,CUST0609,P005,2,10.0,COD,Delivered,CMP002,1046,807.54,2092,209.2,1882.8,1615.08,267.72,14.219247928616955
ORD00297,2025-04-22,CUST0307,P017,2,5.0,Credit Card,Delivered,CMP005,4817,3075.17,9634,481.7,9152.3,6150.34,3001.959999999999,32.80006118680549
ORD00298,2025-10-28,CUST0339,P011,3,25.0,Credit Card,Delivered,CMP005,7881,6026.38,23643,5910.75,17732.25,18079.14,-346.8899999999994,-1.9562661252802065
ORD00299,2025-03-18,CUST0055,P024,4,15.0,COD,Delivered,CMP004,972,537.49,3888,583.2,3304.8,2149.96,1154.8400000000001,34.9443234083757
ORD00300,2025-06-26,CUST0983,P008,4,10.0,UPI,Delivered,CMP004,3129,1758.81,12516,1251.6,11264.4,7035.24,4229.16,37.544476403536805
ORD00301,2025-12-09,CUST0333,P010,1,5.0,Net Banking,Delivered,CMP002,3310,2109.97,3310,165.5,3144.5,2109.97,1034.5300000000002,32.89966608363811
ORD00302,2025-05-28,CUST0127,P012,1,10.0,Net Banking,Returned,CMP001,5080,2793.69,5080,508.0,4572.0,2793.69,1778.31,38.89566929133858
ORD00303,2025-04-11,CUST0940,P010,3,5.0,UPI,Delivered,CMP002,3310,2109.97,9930,496.5,9433.5,6329.91,3103.59,32.8996660836381
ORD00304,2025-09-03,CUST0705,P013,1,0.0,Credit Card,Delivered,CMP004,6435,4995.55,6435,0.0,6435.0,4995.55,1439.4499999999998,22.369075369075368
ORD00305,2025-04-27,CUST0243,P018,1,5.0,Net Banking,Delivered,CMP005,6660,5091.78,6660,333.0,6327.0,5091.78,1235.2200000000003,19.52299668089142
ORD00306,2025-04-02,CUST0861,P010,2,20.0,UPI,Delivered,CMP005,3310,2109.97,6620,1324.0,5296.0,4219.94,1076.0600000000004,20.31835347432025
ORD00307,2025-01-28,CUST0600,P019,3,10.0,UPI,Delivered,CMP001,7745,4299.97,23235,2323.5,20911.5,12899.91,8011.59,38.31188580446166
ORD00308,2025-01-25,CUST0848,P020,3,0.0,Net Banking,Delivered,CMP001,7452,4168.44,22356,0.0,22356.0,12505.32,9850.68,44.06280193236715
ORD00309,2025-02-27,CUST0409,P017,1,20.0,COD,Delivered,CMP006,4817,3075.17,4817,963.4,3853.6,3075.17,778.4299999999998,20.200072659331532
ORD00310,2025-10-24,CUST0503,P020,1,5.0,Debit Card,Delivered,CMP001,7452,4168.44,7452,372.6,7079.4,4168.44,2910.96,41.11873887617595
ORD00311,2025-05-14,CUST0727,P016,2,0.0,COD,Delivered,CMP003,7713,5310.71,15426,0.0,15426.0,10621.42,4804.58,31.145987294178656
ORD00312,2025-11-27,CUST0604,P005,2,5.0,Credit Card,Delivered,CMP001,1046,807.54,2092,104.6,1987.4,1615.08,372.32000000000016,18.734024353426594
ORD00313,2025-09-06,CUST0303,P003,3,10.0,COD,Shipped,CMP004,5857,3883.91,17571,1757.1,15813.9,11651.73,4162.17,26.319693434257207
ORD00314,2025-02-07,CUST0464,P015,1,10.0,Debit Card,Delivered,CMP002,5978,4066.66,5978,597.8,5380.2,4066.66,1313.54,24.41433403962678
ORD00315,2025-03-16,CUST0235,P002,1,10.0,Debit Card,Delivered,CMP002,6053,3796.4,6053,605.3,5447.7,3796.4,1651.2999999999997,30.31187473612717
ORD00316,2025-05-22,CUST0696,P013,1,15.0,UPI,Delivered,CMP004,6435,4995.55,6435,965.25,5469.75,4995.55,474.1999999999998,8.669500434206313
ORD00317,2025-11-18,CUST0038,P022,1,5.0,Credit Card,Delivered,CMP002,5915,3970.45,5915,295.75,5619.25,3970.45,1648.8000000000002,29.341994038350315
ORD00318,2025-06-17,CUST0139,P008,1,,UPI,Delivered,CMP001,3129,1758.81,3129,469.35,2659.65,1758.81,900.8400000000001,33.8706220743331
ORD00319,2025-09-16,CUST0195,P023,1,0.0,COD,Delivered,CMP004,5137,3830.78,5137,0.0,5137.0,3830.78,1306.2199999999998,25.427681526182592
ORD00320,2025-12-21,CUST0527,P017,1,15.0,COD,Delivered,CMP005,4817,3075.17,4817,722.55,4094.45,3075.17,1019.2799999999997,24.894186032312028
ORD00321,2025-08-13,CUST0769,P004,1,10.0,Net Banking,Delivered,CMP002,2776,1530.45,2776,277.6,2498.4,1530.45,967.95,38.74279538904899
ORD00322,2025-06-01,CUST0647,P019,4,15.0,UPI,Delivered,CMP002,7745,4299.97,30980,4647.0,26333.0,17199.88,9133.119999999999,34.683173204724106
ORD00323,2025-01-19,CUST0001,P022,1,10.0,UPI,Delivered,CMP001,5915,3970.45,5915,591.5,5323.5,3970.45,1353.0500000000002,25.416549262703114
ORD00324,2025-05-26,CUST0561,P025,2,10.0,UPI,Delivered,CMP003,7392,5142.33,14784,1478.4,13305.6,10284.66,3020.9400000000005,22.704274891774894
ORD00325,2025-08-29,CUST0096,P009,2,0.0,UPI,Delivered,CMP005,1097,712.85,2194,0.0,2194.0,1425.7,768.3,35.018231540565175
ORD00326,2025-12-10,CUST0713,P023,1,20.0,Debit Card,Shipped,CMP002,5137,3830.78,5137,1027.4,4109.6,3830.78,278.82000000000016,6.784601907728249
ORD00327,2025-08-25,CUST0413,P015,4,0.0,Net Banking,Delivered,CMP003,5978,4066.66,23912,0.0,23912.0,16266.64,7645.360000000001,31.972900635664104
ORD00328,2025-02-04,CUST0538,P009,1,0.0,Credit Card,Delivered,CMP001,1097,712.85,1097,0.0,1097.0,712.85,384.15,35.018231540565175
ORD00329,2025-07-09,CUST0855,P024,2,10.0,Credit Card,Delivered,CMP003,972,537.49,1944,194.4,1749.6,1074.98,674.6199999999999,38.55852766346593
ORD00330,2025-01-01,CUST0429,P021,4,15.0,Credit Card,Delivered,CMP001,5045,2967.68,20180,3027.0,17153.0,11870.72,5282.280000000001,30.7950795779164
ORD00331,2025-06-02,CUST0235,P009,1,0.0,Debit Card,Cancelled,CMP006,1097,712.85,1097,0.0,1097.0,712.85,384.15,35.018231540565175
ORD00332,2025-05-06,CUST0349,P014,4,20.0,Net Banking,Cancelled,CMP004,6801,4221.32,27204,5440.8,21763.2,16885.28,4877.920000000002,22.41361564475813
ORD00333,2025-12-11,CUST0756,P023,1,25.0,Net Banking,Delivered,CMP002,5137,3830.78,5137,1284.25,3852.75,3830.78,21.9699999999998,0.5702420349101239
ORD00334,2025-08-14,CUST0870,P021,1,10.0,Debit Card,Cancelled,CMP006,5045,2967.68,5045,504.5,4540.5,2967.68,1572.8200000000002,34.639797379143275
ORD00335,2025-08-09,CUST0481,P016,2,10.0,UPI,Delivered,CMP002,7713,5310.71,15426,1542.6,13883.4,10621.42,3261.9799999999996,23.495541437976286
ORD00336,2025-07-30,CUST0839,P024,1,15.0,COD,Delivered,CMP001,972,537.49,972,145.8,826.2,537.49,288.71000000000004,34.9443234083757
ORD00337,2025-01-25,CUST0396,P023,3,5.0,UPI,Delivered,CMP006,5137,3830.78,15411,770.55,14640.45,11492.34,3148.1100000000006,21.50282265913958
ORD00338,2025-01-16,CUST0351,P025,4,10.0,Credit Card,Delivered,CMP002,7392,5142.33,29568,2956.8,26611.2,20569.32,6041.880000000001,22.704274891774894
ORD00339,2025-07-01,CUST0416,P017,3,20.0,UPI,Cancelled,CMP006,4817,3075.17,14451,2890.2,11560.8,9225.51,2335.289999999999,20.20007265933153
ORD00340,2025-11-25,CUST0886,P013,3,25.0,Debit Card,Delivered,CMP004,6435,4995.55,19305,4826.25,14478.75,14986.650000000001,-507.90000000000146,-3.507899507899518
ORD00341,2025-05-09,CUST0916,P009,1,20.0,Credit Card,Shipped,CMP006,1097,712.85,1097,219.4,877.6,712.85,164.75,18.77278942570647
ORD00342,2025-02-11,CUST0887,P015,1,5.0,COD,Delivered,CMP005,5978,4066.66,5978,298.9,5679.1,4066.66,1612.4400000000005,28.392526984909587
ORD00343,2025-12-02,CUST0051,P007,1,0.0,Credit Card,Delivered,CMP001,5886,3178.13,5886,0.0,5886.0,3178.13,2707.87,46.005266734624534
ORD00344,2025-08-24,CUST0081,P001,4,5.0,UPI,Delivered,CMP006,6748,4695.17,26992,1349.6,25642.4,18780.68,6861.720000000001,26.759273702929526
ORD00345,2025-12-26,CUST0036,P001,3,10.0,Net Banking,Delivered,CMP001,6748,4695.17,20244,2024.4,18219.6,14085.51,4134.089999999998,22.690344464203378
ORD00346,2025-02-03,CUST0067,P005,3,5.0,Net Banking,Delivered,CMP004,1046,807.54,3138,156.9,2981.1,2422.62,558.48,18.73402435342659
ORD00347,2025-12-11,CUST0641,P024,1,5.0,Net Banking,Delivered,CMP003,972,537.49,972,48.6,923.4,537.49,385.90999999999997,41.79228936538878
ORD00348,2025-02-14,CUST0882,P009,2,10.0,Credit Card,Shipped,CMP004,1097,712.85,2194,219.4,1974.6,1425.7,548.8999999999999,27.798035045072417
ORD00349,2025-05-14,CUST0667,P012,4,15.0,Net Banking,Delivered,CMP005,5080,2793.69,20320,3048.0,17272.0,11174.76,6097.24,35.301296896711435
ORD00350,2025-01-21,CUST0757,P006,2,15.0,Debit Card,Delivered,CMP005,4933,3611.45,9866,1479.9,8386.1,7222.9,1163.2000000000007,13.87057154100238
ORD00351,2025-05-02,CUST0623,P013,4,15.0,COD,Delivered,CMP005,6435,4995.55,25740,3861.0,21879.0,19982.2,1896.7999999999993,8.669500434206313
ORD00352,2025-03-11,CUST0680,P008,4,0.0,Net Banking,Delivered,CMP005,3129,1758.81,12516,0.0,12516.0,7035.24,5480.76,43.79002876318312
ORD00353,2025-12-18,CUST0481,P015,2,0.0,Debit Card,Delivered,CMP003,5978,4066.66,11956,0.0,11956.0,8133.32,3822.6800000000003,31.972900635664104
ORD00354,2025-12-27,CUST0468,P006,1,15.0,Debit Card,Shipped,CMP006,4933,3611.45,4933,739.95,4193.05,3611.45,581.6000000000004,13.87057154100238
ORD00355,2025-02-17,CUST0142,P006,2,10.0,Credit Card,Delivered,CMP005,4933,3611.45,9866,986.6,8879.4,7222.9,1656.5,18.655539788724465
ORD00356,2025-02-08,CUST0356,P004,2,10.0,Credit Card,Delivered,CMP005,2776,1530.45,5552,555.2,4996.8,3060.9,1935.9,38.74279538904899
ORD00357,2025-10-14,CUST0709,P011,1,0.0,COD,Delivered,CMP006,7881,6026.38,7881,0.0,7881.0,6026.38,1854.62,23.53280040603984
ORD00358,2025-01-10,CUST0471,P021,1,5.0,COD,Shipped,CMP001,5045,2967.68,5045,252.25,4792.75,2967.68,1825.0700000000002,38.07980804339889
ORD00359,2025-01-30,CUST0621,P018,1,10.0,UPI,Delivered,CMP002,6660,5091.78,6660,666.0,5994.0,5091.78,902.2200000000003,15.052052052052057
ORD00360,2025-09-01,CUST0888,P003,3,20.0,COD,Shipped,CMP005,5857,3883.91,17571,3514.2,14056.8,11651.73,2405.0699999999997,17.109655113539354
ORD00361,2025-10-01,CUST0591,P003,4,20.0,Credit Card,Delivered,CMP001,5857,3883.91,23428,4685.6,18742.4,15535.64,3206.760000000002,17.109655113539365
ORD00362,2025-03-29,CUST0902,P012,4,10.0,Debit Card,Delivered,CMP003,5080,2793.69,20320,2032.0,18288.0,11174.76,7113.24,38.89566929133858
ORD00363,2025-09-01,CUST0673,P021,1,10.0,UPI,Delivered,CMP006,5045,2967.68,5045,504.5,4540.5,2967.68,1572.8200000000002,34.639797379143275
ORD00364,2025-11-25,CUST0439,P021,4,20.0,COD,Delivered,CMP001,5045,2967.68,20180,4036.0,16144.0,11870.72,4273.280000000001,26.46977205153618
ORD00365,2025-01-15,CUST0531,P006,4,10.0,Debit Card,Delivered,CMP006,4933,3611.45,19732,1973.2,17758.8,14445.8,3313.0,18.655539788724465
ORD00366,2025-01-04,CUST0127,P021,4,10.0,Credit Card,Delivered,CMP006,5045,2967.68,20180,2018.0,18162.0,11870.72,6291.280000000001,34.639797379143275
ORD00367,2025-07-10,CUST0205,P006,3,20.0,Net Banking,Delivered,CMP002,4933,3611.45,14799,2959.8,11839.2,10834.349999999999,1004.8500000000022,8.487482262315039
ORD00368,2025-06-17,CUST0029,P008,1,15.0,UPI,Returned,CMP005,3129,1758.81,3129,469.35,2659.65,1758.81,900.8400000000001,33.8706220743331
ORD00369,2025-01-09,CUST0445,P015,4,20.0,Debit Card,Delivered,CMP001,5978,4066.66,23912,4782.4,19129.6,16266.64,2862.959999999999,14.966125794580124
ORD00370,2025-04-19,CUST0966,P018,3,0.0,Credit Card,Shipped,CMP005,6660,5091.78,19980,0.0,19980.0,15275.34,4704.66,23.546846846846847
ORD00371,2025-05-17,CUST0719,P020,1,10.0,Credit Card,Delivered,CMP003,7452,4168.44,7452,745.2,6706.8,4168.44,2538.3600000000006,37.847557702630176
ORD00372,2025-06-03,CUST0464,P016,3,20.0,UPI,Delivered,CMP006,7713,5310.71,23139,4627.8,18511.2,15932.130000000001,2579.0699999999997,13.932484117723323
ORD00373,2025-07-28,CUST0280,P006,4,0.0,UPI,Returned,CMP002,4933,3611.45,19732,0.0,19732.0,14445.8,5286.200000000001,26.78998580985202
ORD00374,2025-09-29,CUST0151,P021,2,15.0,COD,Cancelled,CMP004,5045,2967.68,10090,1513.5,8576.5,5935.36,2641.1400000000003,30.7950795779164
ORD00375,2025-05-23,CUST0240,P017,3,0.0,COD,Delivered,CMP005,4817,3075.17,14451,0.0,14451.0,9225.51,5225.49,36.16005812746523
ORD00376,2025-04-09,CUST0266,P009,2,15.0,UPI,Delivered,CMP002,1097,712.85,2194,329.1,1864.9,1425.7,439.20000000000005,23.550860635959033
ORD00377,2025-11-04,CUST0694,P019,1,10.0,UPI,Cancelled,CMP005,7745,4299.97,7745,774.5,6970.5,4299.97,2670.5299999999997,38.31188580446165
ORD00378,2025-03-10,CUST0105,P018,1,0.0,Debit Card,Delivered,CMP006,6660,5091.78,6660,0.0,6660.0,5091.78,1568.2200000000003,23.54684684684685
ORD00379,2025-09-04,CUST0937,P025,1,10.0,COD,Cancelled,CMP004,7392,5142.33,7392,739.2,6652.8,5142.33,1510.4700000000003,22.704274891774894
ORD00380,2025-09-18,CUST0433,P023,3,15.0,Credit Card,Delivered,CMP005,5137,3830.78,15411,2311.65,13099.35,11492.34,1607.0100000000002,12.267860619038352
ORD00381,2025-10-03,CUST0913,P005,1,10.0,COD,Delivered,CMP003,1046,807.54,1046,104.6,941.4,807.54,133.86,14.219247928616955
ORD00382,2025-03-20,CUST0497,P006,1,5.0,COD,Cancelled,CMP004,4933,3611.45,4933,246.65,4686.35,3611.45,1074.9000000000005,22.936827168265292
ORD00383,2025-05-26,CUST0440,P012,2,20.0,UPI,Delivered,CMP001,5080,2793.69,10160,2032.0,8128.0,5587.38,2540.62,31.257627952755907
ORD00384,2025-04-21,CUST0748,P011,1,10.0,UPI,Delivered,CMP003,7881,6026.38,7881,788.1,7092.9,6026.38,1066.5199999999995,15.036444895599818
ORD00385,2025-09-15,CUST0685,P016,1,10.0,COD,Delivered,CMP004,7713,5310.71,7713,771.3,6941.7,5310.71,1630.9899999999998,23.495541437976286
ORD00386,2025-04-03,CUST0158,P020,1,0.0,Net Banking,Delivered,CMP004,7452,4168.44,7452,0.0,7452.0,4168.44,3283.5600000000004,44.06280193236716
ORD00387,2025-01-13,CUST0172,P017,1,20.0,Net Banking,Delivered,CMP001,4817,3075.17,4817,963.4,3853.6,3075.17,778.4299999999998,20.200072659331532
ORD00388,2025-09-17,CUST0494,P020,1,0.0,COD,Delivered,CMP002,7452,4168.44,7452,0.0,7452.0,4168.44,3283.5600000000004,44.06280193236716
ORD00389,2025-04-19,CUST0970,P009,2,10.0,Net Banking,Delivered,CMP005,1097,712.85,2194,219.4,1974.6,1425.7,548.8999999999999,27.798035045072417
ORD00390,2025-11-26,CUST0311,P001,2,15.0,COD,Delivered,CMP001,6748,4695.17,13496,2024.4,11471.6,9390.34,2081.26,18.142717667980058
ORD00391,2025-07-08,CUST0403,P003,3,0.0,UPI,Delivered,CMP003,5857,3883.91,17571,0.0,17571.0,11651.73,5919.27,33.68772409083148
ORD00392,2025-04-05,CUST0669,P021,2,10.0,UPI,Delivered,CMP002,5045,2967.68,10090,1009.0,9081.0,5935.36,3145.6400000000003,34.639797379143275
ORD00393,2025-04-15,CUST0770,P023,2,0.0,UPI,Delivered,CMP003,5137,3830.78,10274,0.0,10274.0,7661.56,2612.4399999999996,25.427681526182592
ORD00394,2025-01-08,CUST0676,P009,2,15.0,Credit Card,Delivered,CMP006,1097,712.85,2194,329.1,1864.9,1425.7,439.20000000000005,23.550860635959033
ORD00395,2025-03-08,CUST0659,P022,3,10.0,UPI,Delivered,CMP006,5915,3970.45,17745,1774.5,15970.5,11911.349999999999,4059.1500000000015,25.41654926270312
ORD00396,2025-07-10,CUST0903,P019,4,20.0,UPI,Delivered,CMP002,7745,4299.97,30980,6196.0,24784.0,17199.88,7584.119999999999,30.600871530019365
ORD00397,2025-09-13,CUST0666,P013,2,20.0,COD,Shipped,CMP002,6435,4995.55,12870,2574.0,10296.0,9991.1,304.89999999999964,2.961344211344208
ORD00398,2025-01-09,CUST0463,P023,3,10.0,Net Banking,Delivered,CMP006,5137,3830.78,15411,1541.1,13869.9,11492.34,2377.5599999999995,17.141868362425107
ORD00399,2025-04-27,CUST0367,P014,3,15.0,Net Banking,Delivered,CMP006,6801,4221.32,20403,3060.45,17342.55,12663.96,4678.59,26.977520606831177
ORD00400,2025-09-24,CUST0550,P020,3,10.0,UPI,Delivered,CMP001,7452,4168.44,22356,2235.6,20120.4,12505.32,7615.080000000002,37.847557702630176
ORD00401,2025-04-09,CUST0643,P019,3,5.0,UPI,Cancelled,CMP005,7745,4299.97,23235,1161.75,22073.25,12899.91,9173.34,41.55862865685842
ORD00402,2025-10-25,CUST0870,P023,1,10.0,UPI,Cancelled,CMP002,5137,3830.78,5137,513.7,4623.3,3830.78,792.52,17.141868362425107
ORD00403,2025-06-13,CUST0255,P007,1,20.0,COD,Delivered,CMP003,5886,3178.13,5886,1177.2,4708.8,3178.13,1530.67,32.50658341828066
ORD00404,2025-05-21,CUST0208,P004,2,5.0,COD,Delivered,CMP001,2776,1530.45,5552,277.6,5274.4,3060.9,2213.4999999999995,41.966858789625356
ORD00405,2025-09-25,CUST0450,P012,3,5.0,COD,Delivered,CMP006,5080,2793.69,15240,762.0,14478.0,8381.07,6096.93,42.11168669705761
ORD00406,2025-02-06,CUST0095,P023,1,5.0,Net Banking,Delivered,CMP005,5137,3830.78,5137,256.85,4880.15,3830.78,1049.3699999999994,21.502822659139564
ORD00407,2025-03-15,CUST0860,P014,3,10.0,Credit Card,Delivered,CMP002,6801,4221.32,20403,2040.3,18362.7,12663.96,5698.740000000002,31.034325017562786
ORD00408,2025-03-14,CUST0839,P002,1,0.0,Net Banking,Delivered,CMP004,6053,3796.4,6053,0.0,6053.0,3796.4,2256.6,37.280687262514455
ORD00409,2025-11-04,CUST0478,P001,1,10.0,COD,Delivered,CMP002,6748,4695.17,6748,674.8,6073.2,4695.17,1378.0299999999997,22.69034446420338
ORD00410,2025-07-18,CUST0683,P018,3,10.0,Debit Card,Delivered,CMP001,6660,5091.78,19980,1998.0,17982.0,15275.34,2706.66,15.052052052052051
ORD00411,2025-05-10,CUST0762,P020,1,10.0,Credit Card,Delivered,CMP003,7452,4168.44,7452,745.2,6706.8,4168.44,2538.3600000000006,37.847557702630176
ORD00412,2025-09-03,CUST0190,P008,2,5.0,UPI,Delivered,CMP004,3129,1758.81,6258,312.9,5945.1,3517.62,2427.4800000000005,40.831609224403294
ORD00413,2025-11-08,CUST0711,P003,3,10.0,Net Banking,Delivered,CMP001,5857,3883.91,17571,1757.1,15813.9,11651.73,4162.17,26.319693434257207
ORD00414,2025-03-01,CUST0484,P006,2,20.0,Credit Card,Delivered,CMP003,4933,3611.45,9866,1973.2,7892.8,7222.9,669.9000000000005,8.487482262315028
ORD00415,2025-10-06,CUST0733,P022,1,25.0,Debit Card,Delivered,CMP003,5915,3970.45,5915,1478.75,4436.25,3970.45,465.8000000000002,10.499859115243733
ORD00416,2025-04-13,CUST0536,P013,4,10.0,Credit Card,Returned,CMP004,6435,4995.55,25740,2574.0,23166.0,19982.2,3183.7999999999993,13.743417076750408
ORD00417,2025-10-23,CUST0756,P009,4,0.0,Net Banking,Delivered,CMP002,1097,712.85,4388,0.0,4388.0,2851.4,1536.6,35.018231540565175
ORD00418,2025-11-16,CUST0423,P009,3,25.0,COD,Delivered,CMP001,1097,712.85,3291,822.75,2468.25,2138.55,329.6999999999998,13.357642054086897
ORD00419,2025-12-07,CUST0836,P020,1,15.0,UPI,Shipped,CMP002,7452,4168.44,7452,1117.8,6334.2,4168.44,2165.76,34.191531685137825
ORD00420,2025-05-31,CUST0640,P009,1,5.0,COD,Returned,CMP003,1097,712.85,1097,54.85,1042.15,712.85,329.30000000000007,31.59813846375282
ORD00421,2025-06-06,CUST0605,P015,1,0.0,COD,Delivered,CMP004,5978,4066.66,5978,0.0,5978.0,4066.66,1911.3400000000001,31.972900635664104
ORD00422,2025-07-25,CUST0812,P013,4,0.0,Net Banking,Delivered,CMP006,6435,4995.55,25740,0.0,25740.0,19982.2,5757.799999999999,22.369075369075368
ORD00423,2025-06-28,CUST0133,P022,2,0.0,COD,Delivered,CMP002,5915,3970.45,11830,0.0,11830.0,7940.9,3889.1000000000004,32.8748943364328
ORD00424,2025-07-16,CUST0055,P016,4,0.0,COD,Returned,CMP004,7713,5310.71,30852,0.0,30852.0,21242.84,9609.16,31.145987294178656
ORD00425,2025-08-11,CUST0989,P002,2,20.0,Net Banking,Delivered,CMP001,6053,3796.4,12106,2421.2,9684.8,7592.8,2091.999999999999,21.60085907814306
ORD00426,2025-03-30,CUST0510,P014,2,10.0,Net Banking,Delivered,CMP002,6801,4221.32,13602,1360.2,12241.8,8442.64,3799.16,31.034325017562775
ORD00427,2025-10-14,CUST0670,P006,1,15.0,Debit Card,Cancelled,CMP003,4933,3611.45,4933,739.95,4193.05,3611.45,581.6000000000004,13.87057154100238
ORD00428,2025-10-03,CUST0541,P002,4,15.0,COD,Delivered,CMP004,6053,3796.4,24212,3631.8,20580.2,15185.6,5394.6,26.21257325001701
ORD00429,2025-08-24,CUST0410,P008,4,15.0,Credit Card,Delivered,CMP006,3129,1758.81,12516,1877.4,10638.6,7035.24,3603.3600000000006,33.8706220743331
ORD00430,2025-07-02,CUST0211,P004,1,20.0,UPI,Delivered,CMP005,2776,1530.45,2776,555.2,2220.8,1530.45,690.3500000000001,31.08564481268012
ORD00431,2025-07-28,CUST0666,P021,3,25.0,UPI,Delivered,CMP001,5045,2967.68,15135,3783.75,11351.25,8903.039999999999,2448.210000000001,21.56775685497193
ORD00432,2025-05-10,CUST0293,P024,2,10.0,Net Banking,Delivered,CMP004,972,537.49,1944,194.4,1749.6,1074.98,674.6199999999999,38.55852766346593
ORD00433,2025-06-02,CUST0987,P014,2,25.0,Net Banking,Delivered,CMP005,6801,4221.32,13602,3400.5,10201.5,8442.64,1758.8600000000006,17.241190021075337
ORD00434,2025-01-13,CUST0734,P011,2,15.0,Debit Card,Delivered,CMP003,7881,6026.38,15762,2364.3,13397.7,12052.76,1344.9400000000005,10.038588712988053
ORD00435,2025-05-02,CUST0115,P024,2,0.0,COD,Cancelled,CMP006,972,537.49,1944,0.0,1944.0,1074.98,869.02,44.702674897119344
ORD00436,2025-12-25,CUST0949,P014,1,15.0,Net Banking,Delivered,CMP001,6801,4221.32,6801,1020.15,5780.85,4221.32,1559.5300000000007,26.977520606831185
ORD00437,2025-08-08,CUST0670,P012,1,15.0,Net Banking,Delivered,CMP005,5080,2793.69,5080,762.0,4318.0,2793.69,1524.31,35.301296896711435
ORD00438,2025-04-16,CUST0259,P016,1,20.0,UPI,Delivered,CMP002,7713,5310.71,7713,1542.6,6170.4,5310.71,859.6899999999996,13.932484117723318
ORD00439,2025-03-11,CUST0763,P006,1,5.0,COD,Delivered,CMP004,4933,3611.45,4933,246.65,4686.35,3611.45,1074.9000000000005,22.936827168265292
ORD00440,2025-07-14,CUST0122,P020,1,10.0,Debit Card,Delivered,CMP004,7452,4168.44,7452,745.2,6706.8,4168.44,2538.3600000000006,37.847557702630176
ORD00441,2025-07-05,CUST0299,P001,3,0.0,Net Banking,Delivered,CMP002,6748,4695.17,20244,0.0,20244.0,14085.51,6158.49,30.421310017783043
ORD00442,2025-04-09,CUST0775,P012,1,5.0,Net Banking,Delivered,CMP006,5080,2793.69,5080,254.0,4826.0,2793.69,2032.31,42.11168669705761
ORD00443,2025-03-23,CUST0381,P007,1,0.0,Net Banking,Delivered,CMP001,5886,3178.13,5886,0.0,5886.0,3178.13,2707.87,46.005266734624534
ORD00444,2025-03-16,CUST0561,P008,1,10.0,UPI,Delivered,CMP001,3129,1758.81,3129,312.9,2816.1,1758.81,1057.29,37.544476403536805
ORD00445,2025-12-06,CUST0889,P009,1,15.0,Net Banking,Cancelled,CMP006,1097,712.85,1097,164.55,932.45,712.85,219.60000000000002,23.550860635959033
ORD00446,2025-07-11,CUST0841,P002,4,0.0,Net Banking,Delivered,CMP001,6053,3796.4,24212,0.0,24212.0,15185.6,9026.4,37.280687262514455
ORD00447,2025-11-21,CUST0501,P017,1,10.0,UPI,Delivered,CMP003,4817,3075.17,4817,481.7,4335.3,3075.17,1260.13,29.066731252739142
ORD00448,2025-08-02,CUST0297,P020,3,0.0,Net Banking,Delivered,CMP005,7452,4168.44,22356,0.0,22356.0,12505.32,9850.68,44.06280193236715
ORD00449,2025-11-11,CUST0362,P013,2,0.0,COD,Shipped,CMP005,6435,4995.55,12870,0.0,12870.0,9991.1,2878.8999999999996,22.369075369075368
ORD00450,2025-11-14,CUST0589,P005,1,10.0,COD,Delivered,CMP006,1046,807.54,1046,104.6,941.4,807.54,133.86,14.219247928616955
ORD00451,2025-05-24,CUST0463,P010,1,0.0,UPI,Delivered,CMP005,3310,2109.97,3310,0.0,3310.0,2109.97,1200.0300000000002,36.254682779456196
ORD00452,2025-08-04,CUST0438,P012,1,10.0,COD,Returned,CMP005,5080,2793.69,5080,508.0,4572.0,2793.69,1778.31,38.89566929133858
ORD00453,2025-12-27,CUST0127,P017,4,0.0,Debit Card,Returned,CMP006,4817,3075.17,19268,0.0,19268.0,12300.68,6967.32,36.16005812746523
ORD00454,2025-11-20,CUST0197,P021,4,0.0,Net Banking,Cancelled,CMP003,5045,2967.68,20180,0.0,20180.0,11870.72,8309.28,41.17581764122894
ORD00455,2025-01-15,CUST0221,P006,2,10.0,Debit Card,Delivered,CMP002,4933,3611.45,9866,986.6,8879.4,7222.9,1656.5,18.655539788724465
ORD00456,2025-08-05,CUST0995,P003,1,10.0,COD,Cancelled,CMP005,5857,3883.91,5857,585.7,5271.3,3883.91,1387.3900000000003,26.319693434257207
ORD00457,2025-02-04,CUST0091,P015,4,0.0,UPI,Delivered,CMP001,5978,4066.66,23912,0.0,23912.0,16266.64,7645.360000000001,31.972900635664104
ORD00458,2025-07-02,CUST0411,P007,2,10.0,UPI,Delivered,CMP001,5886,3178.13,11772,1177.2,10594.8,6356.26,4238.539999999999,40.00585192736059
ORD00459,2025-09-27,CUST0008,P006,1,20.0,Debit Card,Delivered,CMP005,4933,3611.45,4933,986.6,3946.4,3611.45,334.9500000000003,8.487482262315028
ORD00460,2025-12-24,CUST0544,P004,1,15.0,COD,Delivered,CMP006,2776,1530.45,2776,416.4,2359.6,1530.45,829.1499999999999,35.13943041193422
ORD00461,2025-04-10,CUST0468,P019,1,0.0,Net Banking,Delivered,CMP003,7745,4299.97,7745,0.0,7745.0,4299.97,3445.0299999999997,44.48069722401549
ORD00462,2025-01-07,CUST0320,P005,1,10.0,COD,Delivered,CMP001,1046,807.54,1046,104.6,941.4,807.54,133.86,14.219247928616955
ORD00463,2025-01-30,CUST0394,P003,1,10.0,COD,Delivered,CMP003,5857,3883.91,5857,585.7,5271.3,3883.91,1387.3900000000003,26.319693434257207
ORD00464,2025-11-01,CUST0269,P025,3,0.0,UPI,Delivered,CMP003,7392,5142.33,22176,0.0,22176.0,15426.99,6749.01,30.4338474025974
ORD00465,2025-05-24,CUST0191,P009,4,20.0,Credit Card,Delivered,CMP002,1097,712.85,4388,877.6,3510.4,2851.4,659.0,18.77278942570647
ORD00466,2025-04-21,CUST0861,P006,2,20.0,Net Banking,Delivered,CMP004,4933,3611.45,9866,1973.2,7892.8,7222.9,669.9000000000005,8.487482262315028
ORD00467,2025-08-20,CUST0675,P013,3,20.0,Net Banking,Cancelled,CMP001,6435,4995.55,19305,3861.0,15444.0,14986.650000000001,457.34999999999854,2.961344211344202
ORD00468,2025-06-28,CUST0061,P022,2,15.0,UPI,Delivered,CMP003,5915,3970.45,11830,1774.5,10055.5,7940.9,2114.6000000000004,21.029287454626825
ORD00469,2025-03-13,CUST0438,P020,2,15.0,COD,Cancelled,CMP006,7452,4168.44,14904,2235.6,12668.4,8336.88,4331.52,34.191531685137825
ORD00470,2025-07-29,CUST0264,P004,4,10.0,UPI,Delivered,CMP005,2776,1530.45,11104,1110.4,9993.6,6121.8,3871.8,38.74279538904899
ORD00471,2025-08-08,CUST0797,P002,2,10.0,COD,Delivered,CMP001,6053,3796.4,12106,1210.6,10895.4,7592.8,3302.5999999999995,30.31187473612717
ORD00472,2025-03-21,CUST0095,P004,2,15.0,Credit Card,Delivered,CMP003,2776,1530.45,5552,832.8,4719.2,3060.9,1658.2999999999997,35.13943041193422
ORD00473,2025-03-24,CUST0553,P008,1,10.0,Credit Card,Delivered,CMP001,3129,1758.81,3129,312.9,2816.1,1758.81,1057.29,37.544476403536805
ORD00474,2025-02-11,CUST0926,P013,2,5.0,Debit Card,Delivered,CMP006,6435,4995.55,12870,643.5,12226.5,9991.1,2235.3999999999996,18.283237230605646
ORD00475,2025-09-30,CUST0470,P010,1,5.0,COD,Delivered,CMP002,3310,2109.97,3310,165.5,3144.5,2109.97,1034.5300000000002,32.89966608363811
ORD00476,2025-07-10,CUST0661,P018,1,20.0,UPI,Delivered,CMP006,6660,5091.78,6660,1332.0,5328.0,5091.78,236.22000000000025,4.4335585585585635
ORD00477,2025-06-22,CUST0716,P009,1,0.0,UPI,Shipped,CMP005,1097,712.85,1097,0.0,1097.0,712.85,384.15,35.018231540565175
ORD00478,2025-01-07,CUST0779,P001,2,15.0,UPI,Delivered,CMP003,6748,4695.17,13496,2024.4,11471.6,9390.34,2081.26,18.142717667980058
ORD00479,2025-06-04,CUST0514,P013,1,25.0,Debit Card,Delivered,CMP002,6435,4995.55,6435,1608.75,4826.25,4995.55,-169.30000000000018,-3.507899507899512
ORD00480,2025-01-10,CUST0690,P018,1,15.0,Net Banking,Returned,CMP006,6660,5091.78,6660,999.0,5661.0,5091.78,569.2200000000003,10.055113937466883
ORD00481,2025-02-03,CUST0937,P015,1,25.0,UPI,Cancelled,CMP001,5978,4066.66,5978,1494.5,4483.5,4066.66,416.84000000000015,9.297200847552139
ORD00482,2025-02-05,CUST0194,P002,1,15.0,Credit Card,Delivered,CMP001,6053,3796.4,6053,907.95,5145.05,3796.4,1348.65,26.21257325001701
ORD00483,2025-01-06,CUST0482,P011,2,0.0,UPI,Delivered,CMP002,7881,6026.38,15762,0.0,15762.0,12052.76,3709.24,23.53280040603984
ORD00484,2025-08-03,CUST0899,P014,1,15.0,UPI,Delivered,CMP004,6801,4221.32,6801,1020.15,5780.85,4221.32,1559.5300000000007,26.977520606831185
ORD00485,2025-05-14,CUST0336,P022,2,5.0,UPI,Cancelled,CMP002,5915,3970.45,11830,591.5,11238.5,7940.9,3297.6000000000004,29.341994038350315
ORD00486,2025-10-12,CUST0435,P015,1,10.0,Net Banking,Delivered,CMP006,5978,4066.66,5978,597.8,5380.2,4066.66,1313.54,24.41433403962678
ORD00487,2025-05-06,CUST0196,P014,1,5.0,UPI,Delivered,CMP002,6801,4221.32,6801,340.05,6460.95,4221.32,2239.63,34.66409738505948
ORD00488,2025-12-03,CUST0855,P016,1,5.0,Net Banking,Shipped,CMP005,7713,5310.71,7713,385.65,7327.35,5310.71,2016.6400000000003,27.52209188860912
ORD00489,2025-06-23,CUST0249,P023,1,10.0,Net Banking,Shipped,CMP001,5137,3830.78,5137,513.7,4623.3,3830.78,792.52,17.141868362425107
ORD00490,2025-06-01,CUST0498,P015,1,5.0,Debit Card,Returned,CMP002,5978,4066.66,5978,298.9,5679.1,4066.66,1612.4400000000005,28.392526984909587
ORD00491,2025-11-27,CUST0212,P019,3,10.0,Credit Card,Delivered,CMP002,7745,4299.97,23235,2323.5,20911.5,12899.91,8011.59,38.31188580446166
ORD00492,2025-01-26,CUST0665,P009,1,15.0,UPI,Delivered,CMP006,1097,712.85,1097,164.55,932.45,712.85,219.60000000000002,23.550860635959033
ORD00493,2025-04-25,CUST0670,P005,3,5.0,UPI,Delivered,CMP001,1046,807.54,3138,156.9,2981.1,2422.62,558.48,18.73402435342659
ORD00494,2025-10-11,CUST0466,P005,1,0.0,UPI,Delivered,CMP005,1046,807.54,1046,0.0,1046.0,807.54,238.46000000000004,22.797323135755263
ORD00495,2025-03-16,CUST0874,P011,1,10.0,Net Banking,Delivered,CMP002,7881,6026.38,7881,788.1,7092.9,6026.38,1066.5199999999995,15.036444895599818
ORD00496,2025-06-15,CUST0651,P020,3,10.0,COD,Delivered,CMP005,7452,4168.44,22356,2235.6,20120.4,12505.32,7615.080000000002,37.847557702630176
ORD00497,2025-07-08,CUST0221,P025,4,20.0,Credit Card,Returned,CMP002,7392,5142.33,29568,5913.6,23654.4,20569.32,3085.0800000000017,13.042309253246758
ORD00498,2025-03-19,CUST0273,P024,1,0.0,UPI,Returned,CMP002,972,537.49,972,0.0,972.0,537.49,434.51,44.702674897119344
ORD00499,2025-03-31,CUST0154,P004,1,20.0,COD,Delivered,CMP004,2776,1530.45,2776,555.2,2220.8,1530.45,690.3500000000001,31.08564481268012
ORD00500,2025-06-25,CUST0249,P020,4,10.0,COD,Delivered,CMP002,7452,4168.44,29808,2980.8,26827.2,16673.76,10153.440000000002,37.847557702630176
ORD00501,2025-01-21,CUST0279,P018,1,10.0,COD,Delivered,CMP003,6660,5091.78,6660,666.0,5994.0,5091.78,902.2200000000003,15.052052052052057
ORD00502,2025-02-23,CUST0440,P025,2,0.0,Credit Card,Cancelled,CMP001,7392,5142.33,14784,0.0,14784.0,10284.66,4499.34,30.4338474025974
ORD00503,2025-07-03,CUST0948,P003,1,10.0,COD,Delivered,CMP005,5857,3883.91,5857,585.7,5271.3,3883.91,1387.3900000000003,26.319693434257207
ORD00504,2025-12-25,CUST0816,P004,1,0.0,UPI,Shipped,CMP003,2776,1530.45,2776,0.0,2776.0,1530.45,1245.55,44.86851585014409
ORD00505,2025-08-10,CUST0276,P014,2,5.0,UPI,Cancelled,CMP001,6801,4221.32,13602,680.1,12921.9,8442.64,4479.26,34.66409738505948
ORD00506,2025-11-11,CUST0514,P007,1,10.0,Debit Card,Shipped,CMP005,5886,3178.13,5886,588.6,5297.4,3178.13,2119.2699999999995,40.00585192736059
ORD00507,2025-11-24,CUST0088,P008,1,15.0,Net Banking,Delivered,CMP001,3129,1758.81,3129,469.35,2659.65,1758.81,900.8400000000001,33.8706220743331
ORD00508,2025-06-28,CUST0799,P024,1,15.0,COD,Returned,CMP004,972,537.49,972,145.8,826.2,537.49,288.71000000000004,34.9443234083757
ORD00509,2025-10-03,CUST0923,P016,4,10.0,Net Banking,Cancelled,CMP004,7713,5310.71,30852,3085.2,27766.8,21242.84,6523.959999999999,23.495541437976286
ORD00510,2025-04-22,CUST0642,P020,2,10.0,Net Banking,Delivered,CMP006,7452,4168.44,14904,1490.4,13413.6,8336.88,5076.720000000001,37.847557702630176
ORD00511,2025-08-12,CUST0505,P015,1,5.0,Net Banking,Delivered,CMP001,5978,4066.66,5978,298.9,5679.1,4066.66,1612.4400000000005,28.392526984909587
ORD00512,2025-08-02,CUST0590,P007,2,25.0,Net Banking,Cancelled,CMP004,5886,3178.13,11772,2943.0,8829.0,6356.26,2472.74,28.007022312832706
ORD00513,2025-02-28,CUST0772,P017,1,10.0,Net Banking,Delivered,CMP003,4817,3075.17,4817,481.7,4335.3,3075.17,1260.13,29.066731252739142
ORD00514,2025-11-23,CUST0241,P022,1,5.0,UPI,Delivered,CMP003,5915,3970.45,5915,295.75,5619.25,3970.45,1648.8000000000002,29.341994038350315
ORD00515,2025-04-19,CUST0653,P022,4,0.0,Credit Card,Cancelled,CMP003,5915,3970.45,23660,0.0,23660.0,15881.8,7778.200000000001,32.8748943364328
ORD00516,2025-06-06,CUST0740,P022,4,10.0,COD,Cancelled,CMP002,5915,3970.45,23660,2366.0,21294.0,15881.8,5412.200000000001,25.416549262703114
ORD00517,2025-07-10,CUST0675,P012,2,10.0,COD,Delivered,CMP003,5080,2793.69,10160,1016.0,9144.0,5587.38,3556.62,38.89566929133858
ORD00518,2025-07-19,CUST0236,P018,2,0.0,UPI,Delivered,CMP004,6660,5091.78,13320,0.0,13320.0,10183.56,3136.4400000000005,23.54684684684685
ORD00519,2025-11-08,CUST0128,P024,1,20.0,UPI,Delivered,CMP003,972,537.49,972,194.4,777.6,537.49,240.11,30.87834362139918
ORD00520,2025-07-15,CUST0503,P014,2,15.0,Net Banking,Delivered,,6801,4221.32,13602,2040.3,11561.7,8442.64,3119.0600000000013,26.977520606831185
ORD00521,2025-02-04,CUST0200,P015,2,10.0,Credit Card,Returned,CMP002,5978,4066.66,11956,1195.6,10760.4,8133.32,2627.08,24.41433403962678
ORD00522,2025-09-03,CUST0962,P015,3,0.0,COD,Delivered,CMP002,5978,4066.66,17934,0.0,17934.0,12199.98,5734.02,31.972900635664104
ORD00523,2025-08-25,CUST0902,P005,3,5.0,Debit Card,Shipped,CMP002,1046,807.54,3138,156.9,2981.1,2422.62,558.48,18.73402435342659
ORD00524,2025-04-14,CUST0543,P016,1,20.0,UPI,Delivered,CMP001,7713,5310.71,7713,1542.6,6170.4,5310.71,859.6899999999996,13.932484117723318
ORD00525,2025-01-07,CUST0502,P005,1,20.0,Debit Card,Delivered,CMP003,1046,807.54,1046,209.2,836.8,807.54,29.25999999999999,3.496653919694072
ORD00526,2025-10-10,CUST0650,P002,1,5.0,COD,Cancelled,CMP004,6053,3796.4,6053,302.65,5750.35,3796.4,1953.9500000000003,33.9796708026468
ORD00527,2025-01-01,CUST0492,P020,1,0.0,UPI,Delivered,CMP001,7452,4168.44,7452,0.0,7452.0,4168.44,3283.5600000000004,44.06280193236716
ORD00528,2025-08-07,CUST0021,P025,2,10.0,COD,Delivered,CMP005,7392,5142.33,14784,1478.4,13305.6,10284.66,3020.9400000000005,22.704274891774894
ORD00529,2025-08-18,CUST0234,P009,1,5.0,UPI,Shipped,CMP006,1097,712.85,1097,54.85,1042.15,712.85,329.30000000000007,31.59813846375282
ORD00530,2025-06-21,CUST0714,P022,3,15.0,COD,Returned,CMP001,5915,3970.45,17745,2661.75,15083.25,11911.349999999999,3171.9000000000015,21.02928745462683
ORD00531,2025-03-28,CUST0791,P009,4,25.0,Debit Card,Delivered,CMP002,1097,712.85,4388,1097.0,3291.0,2851.4,439.5999999999999,13.357642054086902
ORD00532,2025-02-10,CUST0643,P004,4,5.0,Credit Card,Delivered,CMP003,2776,1530.45,11104,555.2,10548.8,6121.8,4426.999999999999,41.966858789625356
ORD00533,2025-05-03,CUST0416,P015,2,0.0,UPI,Delivered,CMP002,5978,4066.66,11956,0.0,11956.0,8133.32,3822.6800000000003,31.972900635664104
ORD00534,2025-11-27,CUST0148,P011,3,20.0,Debit Card,Shipped,CMP005,7881,6026.38,23643,4728.6,18914.4,18079.14,835.260000000002,4.416000507549814
ORD00535,2025-10-25,CUST0970,P001,1,0.0,COD,Cancelled,CMP002,6748,4695.17,6748,0.0,6748.0,4695.17,2052.83,30.421310017783043
ORD00536,2025-06-27,CUST0029,P018,1,25.0,Debit Card,Delivered,CMP002,6660,5091.78,6660,1665.0,4995.0,5091.78,-96.77999999999975,-1.9375375375375326
ORD00537,2025-03-04,CUST0361,P001,4,10.0,UPI,Delivered,CMP001,6748,4695.17,26992,2699.2,24292.8,18780.68,5512.119999999999,22.69034446420338
ORD00538,2025-06-14,CUST0308,P008,3,20.0,Debit Card,Cancelled,CMP002,3129,1758.81,9387,1877.4,7509.6,5276.43,2233.17,29.737535953978906
ORD00539,2025-07-06,CUST0883,P025,2,0.0,COD,Delivered,CMP002,7392,5142.33,14784,0.0,14784.0,10284.66,4499.34,30.4338474025974
ORD00540,2025-07-28,CUST0942,P016,2,0.0,Net Banking,Shipped,CMP002,7713,5310.71,15426,0.0,15426.0,10621.42,4804.58,31.145987294178656
ORD00541,2025-08-15,CUST0162,P022,1,10.0,Credit Card,Shipped,CMP001,5915,3970.45,5915,591.5,5323.5,3970.45,1353.0500000000002,25.416549262703114
ORD00542,2025-02-17,CUST0869,P018,3,10.0,Credit Card,Returned,CMP004,6660,5091.78,19980,1998.0,17982.0,15275.34,2706.66,15.052052052052051
ORD00543,2025-08-12,CUST0852,P022,1,5.0,Net Banking,Delivered,CMP002,5915,3970.45,5915,295.75,5619.25,3970.45,1648.8000000000002,29.341994038350315
ORD00544,2025-01-03,CUST0061,P009,2,25.0,UPI,Delivered,CMP005,1097,712.85,2194,548.5,1645.5,1425.7,219.79999999999995,13.357642054086902
ORD00545,2025-06-24,CUST0125,P012,1,15.0,Debit Card,Delivered,CMP002,5080,2793.69,5080,762.0,4318.0,2793.69,1524.31,35.301296896711435
ORD00546,2025-04-09,CUST0456,P019,1,10.0,Debit Card,Delivered,CMP002,7745,4299.97,7745,774.5,6970.5,4299.97,2670.5299999999997,38.31188580446165
ORD00547,2025-04-26,CUST0071,P025,1,0.0,Net Banking,Delivered,CMP001,7392,5142.33,7392,0.0,7392.0,5142.33,2249.67,30.4338474025974
ORD00548,2025-09-27,CUST0838,P018,3,15.0,Net Banking,Delivered,CMP005,6660,5091.78,19980,2997.0,16983.0,15275.34,1707.6599999999999,10.055113937466878
ORD00549,2025-09-10,CUST0907,P005,1,15.0,COD,Delivered,CMP003,1046,807.54,1046,156.9,889.1,807.54,81.56000000000006,9.173321336182664
ORD00550,2025-11-13,CUST0876,P002,4,5.0,COD,Delivered,CMP001,6053,3796.4,24212,1210.6,23001.4,15185.6,7815.800000000001,33.9796708026468
ORD00551,2025-04-05,CUST0466,P007,3,20.0,Credit Card,Delivered,CMP002,5886,3178.13,17658,3531.6,14126.4,9534.39,4592.01,32.50658341828066
ORD00552,2025-09-30,CUST0243,P010,1,0.0,UPI,Cancelled,CMP006,3310,2109.97,3310,0.0,3310.0,2109.97,1200.0300000000002,36.254682779456196
ORD00553,2025-01-24,CUST0490,P015,2,5.0,UPI,Delivered,CMP005,5978,4066.66,11956,597.8,11358.2,8133.32,3224.880000000001,28.392526984909587
ORD00554,2025-04-26,CUST0761,P025,2,0.0,Net Banking,Delivered,CMP002,7392,5142.33,14784,0.0,14784.0,10284.66,4499.34,30.4338474025974
ORD00555,2025-05-31,CUST0221,P007,1,15.0,Credit Card,Delivered,CMP003,5886,3178.13,5886,882.9,5003.1,3178.13,1824.9700000000003,36.47678439367592
ORD00556,2025-12-04,CUST0473,P005,1,10.0,Credit Card,Delivered,CMP003,1046,807.54,1046,104.6,941.4,807.54,133.86,14.219247928616955
ORD00557,2025-02-19,CUST0959,P015,2,5.0,COD,Returned,CMP001,5978,4066.66,11956,597.8,11358.2,8133.32,3224.880000000001,28.392526984909587
ORD00558,2025-07-25,CUST0533,P020,1,0.0,Debit Card,Delivered,CMP005,7452,4168.44,7452,0.0,7452.0,4168.44,3283.5600000000004,44.06280193236716
ORD00559,2025-12-01,CUST0494,P020,4,0.0,UPI,Delivered,CMP005,7452,4168.44,29808,0.0,29808.0,16673.76,13134.240000000002,44.06280193236716
ORD00560,2025-03-20,CUST0899,P015,3,0.0,Credit Card,Delivered,CMP003,5978,4066.66,17934,0.0,17934.0,12199.98,5734.02,31.972900635664104
ORD00561,2025-03-11,CUST0082,P010,2,10.0,COD,Shipped,CMP005,3310,2109.97,6620,662.0,5958.0,4219.94,1738.0600000000004,29.171869754951334
ORD00562,2025-01-27,CUST0856,P024,1,0.0,COD,Delivered,CMP003,972,537.49,972,0.0,972.0,537.49,434.51,44.702674897119344
ORD00563,2025-09-28,CUST0879,P014,2,5.0,COD,Delivered,CMP001,6801,4221.32,13602,680.1,12921.9,8442.64,4479.26,34.66409738505948
ORD00564,2025-02-19,CUST0998,P010,2,20.0,Debit Card,Delivered,CMP002,3310,2109.97,6620,1324.0,5296.0,4219.94,1076.0600000000004,20.31835347432025
ORD00565,2025-10-19,CUST0522,P017,2,10.0,Credit Card,Delivered,CMP003,4817,3075.17,9634,963.4,8670.6,6150.34,2520.26,29.066731252739142
ORD00566,2025-09-04,CUST0923,P021,2,15.0,Net Banking,Delivered,CMP001,5045,2967.68,10090,1513.5,8576.5,5935.36,2641.1400000000003,30.7950795779164
ORD00567,2025-09-21,CUST0012,P014,4,0.0,Net Banking,Cancelled,CMP004,6801,4221.32,27204,0.0,27204.0,16885.28,10318.720000000001,37.930892515806505
ORD00568,2025-03-20,CUST0263,P002,1,5.0,COD,Delivered,CMP001,6053,3796.4,6053,302.65,5750.35,3796.4,1953.9500000000003,33.9796708026468
ORD00569,2025-07-09,CUST0657,P016,2,10.0,COD,Cancelled,CMP002,7713,5310.71,15426,1542.6,13883.4,10621.42,3261.9799999999996,23.495541437976286
ORD00570,2025-02-16,CUST0449,P013,1,0.0,Debit Card,Delivered,CMP006,6435,4995.55,6435,0.0,6435.0,4995.55,1439.4499999999998,22.369075369075368
ORD00571,2025-12-27,CUST0192,P009,3,0.0,COD,Delivered,CMP006,1097,712.85,3291,0.0,3291.0,2138.55,1152.4499999999998,35.01823154056517
ORD00572,2025-12-20,CUST0762,P007,1,20.0,Credit Card,Cancelled,CMP003,5886,3178.13,5886,1177.2,4708.8,3178.13,1530.67,32.50658341828066
ORD00573,2025-12-18,CUST0114,P016,3,20.0,COD,Delivered,CMP004,7713,5310.71,23139,4627.8,18511.2,15932.130000000001,2579.0699999999997,13.932484117723323
ORD00574,2025-07-08,CUST0026,P010,2,0.0,COD,Delivered,CMP005,3310,2109.97,6620,0.0,6620.0,4219.94,2400.0600000000004,36.254682779456196
ORD00575,2025-09-13,CUST0783,P024,4,5.0,Credit Card,Cancelled,CMP004,972,537.49,3888,194.4,3693.6,2149.96,1543.6399999999999,41.79228936538878
ORD00576,2025-08-10,CUST0499,P022,2,25.0,UPI,Shipped,CMP002,5915,3970.45,11830,2957.5,8872.5,7940.9,931.6000000000004,10.499859115243733
ORD00577,2025-08-29,CUST0508,P009,3,0.0,Net Banking,Delivered,CMP003,1097,712.85,3291,0.0,3291.0,2138.55,1152.4499999999998,35.01823154056517
ORD00578,2025-09-26,CUST0545,P022,4,10.0,COD,Delivered,CMP003,5915,3970.45,23660,2366.0,21294.0,15881.8,5412.200000000001,25.416549262703114
ORD00579,2025-01-01,CUST0062,P023,1,25.0,Credit Card,Delivered,CMP002,5137,3830.78,5137,1284.25,3852.75,3830.78,21.9699999999998,0.5702420349101239
ORD00580,2025-02-03,CUST0229,P007,4,25.0,Net Banking,Delivered,CMP001,5886,3178.13,23544,5886.0,17658.0,12712.52,4945.48,28.007022312832706
ORD00581,2025-03-20,CUST0815,P016,2,10.0,Debit Card,Delivered,CMP005,7713,5310.71,15426,1542.6,13883.4,10621.42,3261.9799999999996,23.495541437976286
ORD00582,2025-08-24,CUST0607,P009,1,0.0,UPI,Delivered,CMP002,1097,712.85,1097,0.0,1097.0,712.85,384.15,35.018231540565175
ORD00583,2025-11-30,CUST0035,P024,1,0.0,COD,Delivered,CMP002,972,537.49,972,0.0,972.0,537.49,434.51,44.702674897119344
ORD00584,2025-12-15,CUST0705,P017,3,20.0,UPI,Delivered,CMP002,4817,3075.17,14451,2890.2,11560.8,9225.51,2335.289999999999,20.20007265933153
ORD00585,2025-04-08,CUST0456,P020,1,20.0,COD,Cancelled,CMP001,7452,4168.44,7452,1490.4,5961.6,4168.44,1793.1600000000008,30.078502415458946
ORD00586,2025-03-23,CUST0588,P007,1,10.0,COD,Delivered,CMP005,5886,3178.13,5886,588.6,5297.4,3178.13,2119.2699999999995,40.00585192736059
ORD00587,2025-07-11,CUST0891,P011,1,15.0,COD,Delivered,CMP004,7881,6026.38,7881,1182.15,6698.85,6026.38,672.4700000000003,10.038588712988053
ORD00588,2025-09-10,CUST0502,P008,4,15.0,UPI,Cancelled,CMP005,3129,1758.81,12516,1877.4,10638.6,7035.24,3603.3600000000006,33.8706220743331
ORD00589,2025-02-07,CUST0761,P007,1,10.0,Debit Card,Delivered,CMP003,5886,3178.13,5886,588.6,5297.4,3178.13,2119.2699999999995,40.00585192736059
ORD00590,2025-01-14,CUST0595,P019,1,15.0,Credit Card,Delivered,CMP003,7745,4299.97,7745,1161.75,6583.25,4299.97,2283.2799999999997,34.683173204724106
ORD00591,2025-12-13,CUST0025,P020,1,15.0,Credit Card,Delivered,CMP004,7452,4168.44,7452,1117.8,6334.2,4168.44,2165.76,34.191531685137825
ORD00592,2025-11-06,CUST0569,P012,1,10.0,Debit Card,Cancelled,CMP002,5080,2793.69,5080,508.0,4572.0,2793.69,1778.31,38.89566929133858
ORD00593,2025-07-28,CUST0032,P007,1,0.0,Debit Card,Delivered,CMP003,5886,3178.13,5886,0.0,5886.0,3178.13,2707.87,46.005266734624534
ORD00594,2025-12-23,CUST0831,P008,2,15.0,COD,Delivered,CMP003,3129,1758.81,6258,938.7,5319.3,3517.62,1801.6800000000003,33.8706220743331
ORD00595,2025-03-30,CUST0012,P007,2,10.0,COD,Shipped,CMP006,5886,3178.13,11772,1177.2,10594.8,6356.26,4238.539999999999,40.00585192736059
ORD00596,2025-02-25,CUST0319,P006,1,5.0,Credit Card,Delivered,CMP006,4933,3611.45,4933,246.65,4686.35,3611.45,1074.9000000000005,22.936827168265292
ORD00597,2025-04-04,CUST0845,P025,4,15.0,COD,Returned,CMP001,7392,5142.33,29568,4435.2,25132.8,20569.32,4563.48,18.157467532467532
ORD00598,2025-04-03,CUST0604,P009,1,15.0,COD,Delivered,CMP001,1097,712.85,1097,164.55,932.45,712.85,219.60000000000002,23.550860635959033
ORD00599,2025-12-06,CUST0001,P013,1,20.0,Debit Card,Cancelled,CMP004,6435,4995.55,6435,1287.0,5148.0,4995.55,152.44999999999982,2.961344211344208
ORD00600,2025-03-26,CUST0435,P007,4,0.0,UPI,Delivered,CMP001,5886,3178.13,23544,0.0,23544.0,12712.52,10831.48,46.005266734624534
ORD00601,2025-09-02,CUST0838,P008,1,10.0,Net Banking,Cancelled,CMP001,3129,1758.81,3129,312.9,2816.1,1758.81,1057.29,37.544476403536805
ORD00602,2025-01-22,CUST0136,P022,4,0.0,Net Banking,Shipped,CMP001,5915,3970.45,23660,0.0,23660.0,15881.8,7778.200000000001,32.8748943364328
ORD00603,2025-10-18,CUST0196,P017,2,20.0,COD,Returned,CMP002,4817,3075.17,9634,1926.8,7707.2,6150.34,1556.8599999999997,20.200072659331532
ORD00604,2025-09-29,CUST0133,P017,1,0.0,COD,Delivered,CMP003,4817,3075.17,4817,0.0,4817.0,3075.17,1741.83,36.16005812746523
ORD00605,2025-11-02,CUST0985,P016,2,10.0,Net Banking,Cancelled,CMP003,7713,5310.71,15426,1542.6,13883.4,10621.42,3261.9799999999996,23.495541437976286
ORD00606,2025-05-02,CUST0086,P022,1,15.0,Debit Card,Delivered,CMP006,5915,3970.45,5915,887.25,5027.75,3970.45,1057.3000000000002,21.029287454626825
ORD00607,2025-05-08,CUST0476,P002,1,5.0,Net Banking,Delivered,CMP003,6053,3796.4,6053,302.65,5750.35,3796.4,1953.9500000000003,33.9796708026468
ORD00608,2025-04-23,CUST0807,P008,4,25.0,Net Banking,Returned,CMP002,3129,1758.81,12516,3129.0,9387.0,7035.24,2351.76,25.05337168424417
ORD00609,2025-09-30,CUST0791,P017,4,20.0,Net Banking,Delivered,CMP004,4817,3075.17,19268,3853.6,15414.4,12300.68,3113.7199999999993,20.200072659331532
ORD00610,2025-12-02,CUST0324,P013,2,5.0,COD,Delivered,CMP002,6435,4995.55,12870,643.5,12226.5,9991.1,2235.3999999999996,18.283237230605646
ORD00611,2025-05-10,CUST0180,P018,4,0.0,COD,Delivered,CMP006,6660,5091.78,26640,0.0,26640.0,20367.12,6272.880000000001,23.54684684684685
ORD00612,2025-05-12,CUST0516,P024,1,5.0,Net Banking,Delivered,CMP002,972,537.49,972,48.6,923.4,537.49,385.90999999999997,41.79228936538878
ORD00613,2025-03-26,CUST0638,P022,1,5.0,COD,Delivered,CMP006,5915,3970.45,5915,295.75,5619.25,3970.45,1648.8000000000002,29.341994038350315
ORD00614,2025-12-16,CUST0175,P010,1,20.0,Net Banking,Delivered,CMP003,3310,2109.97,3310,662.0,2648.0,2109.97,538.0300000000002,20.31835347432025
ORD00615,2025-03-22,CUST0763,P002,2,25.0,Debit Card,Delivered,CMP005,6053,3796.4,12106,3026.5,9079.5,7592.8,1486.6999999999998,16.374249683352605
ORD00616,2025-11-21,CUST0021,P002,4,0.0,COD,Delivered,CMP004,6053,3796.4,24212,0.0,24212.0,15185.6,9026.4,37.280687262514455
ORD00617,2025-03-10,CUST0997,P014,1,10.0,UPI,Returned,CMP006,6801,4221.32,6801,680.1,6120.9,4221.32,1899.58,31.034325017562775
ORD00618,2025-05-28,CUST0952,P016,1,10.0,COD,Delivered,CMP004,7713,5310.71,7713,771.3,6941.7,5310.71,1630.9899999999998,23.495541437976286
ORD00619,2025-01-16,CUST0105,P007,1,0.0,Debit Card,Delivered,CMP004,5886,3178.13,5886,0.0,5886.0,3178.13,2707.87,46.005266734624534
ORD00620,2025-11-03,CUST0578,P021,2,5.0,Debit Card,Delivered,CMP004,5045,2967.68,10090,504.5,9585.5,5935.36,3650.1400000000003,38.07980804339889
ORD00621,2025-04-15,CUST0443,P021,1,5.0,COD,Delivered,CMP005,5045,2967.68,5045,252.25,4792.75,2967.68,1825.0700000000002,38.07980804339889
ORD00622,2025-06-14,CUST0775,P024,1,10.0,Credit Card,Delivered,CMP006,972,537.49,972,97.2,874.8,537.49,337.30999999999995,38.55852766346593
ORD00623,2025-07-20,CUST0049,P012,1,10.0,Net Banking,Delivered,CMP002,5080,2793.69,5080,508.0,4572.0,2793.69,1778.31,38.89566929133858
ORD00624,2025-07-16,CUST0528,P023,3,15.0,Net Banking,Delivered,CMP002,5137,3830.78,15411,2311.65,13099.35,11492.34,1607.0100000000002,12.267860619038352
ORD00625,2025-07-04,CUST0145,P014,2,0.0,Debit Card,Delivered,CMP001,6801,4221.32,13602,0.0,13602.0,8442.64,5159.360000000001,37.930892515806505
ORD00626,2025-11-18,CUST0340,P025,1,15.0,COD,Delivered,CMP002,7392,5142.33,7392,1108.8,6283.2,5142.33,1140.87,18.157467532467532
ORD00627,2025-09-22,CUST0762,P004,1,10.0,Credit Card,Delivered,CMP005,2776,1530.45,2776,277.6,2498.4,1530.45,967.95,38.74279538904899
ORD00628,2025-12-29,CUST0855,P004,1,20.0,UPI,Returned,CMP001,2776,1530.45,2776,555.2,2220.8,1530.45,690.3500000000001,31.08564481268012
ORD00629,2025-04-10,CUST0354,P018,2,10.0,Net Banking,Delivered,CMP003,6660,5091.78,13320,1332.0,11988.0,10183.56,1804.4400000000005,15.052052052052057
ORD00630,2025-12-08,CUST0075,P003,4,20.0,Credit Card,Delivered,CMP004,5857,3883.91,23428,4685.6,18742.4,15535.64,3206.760000000002,17.109655113539365
ORD00631,2025-11-16,CUST0802,P001,2,20.0,Net Banking,Returned,CMP005,6748,4695.17,13496,2699.2,10796.8,9390.34,1406.4599999999991,13.026637522228802
ORD00632,2025-08-02,CUST0929,P017,1,10.0,COD,Returned,CMP004,4817,3075.17,4817,481.7,4335.3,3075.17,1260.13,29.066731252739142
ORD00633,2025-10-05,CUST0794,P007,1,5.0,Net Banking,Delivered,CMP002,5886,3178.13,5886,294.3,5591.7,3178.13,2413.5699999999997,43.16343866802582
ORD00634,2025-06-11,CUST0578,P016,4,20.0,UPI,Delivered,CMP006,7713,5310.71,30852,6170.4,24681.6,21242.84,3438.7599999999984,13.932484117723318
ORD00635,2025-06-06,CUST0637,P005,2,15.0,COD,Delivered,CMP001,1046,807.54,2092,313.8,1778.2,1615.08,163.12000000000012,9.173321336182664
ORD00636,2025-09-08,CUST0319,P019,2,20.0,Debit Card,Delivered,CMP005,7745,4299.97,15490,3098.0,12392.0,8599.94,3792.0599999999995,30.600871530019365
ORD00637,2025-04-07,CUST0087,P007,2,15.0,Credit Card,Delivered,CMP001,5886,3178.13,11772,1765.8,10006.2,6356.26,3649.9400000000005,36.47678439367592
ORD00638,2025-01-18,CUST0553,P014,1,10.0,Net Banking,Delivered,CMP001,6801,4221.32,6801,680.1,6120.9,4221.32,1899.58,31.034325017562775
ORD00639,2025-11-23,CUST0982,P002,1,0.0,COD,Returned,CMP006,6053,3796.4,6053,0.0,6053.0,3796.4,2256.6,37.280687262514455
ORD00640,2025-04-07,CUST0698,P003,1,5.0,COD,Delivered,CMP005,5857,3883.91,5857,292.85,5564.15,3883.91,1680.2399999999998,30.197604306138402
ORD00641,2025-01-01,CUST0866,P017,2,25.0,Net Banking,Delivered,CMP002,4817,3075.17,9634,2408.5,7225.5,6150.34,1075.1599999999999,14.880077503286968
ORD00642,2025-08-04,CUST0892,P016,1,5.0,Debit Card,Delivered,CMP004,7713,5310.71,7713,385.65,7327.35,5310.71,2016.6400000000003,27.52209188860912
ORD00643,2025-05-12,CUST0847,P008,2,0.0,Net Banking,Delivered,CMP003,3129,1758.81,6258,0.0,6258.0,3517.62,2740.38,43.79002876318312
ORD00644,2025-09-17,CUST0778,P018,3,15.0,Debit Card,Delivered,CMP001,6660,5091.78,19980,2997.0,16983.0,15275.34,1707.6599999999999,10.055113937466878
ORD00645,2025-05-05,CUST0783,P015,4,15.0,Net Banking,Cancelled,CMP005,5978,4066.66,23912,3586.8,20325.2,16266.64,4058.5600000000013,19.968118394898948
ORD00646,2025-03-23,CUST0042,P007,2,5.0,COD,Returned,CMP005,5886,3178.13,11772,588.6,11183.4,6356.26,4827.139999999999,43.16343866802582
ORD00647,2025-10-10,CUST0093,P009,1,5.0,UPI,Shipped,CMP006,1097,712.85,1097,54.85,1042.15,712.85,329.30000000000007,31.59813846375282
ORD00648,2025-06-20,CUST0697,P006,3,10.0,UPI,Delivered,CMP003,4933,3611.45,14799,1479.9,13319.1,10834.349999999999,2484.750000000002,18.655539788724475
ORD00649,2025-02-28,CUST0727,P018,3,0.0,COD,Cancelled,CMP004,6660,5091.78,19980,0.0,19980.0,15275.34,4704.66,23.546846846846847
ORD00650,2025-02-01,CUST0507,P018,4,15.0,UPI,Delivered,CMP003,6660,5091.78,26640,3996.0,22644.0,20367.12,2276.880000000001,10.055113937466883
ORD00651,2025-06-10,CUST0529,P025,1,5.0,Debit Card,Delivered,CMP002,7392,5142.33,7392,369.6,7022.4,5142.33,1880.0699999999997,26.772470950102527
ORD00652,2025-10-11,CUST0956,P024,2,20.0,COD,Delivered,CMP003,972,537.49,1944,388.8,1555.2,1074.98,480.22,30.87834362139918
ORD00653,2025-04-16,CUST0265,P014,2,15.0,Debit Card,Delivered,CMP006,6801,4221.32,13602,2040.3,11561.7,8442.64,3119.0600000000013,26.977520606831185
ORD00654,2025-04-15,CUST0626,P014,2,10.0,COD,Delivered,CMP001,6801,4221.32,13602,1360.2,12241.8,8442.64,3799.16,31.034325017562775
ORD00655,2025-08-16,CUST0292,P014,1,5.0,Debit Card,Delivered,CMP002,6801,4221.32,6801,340.05,6460.95,4221.32,2239.63,34.66409738505948
ORD00656,2025-07-07,CUST0969,P025,1,10.0,Debit Card,Shipped,CMP004,7392,5142.33,7392,739.2,6652.8,5142.33,1510.4700000000003,22.704274891774894
ORD00657,2025-03-11,CUST0464,P004,1,10.0,UPI,Delivered,CMP001,2776,1530.45,2776,277.6,2498.4,1530.45,967.95,38.74279538904899
ORD00658,2025-11-14,CUST0804,P004,1,5.0,COD,Delivered,CMP006,2776,1530.45,2776,138.8,2637.2,1530.45,1106.7499999999998,41.966858789625356
ORD00659,2025-10-17,CUST0560,P015,3,20.0,Net Banking,Delivered,CMP001,5978,4066.66,17934,3586.8,14347.2,12199.98,2147.220000000001,14.966125794580135
ORD00660,2025-03-28,CUST0819,P015,1,10.0,UPI,Delivered,CMP005,5978,4066.66,5978,597.8,5380.2,4066.66,1313.54,24.41433403962678
ORD00661,2025-12-28,CUST0097,P018,2,20.0,Debit Card,Delivered,CMP002,6660,5091.78,13320,2664.0,10656.0,10183.56,472.4400000000005,4.4335585585585635
ORD00662,2025-02-25,CUST0887,P014,1,0.0,Debit Card,Shipped,CMP001,6801,4221.32,6801,0.0,6801.0,4221.32,2579.6800000000003,37.930892515806505
ORD00663,2025-04-23,CUST0095,P001,2,0.0,Net Banking,Delivered,CMP005,6748,4695.17,13496,0.0,13496.0,9390.34,4105.66,30.421310017783043
ORD00664,2025-01-13,CUST0326,P010,3,25.0,Net Banking,Delivered,CMP004,3310,2109.97,9930,2482.5,7447.5,6329.91,1117.5900000000001,15.006243705941595
ORD00665,2025-01-18,CUST0074,P020,2,10.0,Debit Card,Delivered,CMP001,7452,4168.44,14904,1490.4,13413.6,8336.88,5076.720000000001,37.847557702630176
ORD00666,2025-07-01,CUST0336,P010,4,10.0,Net Banking,Delivered,CMP002,3310,2109.97,13240,1324.0,11916.0,8439.88,3476.120000000001,29.171869754951334
ORD00667,2025-04-23,CUST0068,P010,4,10.0,Credit Card,Delivered,CMP002,3310,2109.97,13240,1324.0,11916.0,8439.88,3476.120000000001,29.171869754951334
ORD00668,2025-08-17,CUST0758,P024,2,0.0,UPI,Delivered,CMP002,972,537.49,1944,0.0,1944.0,1074.98,869.02,44.702674897119344
ORD00669,2025-06-20,CUST0918,P002,1,15.0,COD,Delivered,CMP003,6053,3796.4,6053,907.95,5145.05,3796.4,1348.65,26.21257325001701
ORD00670,2025-10-22,CUST0077,P008,3,0.0,Net Banking,Delivered,CMP003,3129,1758.81,9387,0.0,9387.0,5276.43,4110.57,43.790028763183116
ORD00671,2025-07-08,CUST0208,P001,2,10.0,Net Banking,Delivered,CMP003,6748,4695.17,13496,1349.6,12146.4,9390.34,2756.0599999999995,22.69034446420338
ORD00672,2025-03-20,CUST0884,P001,1,10.0,Credit Card,Delivered,CMP002,6748,4695.17,6748,674.8,6073.2,4695.17,1378.0299999999997,22.69034446420338
ORD00673,2025-05-26,CUST0766,P004,3,20.0,COD,Delivered,CMP003,2776,1530.45,8328,1665.6,6662.4,4591.35,2071.0499999999993,31.08564481268011
ORD00674,2025-07-01,CUST0221,P007,1,10.0,Credit Card,Delivered,CMP001,5886,3178.13,5886,588.6,5297.4,3178.13,2119.2699999999995,40.00585192736059
ORD00675,2025-10-13,CUST0262,P009,1,0.0,COD,Delivered,CMP004,1097,712.85,1097,0.0,1097.0,712.85,384.15,35.018231540565175
ORD00676,2025-09-07,CUST0410,P016,2,10.0,UPI,Shipped,CMP004,7713,5310.71,15426,1542.6,13883.4,10621.42,3261.9799999999996,23.495541437976286
ORD00677,2025-12-20,CUST0331,P005,3,0.0,Net Banking,Delivered,CMP002,1046,807.54,3138,0.0,3138.0,2422.62,715.3800000000001,22.797323135755263
ORD00678,2025-11-10,CUST0344,P002,3,0.0,UPI,Cancelled,CMP001,6053,3796.4,18159,0.0,18159.0,11389.2,6769.799999999999,37.28068726251445
ORD00679,2025-07-15,CUST0989,P023,1,0.0,COD,Cancelled,CMP001,5137,3830.78,5137,0.0,5137.0,3830.78,1306.2199999999998,25.427681526182592
ORD00680,2025-11-19,CUST0771,P011,2,10.0,Net Banking,Returned,CMP004,7881,6026.38,15762,1576.2,14185.8,12052.76,2133.039999999999,15.036444895599818
ORD00681,2025-03-12,CUST0820,P018,1,0.0,Credit Card,Returned,CMP004,6660,5091.78,6660,0.0,6660.0,5091.78,1568.2200000000003,23.54684684684685
ORD00682,2025-09-05,CUST0074,P025,3,10.0,Debit Card,Delivered,CMP003,7392,5142.33,22176,2217.6,19958.4,15426.99,4531.410000000002,22.704274891774897
ORD00683,2025-05-26,CUST0637,P025,1,20.0,Credit Card,Delivered,CMP006,7392,5142.33,7392,1478.4,5913.6,5142.33,771.2700000000004,13.042309253246758
ORD00684,2025-04-16,CUST0700,P019,1,15.0,Debit Card,Delivered,CMP003,7745,4299.97,7745,1161.75,6583.25,4299.97,2283.2799999999997,34.683173204724106
ORD00685,2025-09-20,CUST0254,P013,2,0.0,Credit Card,Delivered,CMP005,6435,4995.55,12870,0.0,12870.0,9991.1,2878.8999999999996,22.369075369075368
ORD00686,2025-10-23,CUST0959,P024,1,0.0,COD,Delivered,CMP001,972,537.49,972,0.0,972.0,537.49,434.51,44.702674897119344
ORD00687,2025-03-11,CUST0833,P011,1,10.0,UPI,Delivered,CMP002,7881,6026.38,7881,788.1,7092.9,6026.38,1066.5199999999995,15.036444895599818
ORD00688,2025-07-12,CUST0820,P020,1,20.0,Debit Card,Delivered,CMP002,7452,4168.44,7452,1490.4,5961.6,4168.44,1793.1600000000008,30.078502415458946
ORD00689,2025-03-09,CUST0747,P019,4,0.0,COD,Delivered,CMP004,7745,4299.97,30980,0.0,30980.0,17199.88,13780.119999999999,44.48069722401549
ORD00690,2025-11-01,CUST0986,P017,1,15.0,UPI,Shipped,CMP002,4817,3075.17,4817,722.55,4094.45,3075.17,1019.2799999999997,24.894186032312028
ORD00691,2025-02-21,CUST0762,P005,1,10.0,UPI,Cancelled,CMP004,1046,807.54,1046,104.6,941.4,807.54,133.86,14.219247928616955
ORD00692,2025-12-29,CUST0332,P013,1,10.0,Net Banking,Delivered,CMP004,6435,4995.55,6435,643.5,5791.5,4995.55,795.9499999999998,13.743417076750408
ORD00693,2025-10-12,CUST0398,P020,4,25.0,Net Banking,Delivered,CMP001,7452,4168.44,29808,7452.0,22356.0,16673.76,5682.240000000002,25.41706924315621
ORD00694,2025-11-30,CUST0345,P001,1,15.0,Net Banking,Delivered,CMP004,6748,4695.17,6748,1012.2,5735.8,4695.17,1040.63,18.142717667980058
ORD00695,2025-01-09,CUST0584,P010,2,20.0,Debit Card,Delivered,CMP001,3310,2109.97,6620,1324.0,5296.0,4219.94,1076.0600000000004,20.31835347432025
ORD00696,2025-09-08,CUST0747,P008,2,5.0,Debit Card,Cancelled,CMP003,3129,1758.81,6258,312.9,5945.1,3517.62,2427.4800000000005,40.831609224403294
ORD00697,2025-11-28,CUST0836,P024,1,10.0,UPI,Cancelled,CMP005,972,537.49,972,97.2,874.8,537.49,337.30999999999995,38.55852766346593
ORD00698,2025-10-25,CUST0668,P008,1,10.0,Debit Card,Delivered,CMP004,3129,1758.81,3129,312.9,2816.1,1758.81,1057.29,37.544476403536805
ORD00699,2025-07-03,CUST0455,P019,2,5.0,UPI,Delivered,CMP002,7745,4299.97,15490,774.5,14715.5,8599.94,6115.5599999999995,41.55862865685841
ORD00700,2025-06-28,CUST0906,P006,2,10.0,COD,Delivered,CMP002,4933,3611.45,9866,986.6,8879.4,7222.9,1656.5,18.655539788724465
ORD00701,2025-07-17,CUST0115,P012,2,0.0,Credit Card,Delivered,CMP003,5080,2793.69,10160,0.0,10160.0,5587.38,4572.62,45.00610236220473
ORD00702,2025-05-08,CUST0313,P007,2,0.0,UPI,Delivered,CMP002,5886,3178.13,11772,0.0,11772.0,6356.26,5415.74,46.005266734624534
ORD00703,2025-01-20,CUST0228,P016,1,5.0,UPI,Shipped,CMP006,7713,5310.71,7713,385.65,7327.35,5310.71,2016.6400000000003,27.52209188860912
ORD00704,2025-11-24,CUST0834,P009,1,15.0,COD,Delivered,CMP002,1097,712.85,1097,164.55,932.45,712.85,219.60000000000002,23.550860635959033
ORD00705,2025-03-06,CUST0858,P021,1,20.0,Net Banking,Delivered,CMP006,5045,2967.68,5045,1009.0,4036.0,2967.68,1068.3200000000002,26.46977205153618
ORD00706,2025-07-01,CUST0245,P025,1,10.0,Net Banking,Delivered,CMP006,7392,5142.33,7392,739.2,6652.8,5142.33,1510.4700000000003,22.704274891774894
ORD00707,2025-08-29,CUST0818,P022,1,10.0,Net Banking,Delivered,CMP002,5915,3970.45,5915,591.5,5323.5,3970.45,1353.0500000000002,25.416549262703114
ORD00708,2025-01-24,CUST0526,P010,1,0.0,UPI,Cancelled,CMP002,3310,2109.97,3310,0.0,3310.0,2109.97,1200.0300000000002,36.254682779456196
ORD00709,2025-03-24,CUST0528,P010,1,20.0,UPI,Delivered,CMP005,3310,2109.97,3310,662.0,2648.0,2109.97,538.0300000000002,20.31835347432025
ORD00710,2025-11-15,CUST0950,P010,1,10.0,Debit Card,Shipped,CMP002,3310,2109.97,3310,331.0,2979.0,2109.97,869.0300000000002,29.171869754951334
ORD00711,2025-07-04,CUST0427,P020,3,15.0,Debit Card,Returned,CMP003,7452,4168.44,22356,3353.4,19002.6,12505.32,6497.279999999999,34.19153168513782
ORD00712,2025-11-12,CUST0042,P016,1,15.0,Credit Card,Returned,CMP001,7713,5310.71,7713,1156.95,6556.05,5310.71,1245.3400000000001,18.995279169621952
ORD00713,2025-04-09,CUST0465,P001,3,5.0,Credit Card,Delivered,CMP003,6748,4695.17,20244,1012.2,19231.8,14085.51,5146.289999999999,26.75927370292952
ORD00714,2025-03-03,CUST0622,P017,2,10.0,Debit Card,Delivered,CMP001,4817,3075.17,9634,963.4,8670.6,6150.34,2520.26,29.066731252739142
ORD00715,2025-10-13,CUST0278,P021,4,25.0,UPI,Cancelled,CMP002,5045,2967.68,20180,5045.0,15135.0,11870.72,3264.2800000000007,21.567756854971922
ORD00716,2025-01-22,CUST0836,P014,2,0.0,COD,Cancelled,CMP004,6801,4221.32,13602,0.0,13602.0,8442.64,5159.360000000001,37.930892515806505
ORD00717,2025-07-31,CUST0019,P019,1,15.0,Debit Card,Delivered,CMP006,7745,4299.97,7745,1161.75,6583.25,4299.97,2283.2799999999997,34.683173204724106
ORD00718,2025-05-06,CUST0066,P021,1,25.0,UPI,Delivered,CMP002,5045,2967.68,5045,1261.25,3783.75,2967.68,816.0700000000002,21.567756854971922
ORD00719,2025-02-11,CUST0167,P021,1,5.0,Debit Card,Delivered,CMP003,5045,2967.68,5045,252.25,4792.75,2967.68,1825.0700000000002,38.07980804339889
ORD00720,2025-04-08,CUST0585,P017,2,20.0,Net Banking,Shipped,CMP003,4817,3075.17,9634,1926.8,7707.2,6150.34,1556.8599999999997,20.200072659331532
ORD00721,2025-01-31,CUST0403,P014,3,20.0,Debit Card,Delivered,CMP002,6801,4221.32,20403,4080.6,16322.4,12663.96,3658.4400000000005,22.413615644758128
ORD00722,2025-06-07,CUST0912,P008,2,15.0,Net Banking,Delivered,CMP004,3129,1758.81,6258,938.7,5319.3,3517.62,1801.6800000000003,33.8706220743331
ORD00723,2025-04-22,CUST0822,P021,1,0.0,UPI,Delivered,CMP005,5045,2967.68,5045,0.0,5045.0,2967.68,2077.32,41.17581764122894
ORD00724,2025-09-04,CUST0409,P021,3,5.0,Net Banking,Cancelled,CMP001,5045,2967.68,15135,756.75,14378.25,8903.039999999999,5475.210000000001,38.07980804339889
ORD00725,2025-05-02,CUST0112,P009,2,0.0,Debit Card,Delivered,CMP005,1097,712.85,2194,0.0,2194.0,1425.7,768.3,35.018231540565175
ORD00726,2025-09-30,CUST0274,P008,2,20.0,Net Banking,Delivered,CMP004,3129,1758.81,6258,1251.6,5006.4,3517.62,1488.7799999999997,29.737535953978906
ORD00727,2025-10-21,CUST0407,P013,2,20.0,COD,Delivered,CMP002,6435,4995.55,12870,2574.0,10296.0,9991.1,304.89999999999964,2.961344211344208
ORD00728,2025-07-26,CUST0373,P017,4,10.0,Net Banking,Delivered,CMP004,4817,3075.17,19268,1926.8,17341.2,12300.68,5040.52,29.066731252739142
ORD00729,2025-04-20,CUST0597,P019,3,5.0,Net Banking,Delivered,CMP003,7745,4299.97,23235,1161.75,22073.25,12899.91,9173.34,41.55862865685842
ORD00730,2025-10-05,CUST0651,P007,1,0.0,Credit Card,Delivered,CMP004,5886,3178.13,5886,0.0,5886.0,3178.13,2707.87,46.005266734624534
ORD00731,2025-02-25,CUST0039,P017,1,15.0,COD,Delivered,CMP003,4817,3075.17,4817,722.55,4094.45,3075.17,1019.2799999999997,24.894186032312028
ORD00732,2025-02-26,CUST0105,P001,1,15.0,UPI,Delivered,CMP001,6748,4695.17,6748,1012.2,5735.8,4695.17,1040.63,18.142717667980058
ORD00733,2025-10-18,CUST0324,P005,4,20.0,Net Banking,Delivered,CMP005,1046,807.54,4184,836.8,3347.2,3230.16,117.03999999999996,3.496653919694072
ORD00734,2025-04-24,CUST0793,P025,1,15.0,COD,Delivered,CMP003,7392,5142.33,7392,1108.8,6283.2,5142.33,1140.87,18.157467532467532
ORD00735,2025-11-04,CUST0959,P006,2,15.0,UPI,Returned,CMP005,4933,3611.45,9866,1479.9,8386.1,7222.9,1163.2000000000007,13.87057154100238
ORD00736,2025-12-07,CUST0992,P002,1,15.0,COD,Returned,CMP001,6053,3796.4,6053,907.95,5145.05,3796.4,1348.65,26.21257325001701
ORD00737,2025-07-17,CUST0414,P025,3,10.0,Credit Card,Delivered,CMP005,7392,5142.33,22176,2217.6,19958.4,15426.99,4531.410000000002,22.704274891774897
ORD00738,2025-11-17,CUST0429,P016,2,5.0,UPI,Delivered,,7713,5310.71,15426,771.3,14654.7,10621.42,4033.2800000000007,27.52209188860912
ORD00739,2025-06-28,CUST0635,P022,4,20.0,UPI,Delivered,CMP005,5915,3970.45,23660,4732.0,18928.0,15881.8,3046.2000000000007,16.093617920541
ORD00740,2025-08-07,CUST0730,P005,2,10.0,Net Banking,Cancelled,CMP004,1046,807.54,2092,209.2,1882.8,1615.08,267.72,14.219247928616955
ORD00741,2025-10-04,CUST0889,P005,2,5.0,Debit Card,Delivered,CMP002,1046,807.54,2092,104.6,1987.4,1615.08,372.32000000000016,18.734024353426594
ORD00742,2025-01-16,CUST0061,P012,2,0.0,UPI,Delivered,CMP002,5080,2793.69,10160,0.0,10160.0,5587.38,4572.62,45.00610236220473
ORD00743,2025-03-02,CUST0612,P003,4,5.0,UPI,Cancelled,CMP005,5857,3883.91,23428,1171.4,22256.6,15535.64,6720.959999999999,30.197604306138402
ORD00744,2025-02-23,CUST0307,P016,3,10.0,Credit Card,Delivered,CMP004,7713,5310.71,23139,2313.9,20825.1,15932.130000000001,4892.9699999999975,23.49554143797628
ORD00745,2025-06-17,CUST0354,P006,3,5.0,Credit Card,Delivered,CMP006,4933,3611.45,14799,739.95,14059.05,10834.349999999999,3224.7000000000007,22.936827168265285
ORD00746,2025-01-26,CUST0393,P015,1,0.0,Credit Card,Delivered,CMP002,5978,4066.66,5978,0.0,5978.0,4066.66,1911.3400000000001,31.972900635664104
ORD00747,2025-12-02,CUST0204,P015,4,10.0,Net Banking,Delivered,CMP004,5978,4066.66,23912,2391.2,21520.8,16266.64,5254.16,24.41433403962678
ORD00748,2025-03-06,CUST0258,P016,1,0.0,UPI,Shipped,CMP004,7713,5310.71,7713,0.0,7713.0,5310.71,2402.29,31.145987294178656
ORD00749,2025-04-10,CUST0486,P020,4,15.0,Credit Card,Delivered,CMP004,7452,4168.44,29808,4471.2,25336.8,16673.76,8663.04,34.191531685137825
ORD00750,2025-03-15,CUST0517,P013,1,10.0,Credit Card,Delivered,CMP005,6435,4995.55,6435,643.5,5791.5,4995.55,795.9499999999998,13.743417076750408
ORD00751,2025-07-11,CUST0446,P012,3,10.0,COD,Delivered,CMP001,5080,2793.69,15240,1524.0,13716.0,8381.07,5334.93,38.895669291338585
ORD00752,2025-06-20,CUST0709,P010,1,0.0,COD,Delivered,CMP003,3310,2109.97,3310,0.0,3310.0,2109.97,1200.0300000000002,36.254682779456196
ORD00753,2025-09-30,CUST0180,P014,4,5.0,Credit Card,Delivered,CMP003,6801,4221.32,27204,1360.2,25843.8,16885.28,8958.52,34.66409738505948
ORD00754,2025-07-06,CUST0342,P002,1,5.0,Net Banking,Delivered,CMP002,6053,3796.4,6053,302.65,5750.35,3796.4,1953.9500000000003,33.9796708026468
ORD00755,2025-01-23,CUST0133,P003,1,15.0,Debit Card,Delivered,CMP003,5857,3883.91,5857,878.55,4978.45,3883.91,1094.54,21.985557753919394
ORD00756,2025-06-30,CUST0443,P009,1,15.0,COD,Delivered,CMP003,1097,712.85,1097,164.55,932.45,712.85,219.60000000000002,23.550860635959033
ORD00757,2025-11-23,CUST0836,P011,1,0.0,COD,Delivered,CMP002,7881,6026.38,7881,0.0,7881.0,6026.38,1854.62,23.53280040603984
ORD00758,2025-04-18,CUST0253,P011,2,10.0,UPI,Delivered,CMP002,7881,6026.38,15762,1576.2,14185.8,12052.76,2133.039999999999,15.036444895599818
ORD00759,2025-12-01,CUST0265,P025,1,0.0,UPI,Delivered,CMP005,7392,5142.33,7392,0.0,7392.0,5142.33,2249.67,30.4338474025974
ORD00760,2025-06-11,CUST0093,P022,1,25.0,,Delivered,CMP001,5915,3970.45,5915,1478.75,4436.25,3970.45,465.8000000000002,10.499859115243733
ORD00761,2025-10-29,CUST0662,P010,2,25.0,UPI,Delivered,CMP002,3310,2109.97,6620,1655.0,4965.0,4219.94,745.0600000000004,15.0062437059416
ORD00762,2025-07-25,CUST0411,P014,1,10.0,UPI,Delivered,CMP004,6801,4221.32,6801,680.1,6120.9,4221.32,1899.58,31.034325017562775
ORD00763,2025-03-19,CUST0138,P009,2,15.0,Debit Card,Delivered,CMP002,1097,712.85,2194,329.1,1864.9,1425.7,439.20000000000005,23.550860635959033
ORD00764,2025-01-16,CUST0208,P020,1,15.0,Net Banking,Delivered,CMP004,7452,4168.44,7452,1117.8,6334.2,4168.44,2165.76,34.191531685137825
ORD00765,2025-11-23,CUST0637,P021,1,15.0,Credit Card,Delivered,CMP002,5045,2967.68,5045,756.75,4288.25,2967.68,1320.5700000000002,30.7950795779164
ORD00766,2025-04-06,CUST0746,P010,1,15.0,Debit Card,Delivered,CMP005,3310,2109.97,3310,496.5,2813.5,2109.97,703.5300000000002,25.005509152301407
ORD00767,2025-05-27,CUST0573,P022,1,25.0,Credit Card,Delivered,CMP002,5915,3970.45,5915,1478.75,4436.25,3970.45,465.8000000000002,10.499859115243733
ORD00768,2025-01-02,CUST0307,P009,2,10.0,Net Banking,Delivered,CMP002,1097,712.85,2194,219.4,1974.6,1425.7,548.8999999999999,27.798035045072417
ORD00769,2025-01-10,CUST0266,P005,3,10.0,Credit Card,Delivered,CMP003,1046,807.54,3138,313.8,2824.2,2422.62,401.5799999999999,14.219247928616952
ORD00770,2025-05-05,CUST0646,P008,2,20.0,UPI,Delivered,CMP001,3129,1758.81,6258,1251.6,5006.4,3517.62,1488.7799999999997,29.737535953978906
ORD00771,2025-03-22,CUST0318,P011,1,10.0,Net Banking,Shipped,CMP005,7881,6026.38,7881,788.1,7092.9,6026.38,1066.5199999999995,15.036444895599818
ORD00772,2025-05-20,CUST0113,P001,3,15.0,Debit Card,Cancelled,CMP004,6748,4695.17,20244,3036.6,17207.4,14085.51,3121.8900000000012,18.14271766798006
ORD00773,2025-11-22,CUST0901,P021,2,0.0,Debit Card,Delivered,CMP005,5045,2967.68,10090,0.0,10090.0,5935.36,4154.64,41.17581764122894
ORD00774,2025-05-30,CUST0378,P010,4,5.0,COD,Returned,CMP003,3310,2109.97,13240,662.0,12578.0,8439.88,4138.120000000001,32.89966608363811
ORD00775,2025-10-15,CUST0454,P001,1,0.0,Debit Card,Delivered,CMP005,6748,4695.17,6748,0.0,6748.0,4695.17,2052.83,30.421310017783043
ORD00776,2025-12-27,CUST0191,P022,4,10.0,COD,Delivered,CMP003,5915,3970.45,23660,2366.0,21294.0,15881.8,5412.200000000001,25.416549262703114
ORD00777,2025-12-06,CUST0891,P007,2,10.0,UPI,Delivered,CMP001,5886,3178.13,11772,1177.2,10594.8,6356.26,4238.539999999999,40.00585192736059
ORD00778,2025-05-09,CUST0440,P014,1,25.0,Debit Card,Shipped,CMP002,6801,4221.32,6801,1700.25,5100.75,4221.32,879.4300000000003,17.241190021075337
ORD00779,2025-08-27,CUST0187,P005,1,10.0,Net Banking,Delivered,CMP005,1046,807.54,1046,104.6,941.4,807.54,133.86,14.219247928616955
ORD00780,2025-02-27,CUST0831,P017,4,15.0,COD,Delivered,CMP006,4817,3075.17,19268,2890.2,16377.8,12300.68,4077.119999999999,24.894186032312028
ORD00781,2025-07-17,CUST0367,P022,1,5.0,Debit Card,Cancelled,CMP001,5915,3970.45,5915,295.75,5619.25,3970.45,1648.8000000000002,29.341994038350315
ORD00782,2025-07-30,CUST0089,P021,1,20.0,UPI,Returned,CMP006,5045,2967.68,5045,1009.0,4036.0,2967.68,1068.3200000000002,26.46977205153618
ORD00783,2025-02-14,CUST0187,P006,2,10.0,Net Banking,Delivered,CMP005,4933,3611.45,9866,986.6,8879.4,7222.9,1656.5,18.655539788724465
ORD00784,2025-04-07,CUST0819,P016,1,15.0,Net Banking,Delivered,CMP002,7713,5310.71,7713,1156.95,6556.05,5310.71,1245.3400000000001,18.995279169621952
ORD00785,2025-10-06,CUST0946,P011,2,5.0,UPI,Delivered,CMP004,7881,6026.38,15762,788.1,14973.9,12052.76,2921.1399999999994,19.508210953726145
ORD00786,2025-01-23,CUST0132,P010,4,10.0,Debit Card,Delivered,CMP002,3310,2109.97,13240,1324.0,11916.0,8439.88,3476.120000000001,29.171869754951334
ORD00787,2025-12-01,CUST0872,P015,2,10.0,Credit Card,Returned,CMP005,5978,4066.66,11956,1195.6,10760.4,8133.32,2627.08,24.41433403962678
ORD00788,2025-02-13,CUST0635,P007,1,10.0,Debit Card,Delivered,CMP004,5886,3178.13,5886,588.6,5297.4,3178.13,2119.2699999999995,40.00585192736059
ORD00789,2025-01-27,CUST0560,P023,3,20.0,COD,Returned,CMP003,5137,3830.78,15411,3082.2,12328.8,11492.34,836.4599999999991,6.78460190772824
ORD00790,2025-10-09,CUST0800,P002,1,20.0,COD,Cancelled,CMP006,6053,3796.4,6053,1210.6,4842.4,3796.4,1045.9999999999995,21.60085907814306
ORD00791,2025-04-07,CUST0376,P012,1,25.0,Debit Card,Delivered,CMP001,5080,2793.69,5080,1270.0,3810.0,2793.69,1016.31,26.674803149606298
ORD00792,2025-02-05,CUST0691,P019,2,10.0,COD,Delivered,CMP005,7745,4299.97,15490,1549.0,13941.0,8599.94,5341.0599999999995,38.31188580446165
ORD00793,2025-04-19,CUST0692,P012,1,25.0,,Delivered,CMP001,5080,2793.69,5080,1270.0,3810.0,2793.69,1016.31,26.674803149606298
ORD00794,2025-02-24,CUST0099,P016,2,20.0,Credit Card,Delivered,CMP005,7713,5310.71,15426,3085.2,12340.8,10621.42,1719.3799999999992,13.932484117723318
ORD00795,2025-07-11,CUST0842,P006,1,5.0,Net Banking,Delivered,CMP004,4933,3611.45,4933,246.65,4686.35,3611.45,1074.9000000000005,22.936827168265292
ORD00796,2025-08-07,CUST0034,P003,1,5.0,COD,Delivered,CMP004,5857,3883.91,5857,292.85,5564.15,3883.91,1680.2399999999998,30.197604306138402
ORD00797,2025-07-04,CUST0932,P002,4,0.0,Debit Card,Delivered,CMP003,6053,3796.4,24212,0.0,24212.0,15185.6,9026.4,37.280687262514455
ORD00798,2025-03-10,CUST0582,P020,1,0.0,Net Banking,Delivered,CMP006,7452,4168.44,7452,0.0,7452.0,4168.44,3283.5600000000004,44.06280193236716
ORD00799,2025-11-13,CUST0171,P005,1,0.0,Credit Card,Delivered,CMP002,1046,807.54,1046,0.0,1046.0,807.54,238.46000000000004,22.797323135755263
ORD00800,2025-05-10,CUST0366,P011,2,0.0,Net Banking,Delivered,CMP002,7881,6026.38,15762,0.0,15762.0,12052.76,3709.24,23.53280040603984
ORD00801,2025-02-24,CUST0784,P025,1,15.0,UPI,Delivered,CMP002,7392,5142.33,7392,1108.8,6283.2,5142.33,1140.87,18.157467532467532
ORD00802,2025-04-07,CUST0059,P003,1,5.0,COD,Delivered,CMP005,5857,3883.91,5857,292.85,5564.15,3883.91,1680.2399999999998,30.197604306138402
ORD00803,2025-12-02,CUST0181,P003,2,5.0,Debit Card,Delivered,CMP003,5857,3883.91,11714,585.7,11128.3,7767.82,3360.4799999999996,30.197604306138402
ORD00804,2025-03-28,CUST0019,P022,2,15.0,Credit Card,Delivered,CMP003,5915,3970.45,11830,1774.5,10055.5,7940.9,2114.6000000000004,21.029287454626825
ORD00805,2025-10-21,CUST0226,P005,1,20.0,Net Banking,Delivered,CMP005,1046,807.54,1046,209.2,836.8,807.54,29.25999999999999,3.496653919694072
ORD00806,2025-04-29,CUST0473,P022,1,25.0,Debit Card,Returned,CMP005,5915,3970.45,5915,1478.75,4436.25,3970.45,465.8000000000002,10.499859115243733
ORD00807,2025-07-27,CUST0095,P023,2,10.0,COD,Delivered,CMP001,5137,3830.78,10274,1027.4,9246.6,7661.56,1585.04,17.141868362425107
ORD00808,2025-11-30,CUST0881,P011,4,10.0,Debit Card,Delivered,CMP003,7881,6026.38,31524,3152.4,28371.6,24105.52,4266.079999999998,15.036444895599818
ORD00809,2025-06-03,CUST0297,P003,1,5.0,COD,Delivered,CMP001,5857,3883.91,5857,292.85,5564.15,3883.91,1680.2399999999998,30.197604306138402
ORD00810,2025-02-04,CUST0593,P013,3,0.0,COD,Delivered,CMP006,6435,4995.55,19305,0.0,19305.0,14986.650000000001,4318.3499999999985,22.36907536907536
ORD00811,2025-03-20,CUST0175,P021,1,0.0,COD,Delivered,CMP005,5045,2967.68,5045,0.0,5045.0,2967.68,2077.32,41.17581764122894
ORD00812,2025-03-08,CUST0222,P008,2,5.0,Net Banking,Delivered,CMP005,3129,1758.81,6258,312.9,5945.1,3517.62,2427.4800000000005,40.831609224403294
ORD00813,2025-12-09,CUST0615,P020,2,25.0,COD,Delivered,CMP004,7452,4168.44,14904,3726.0,11178.0,8336.88,2841.120000000001,25.41706924315621
ORD00814,2025-02-03,CUST0054,P010,1,0.0,Debit Card,Delivered,CMP003,3310,2109.97,3310,0.0,3310.0,2109.97,1200.0300000000002,36.254682779456196
ORD00815,2025-04-07,CUST0695,P002,2,0.0,UPI,Delivered,CMP003,6053,3796.4,12106,0.0,12106.0,7592.8,4513.2,37.280687262514455
ORD00816,2025-06-18,CUST0863,P004,1,0.0,Debit Card,Delivered,CMP003,2776,1530.45,2776,0.0,2776.0,1530.45,1245.55,44.86851585014409
ORD00817,2025-06-18,CUST0403,P018,1,15.0,Net Banking,Delivered,CMP001,6660,5091.78,6660,999.0,5661.0,5091.78,569.2200000000003,10.055113937466883
ORD00818,2025-05-31,CUST0318,P019,3,5.0,COD,Returned,CMP006,7745,4299.97,23235,1161.75,22073.25,12899.91,9173.34,41.55862865685842
ORD00819,2025-03-12,CUST0867,P004,1,10.0,UPI,Cancelled,CMP003,2776,1530.45,2776,277.6,2498.4,1530.45,967.95,38.74279538904899
ORD00820,2025-01-03,CUST0349,P020,4,0.0,Net Banking,Delivered,CMP006,7452,4168.44,29808,0.0,29808.0,16673.76,13134.240000000002,44.06280193236716
ORD00821,2025-11-10,CUST0443,P009,2,5.0,Credit Card,Returned,CMP006,1097,712.85,2194,109.7,2084.3,1425.7,658.6000000000001,31.59813846375282
ORD00822,2025-02-01,CUST0833,P016,1,0.0,Credit Card,Delivered,CMP005,7713,5310.71,7713,0.0,7713.0,5310.71,2402.29,31.145987294178656
ORD00823,2025-10-14,CUST0580,P006,1,10.0,Credit Card,Delivered,CMP004,4933,3611.45,4933,493.3,4439.7,3611.45,828.25,18.655539788724465
ORD00824,2025-03-23,CUST0540,P025,1,0.0,UPI,Delivered,CMP001,7392,5142.33,7392,0.0,7392.0,5142.33,2249.67,30.4338474025974
ORD00825,2025-02-12,CUST0786,P004,1,15.0,Debit Card,Returned,CMP002,2776,1530.45,2776,416.4,2359.6,1530.45,829.1499999999999,35.13943041193422
ORD00826,2025-04-15,CUST0282,P009,1,10.0,UPI,Delivered,CMP004,1097,712.85,1097,109.7,987.3,712.85,274.44999999999993,27.798035045072417
ORD00827,2025-01-01,CUST0360,P013,3,15.0,UPI,Delivered,CMP001,6435,4995.55,19305,2895.75,16409.25,14986.650000000001,1422.5999999999985,8.669500434206308
ORD00828,2025-03-02,CUST0915,P009,4,5.0,UPI,Returned,CMP001,1097,712.85,4388,219.4,4168.6,2851.4,1317.2000000000003,31.59813846375282
ORD00829,2025-09-27,CUST0823,P006,1,5.0,Credit Card,Delivered,CMP004,4933,3611.45,4933,246.65,4686.35,3611.45,1074.9000000000005,22.936827168265292
ORD00830,2025-06-29,CUST0631,P021,2,0.0,Debit Card,Cancelled,CMP006,5045,2967.68,10090,0.0,10090.0,5935.36,4154.64,41.17581764122894
ORD00831,2025-08-12,CUST0892,P019,1,10.0,UPI,Delivered,CMP006,7745,4299.97,7745,774.5,6970.5,4299.97,2670.5299999999997,38.31188580446165
ORD00832,2025-01-06,CUST0953,P014,3,10.0,Debit Card,Delivered,CMP001,6801,4221.32,20403,2040.3,18362.7,12663.96,5698.740000000002,31.034325017562786
ORD00833,2025-04-13,CUST0646,P021,4,10.0,COD,Shipped,CMP006,5045,2967.68,20180,2018.0,18162.0,11870.72,6291.280000000001,34.639797379143275
ORD00834,2025-01-10,CUST0641,P015,4,15.0,UPI,Delivered,CMP004,5978,4066.66,23912,3586.8,20325.2,16266.64,4058.5600000000013,19.968118394898948
ORD00835,2025-03-12,CUST0008,P003,1,20.0,UPI,Cancelled,CMP005,5857,3883.91,5857,1171.4,4685.6,3883.91,801.6900000000005,17.109655113539365
ORD00836,2025-03-31,CUST0993,P005,1,15.0,UPI,Shipped,CMP002,1046,807.54,1046,156.9,889.1,807.54,81.56000000000006,9.173321336182664
ORD00837,2025-08-14,CUST0563,P021,2,0.0,COD,Delivered,CMP005,5045,2967.68,10090,0.0,10090.0,5935.36,4154.64,41.17581764122894
ORD00838,2025-06-07,CUST0491,P018,4,10.0,COD,Delivered,CMP004,6660,5091.78,26640,2664.0,23976.0,20367.12,3608.880000000001,15.052052052052057
ORD00839,2025-08-16,CUST0341,P014,1,0.0,Credit Card,Delivered,CMP004,6801,4221.32,6801,0.0,6801.0,4221.32,2579.6800000000003,37.930892515806505
ORD00840,2025-05-06,CUST0472,P016,4,15.0,Net Banking,Delivered,CMP002,7713,5310.71,30852,4627.8,26224.2,21242.84,4981.360000000001,18.995279169621952
ORD00841,2025-07-28,CUST0793,P014,1,5.0,Debit Card,Delivered,CMP005,6801,4221.32,6801,340.05,6460.95,4221.32,2239.63,34.66409738505948
ORD00842,2025-04-07,CUST0687,P009,4,0.0,Net Banking,Returned,CMP006,1097,712.85,4388,0.0,4388.0,2851.4,1536.6,35.018231540565175
ORD00843,2025-03-15,CUST0695,P015,1,20.0,UPI,Delivered,CMP006,5978,4066.66,5978,1195.6,4782.4,4066.66,715.7399999999998,14.966125794580124
ORD00844,2025-04-25,CUST0704,P007,4,10.0,UPI,Returned,CMP002,5886,3178.13,23544,2354.4,21189.6,12712.52,8477.079999999998,40.00585192736059
ORD00845,2025-07-10,CUST0249,P014,4,5.0,Credit Card,Cancelled,CMP003,6801,4221.32,27204,1360.2,25843.8,16885.28,8958.52,34.66409738505948
ORD00846,2025-06-19,CUST0235,P006,3,0.0,Net Banking,Shipped,CMP002,4933,3611.45,14799,0.0,14799.0,10834.349999999999,3964.6500000000015,26.78998580985203
ORD00847,2025-11-03,CUST0083,P021,1,10.0,UPI,Shipped,CMP004,5045,2967.68,5045,504.5,4540.5,2967.68,1572.8200000000002,34.639797379143275
ORD00848,2025-07-23,CUST0093,P015,2,20.0,Net Banking,Delivered,CMP005,5978,4066.66,11956,2391.2,9564.8,8133.32,1431.4799999999996,14.966125794580124
ORD00849,2025-02-25,CUST0885,P020,2,10.0,Credit Card,Returned,CMP002,7452,4168.44,14904,1490.4,13413.6,8336.88,5076.720000000001,37.847557702630176
ORD00850,2025-07-27,CUST0394,P008,1,25.0,Net Banking,Delivered,CMP006,3129,1758.81,3129,782.25,2346.75,1758.81,587.94,25.05337168424417
ORD00851,2025-02-10,CUST0824,P002,2,0.0,Debit Card,Delivered,CMP004,6053,3796.4,12106,0.0,12106.0,7592.8,4513.2,37.280687262514455
ORD00852,2025-02-01,CUST0268,P008,2,10.0,Credit Card,Delivered,CMP002,3129,1758.81,6258,625.8,5632.2,3517.62,2114.58,37.544476403536805
ORD00853,2025-01-15,CUST0417,P001,3,15.0,Net Banking,Delivered,CMP002,6748,4695.17,20244,3036.6,17207.4,14085.51,3121.8900000000012,18.14271766798006
ORD00854,2025-03-03,CUST0632,P017,1,10.0,UPI,Delivered,CMP001,4817,3075.17,4817,481.7,4335.3,3075.17,1260.13,29.066731252739142
ORD00855,2025-06-04,CUST0583,P019,4,0.0,COD,Delivered,CMP004,7745,4299.97,30980,0.0,30980.0,17199.88,13780.119999999999,44.48069722401549
ORD00856,2025-10-11,CUST0529,P005,2,10.0,COD,Delivered,CMP001,1046,807.54,2092,209.2,1882.8,1615.08,267.72,14.219247928616955
ORD00857,2025-07-28,CUST0253,P022,2,10.0,Credit Card,Delivered,CMP004,5915,3970.45,11830,1183.0,10647.0,7940.9,2706.1000000000004,25.416549262703114
ORD00858,2025-11-16,CUST0957,P020,4,15.0,COD,Delivered,CMP005,7452,4168.44,29808,4471.2,25336.8,16673.76,8663.04,34.191531685137825
ORD00859,2025-07-06,CUST0122,P016,1,15.0,Debit Card,Returned,CMP003,7713,5310.71,7713,1156.95,6556.05,5310.71,1245.3400000000001,18.995279169621952
ORD00860,2025-05-10,CUST0892,P007,2,15.0,Credit Card,Delivered,CMP001,5886,3178.13,11772,1765.8,10006.2,6356.26,3649.9400000000005,36.47678439367592
ORD00861,2025-05-07,CUST0010,P007,2,10.0,UPI,Delivered,CMP004,5886,3178.13,11772,1177.2,10594.8,6356.26,4238.539999999999,40.00585192736059
ORD00862,2025-10-19,CUST0799,P018,1,0.0,UPI,Cancelled,CMP002,6660,5091.78,6660,0.0,6660.0,5091.78,1568.2200000000003,23.54684684684685
ORD00863,2025-04-24,CUST0316,P018,1,5.0,Credit Card,Returned,CMP006,6660,5091.78,6660,333.0,6327.0,5091.78,1235.2200000000003,19.52299668089142
ORD00864,2025-07-18,CUST0838,P002,1,15.0,COD,Cancelled,CMP003,6053,3796.4,6053,907.95,5145.05,3796.4,1348.65,26.21257325001701
ORD00865,2025-01-13,CUST0273,P015,1,25.0,COD,Delivered,CMP001,5978,4066.66,5978,1494.5,4483.5,4066.66,416.84000000000015,9.297200847552139
ORD00866,2025-09-28,CUST0306,P014,2,0.0,UPI,Delivered,CMP004,6801,4221.32,13602,0.0,13602.0,8442.64,5159.360000000001,37.930892515806505
ORD00867,2025-03-30,CUST0805,P018,3,10.0,Debit Card,Delivered,CMP005,6660,5091.78,19980,1998.0,17982.0,15275.34,2706.66,15.052052052052051
ORD00868,2025-08-03,CUST0210,P009,1,5.0,COD,Delivered,CMP001,1097,712.85,1097,54.85,1042.15,712.85,329.30000000000007,31.59813846375282
ORD00869,2025-10-05,CUST0958,P014,1,0.0,Debit Card,Delivered,CMP003,6801,4221.32,6801,0.0,6801.0,4221.32,2579.6800000000003,37.930892515806505
ORD00870,2025-07-22,CUST0730,P005,1,10.0,COD,Delivered,CMP005,1046,807.54,1046,104.6,941.4,807.54,133.86,14.219247928616955
ORD00871,2025-03-15,CUST0753,P011,1,10.0,Credit Card,Returned,CMP001,7881,6026.38,7881,788.1,7092.9,6026.38,1066.5199999999995,15.036444895599818
ORD00872,2025-01-25,CUST0886,P008,1,0.0,Net Banking,Delivered,CMP001,3129,1758.81,3129,0.0,3129.0,1758.81,1370.19,43.79002876318312
ORD00873,2025-04-11,CUST0464,P005,4,15.0,UPI,Delivered,CMP004,1046,807.54,4184,627.6,3556.4,3230.16,326.24000000000024,9.173321336182664
ORD00874,2025-06-25,CUST0712,P011,1,15.0,Credit Card,Delivered,CMP005,7881,6026.38,7881,1182.15,6698.85,6026.38,672.4700000000003,10.038588712988053
ORD00875,2025-04-27,CUST0728,P005,1,25.0,COD,Delivered,CMP005,1046,807.54,1046,261.5,784.5,807.54,-23.039999999999964,-2.9369024856596515
ORD00876,2025-06-15,CUST0717,P017,3,0.0,UPI,Delivered,CMP003,4817,3075.17,14451,0.0,14451.0,9225.51,5225.49,36.16005812746523
ORD00877,2025-02-10,CUST0925,P022,4,10.0,Net Banking,Delivered,CMP003,5915,3970.45,23660,2366.0,21294.0,15881.8,5412.200000000001,25.416549262703114
ORD00878,2025-12-10,CUST0416,P004,3,5.0,Net Banking,Delivered,CMP003,2776,1530.45,8328,416.4,7911.6,4591.35,3320.25,41.96685878962536
ORD00879,2025-04-30,CUST0216,P015,4,5.0,COD,Cancelled,CMP005,5978,4066.66,23912,1195.6,22716.4,16266.64,6449.760000000002,28.392526984909587
ORD00880,2025-04-07,CUST0080,P019,4,10.0,UPI,Cancelled,CMP004,7745,4299.97,30980,3098.0,27882.0,17199.88,10682.119999999999,38.31188580446165
ORD00881,2025-05-25,CUST0779,P022,2,15.0,COD,Delivered,CMP002,5915,3970.45,11830,1774.5,10055.5,7940.9,2114.6000000000004,21.029287454626825
ORD00882,2025-08-04,CUST0480,P002,1,0.0,Net Banking,Delivered,CMP002,6053,3796.4,6053,0.0,6053.0,3796.4,2256.6,37.280687262514455
ORD00883,2025-08-17,CUST0902,P024,2,25.0,Credit Card,Delivered,CMP005,972,537.49,1944,486.0,1458.0,1074.98,383.02,26.270233196159122
ORD00884,2025-11-09,CUST0891,P017,1,15.0,Credit Card,Delivered,CMP003,4817,3075.17,4817,722.55,4094.45,3075.17,1019.2799999999997,24.894186032312028
ORD00885,2025-05-10,CUST0547,P012,1,15.0,Debit Card,Delivered,CMP001,5080,2793.69,5080,762.0,4318.0,2793.69,1524.31,35.301296896711435
ORD00886,2025-12-18,CUST0801,P025,2,15.0,Net Banking,Delivered,CMP001,7392,5142.33,14784,2217.6,12566.4,10284.66,2281.74,18.157467532467532
ORD00887,2025-11-14,CUST0018,P024,2,5.0,Net Banking,Delivered,CMP006,972,537.49,1944,97.2,1846.8,1074.98,771.8199999999999,41.79228936538878
ORD00888,2025-05-17,CUST0165,P017,4,15.0,COD,Delivered,CMP006,4817,3075.17,19268,2890.2,16377.8,12300.68,4077.119999999999,24.894186032312028
ORD00889,2025-11-20,CUST0525,P010,1,5.0,Debit Card,Delivered,CMP002,3310,2109.97,3310,165.5,3144.5,2109.97,1034.5300000000002,32.89966608363811
ORD00890,2025-12-03,CUST0202,P025,1,20.0,Debit Card,Delivered,CMP003,7392,5142.33,7392,1478.4,5913.6,5142.33,771.2700000000004,13.042309253246758
ORD00891,2025-09-30,CUST0741,P018,2,0.0,UPI,Delivered,CMP001,6660,5091.78,13320,0.0,13320.0,10183.56,3136.4400000000005,23.54684684684685
ORD00892,2025-04-27,CUST0346,P019,3,5.0,COD,Delivered,CMP002,7745,4299.97,23235,1161.75,22073.25,12899.91,9173.34,41.55862865685842
ORD00893,2025-11-02,CUST0366,P018,1,10.0,Credit Card,Delivered,CMP003,6660,5091.78,6660,666.0,5994.0,5091.78,902.2200000000003,15.052052052052057
ORD00894,2025-04-04,CUST0977,P013,1,5.0,UPI,Delivered,CMP002,6435,4995.55,6435,321.75,6113.25,4995.55,1117.6999999999998,18.283237230605646
ORD00895,2025-06-17,CUST0448,P014,4,5.0,Debit Card,Returned,CMP004,6801,4221.32,27204,1360.2,25843.8,16885.28,8958.52,34.66409738505948
ORD00896,2025-07-22,CUST0513,P024,1,10.0,Credit Card,Delivered,CMP003,972,537.49,972,97.2,874.8,537.49,337.30999999999995,38.55852766346593
ORD00897,2025-12-07,CUST0319,P016,4,20.0,Net Banking,Delivered,CMP005,7713,5310.71,30852,6170.4,24681.6,21242.84,3438.7599999999984,13.932484117723318
ORD00898,2025-05-29,CUST0217,P018,3,10.0,COD,Delivered,CMP005,6660,5091.78,19980,1998.0,17982.0,15275.34,2706.66,15.052052052052051
ORD00899,2025-07-02,CUST0034,P018,1,5.0,Debit Card,Delivered,CMP001,6660,5091.78,6660,333.0,6327.0,5091.78,1235.2200000000003,19.52299668089142
ORD00900,2025-06-01,CUST0871,P016,4,0.0,Net Banking,Delivered,CMP001,7713,5310.71,30852,0.0,30852.0,21242.84,9609.16,31.145987294178656
ORD00901,2025-03-15,CUST0266,P017,4,5.0,Debit Card,Delivered,CMP006,4817,3075.17,19268,963.4,18304.6,12300.68,6003.919999999998,32.80006118680549
ORD00902,2025-12-31,CUST0640,P007,1,10.0,Credit Card,Returned,CMP005,5886,3178.13,5886,588.6,5297.4,3178.13,2119.2699999999995,40.00585192736059
ORD00903,2025-10-01,CUST0724,P012,3,15.0,UPI,Delivered,CMP003,5080,2793.69,15240,2286.0,12954.0,8381.07,4572.93,35.30129689671144
ORD00904,2025-02-11,CUST0775,P002,1,0.0,Credit Card,Delivered,CMP001,6053,3796.4,6053,0.0,6053.0,3796.4,2256.6,37.280687262514455
ORD00905,2025-07-31,CUST0824,P010,3,0.0,COD,Delivered,CMP006,3310,2109.97,9930,0.0,9930.0,6329.91,3600.09,36.254682779456196
ORD00906,2025-04-11,CUST0080,P005,3,5.0,COD,Returned,CMP002,1046,807.54,3138,156.9,2981.1,2422.62,558.48,18.73402435342659
ORD00907,2025-02-14,CUST0677,P021,2,5.0,Debit Card,Delivered,CMP001,5045,2967.68,10090,504.5,9585.5,5935.36,3650.1400000000003,38.07980804339889
ORD00908,2025-03-23,CUST0413,P003,2,5.0,Credit Card,Delivered,CMP006,5857,3883.91,11714,585.7,11128.3,7767.82,3360.4799999999996,30.197604306138402
ORD00909,2025-01-17,CUST0252,P019,2,15.0,UPI,Delivered,CMP005,7745,4299.97,15490,2323.5,13166.5,8599.94,4566.5599999999995,34.683173204724106
ORD00910,2025-03-14,CUST0012,P013,1,5.0,COD,Delivered,CMP004,6435,4995.55,6435,321.75,6113.25,4995.55,1117.6999999999998,18.283237230605646
ORD00911,2025-01-14,CUST0401,P012,1,10.0,UPI,Delivered,CMP001,5080,2793.69,5080,508.0,4572.0,2793.69,1778.31,38.89566929133858
ORD00912,2025-06-06,CUST0816,P003,3,10.0,Net Banking,Delivered,CMP003,5857,3883.91,17571,1757.1,15813.9,11651.73,4162.17,26.319693434257207
ORD00913,2025-08-11,CUST0724,P006,2,0.0,Debit Card,Delivered,CMP004,4933,3611.45,9866,0.0,9866.0,7222.9,2643.1000000000004,26.78998580985202
ORD00914,2025-05-12,CUST0282,P014,1,15.0,UPI,Delivered,CMP005,6801,4221.32,6801,1020.15,5780.85,4221.32,1559.5300000000007,26.977520606831185
ORD00915,2025-12-04,CUST0112,P004,2,10.0,Debit Card,Returned,CMP003,2776,1530.45,5552,555.2,4996.8,3060.9,1935.9,38.74279538904899
ORD00916,2025-02-16,CUST0723,P013,1,10.0,Net Banking,Returned,CMP006,6435,4995.55,6435,643.5,5791.5,4995.55,795.9499999999998,13.743417076750408
ORD00917,2025-04-17,CUST0378,P019,4,15.0,UPI,Delivered,CMP002,7745,4299.97,30980,4647.0,26333.0,17199.88,9133.119999999999,34.683173204724106
ORD00918,2025-04-18,CUST0751,P018,3,0.0,UPI,Delivered,CMP001,6660,5091.78,19980,0.0,19980.0,15275.34,4704.66,23.546846846846847
ORD00919,2025-09-22,CUST0268,P003,1,20.0,Net Banking,Delivered,CMP002,5857,3883.91,5857,1171.4,4685.6,3883.91,801.6900000000005,17.109655113539365
ORD00920,2025-07-24,CUST0917,P020,3,10.0,Credit Card,Delivered,CMP004,7452,4168.44,22356,2235.6,20120.4,12505.32,7615.080000000002,37.847557702630176
ORD00921,2025-03-20,CUST0298,P006,1,10.0,UPI,Delivered,CMP005,4933,3611.45,4933,493.3,4439.7,3611.45,828.25,18.655539788724465
ORD00922,2025-06-04,CUST0317,P016,2,20.0,UPI,Delivered,CMP005,7713,5310.71,15426,3085.2,12340.8,10621.42,1719.3799999999992,13.932484117723318
ORD00923,2025-09-28,CUST0570,P020,1,15.0,COD,Delivered,CMP001,7452,4168.44,7452,1117.8,6334.2,4168.44,2165.76,34.191531685137825
ORD00924,2025-09-04,CUST0509,P024,1,10.0,Credit Card,Delivered,CMP006,972,537.49,972,97.2,874.8,537.49,337.30999999999995,38.55852766346593
ORD00925,2025-01-19,CUST0950,P003,1,15.0,UPI,Delivered,CMP002,5857,3883.91,5857,878.55,4978.45,3883.91,1094.54,21.985557753919394
ORD00926,2025-12-12,CUST0546,P012,2,10.0,Net Banking,Delivered,CMP002,5080,2793.69,10160,1016.0,9144.0,5587.38,3556.62,38.89566929133858
ORD00927,2025-01-26,CUST0775,P019,1,10.0,Debit Card,Cancelled,CMP004,7745,4299.97,7745,774.5,6970.5,4299.97,2670.5299999999997,38.31188580446165
ORD00928,2025-08-05,CUST0365,P019,1,0.0,Net Banking,Delivered,CMP002,7745,4299.97,7745,0.0,7745.0,4299.97,3445.0299999999997,44.48069722401549
ORD00929,2025-06-03,CUST0547,P024,1,0.0,Credit Card,Shipped,CMP003,972,537.49,972,0.0,972.0,537.49,434.51,44.702674897119344
ORD00930,2025-06-03,CUST0271,P004,3,,COD,Cancelled,CMP003,2776,1530.45,8328,1249.2,7078.8,4591.35,2487.45,35.13943041193423
ORD00931,2025-06-23,CUST0961,P001,1,0.0,COD,Delivered,CMP002,6748,4695.17,6748,0.0,6748.0,4695.17,2052.83,30.421310017783043
ORD00932,2025-04-02,CUST0474,P002,1,0.0,COD,Delivered,CMP002,6053,3796.4,6053,0.0,6053.0,3796.4,2256.6,37.280687262514455
ORD00933,2025-12-04,CUST0739,P013,1,15.0,,Delivered,CMP003,6435,4995.55,6435,965.25,5469.75,4995.55,474.1999999999998,8.669500434206313
ORD00934,2025-06-30,CUST0537,P013,3,0.0,Debit Card,Delivered,CMP002,6435,4995.55,19305,0.0,19305.0,14986.650000000001,4318.3499999999985,22.36907536907536
ORD00935,2025-05-11,CUST0234,P002,1,5.0,Debit Card,Delivered,CMP003,6053,3796.4,6053,302.65,5750.35,3796.4,1953.9500000000003,33.9796708026468
ORD00936,2025-10-25,CUST0059,P019,2,10.0,UPI,Delivered,CMP005,7745,4299.97,15490,1549.0,13941.0,8599.94,5341.0599999999995,38.31188580446165
ORD00937,2025-10-02,CUST0251,P022,2,10.0,Debit Card,Shipped,CMP001,5915,3970.45,11830,1183.0,10647.0,7940.9,2706.1000000000004,25.416549262703114
ORD00938,2025-09-30,CUST0847,P024,1,15.0,Debit Card,Cancelled,CMP004,972,537.49,972,145.8,826.2,537.49,288.71000000000004,34.9443234083757
ORD00939,2025-03-17,CUST0086,P016,3,10.0,UPI,Delivered,CMP004,7713,5310.71,23139,2313.9,20825.1,15932.130000000001,4892.9699999999975,23.49554143797628
ORD00940,2025-06-26,CUST0763,P012,1,10.0,Net Banking,Delivered,CMP005,5080,2793.69,5080,508.0,4572.0,2793.69,1778.31,38.89566929133858
ORD00941,2025-07-03,CUST0390,P001,1,15.0,Net Banking,Cancelled,CMP005,6748,4695.17,6748,1012.2,5735.8,4695.17,1040.63,18.142717667980058
ORD00942,2025-11-15,CUST0180,P009,2,10.0,Credit Card,Delivered,CMP001,1097,712.85,2194,219.4,1974.6,1425.7,548.8999999999999,27.798035045072417
ORD00943,2025-05-11,CUST0719,P017,1,10.0,Net Banking,Delivered,CMP001,4817,3075.17,4817,481.7,4335.3,3075.17,1260.13,29.066731252739142
ORD00944,2025-12-29,CUST0856,P010,1,20.0,COD,Delivered,CMP004,3310,2109.97,3310,662.0,2648.0,2109.97,538.0300000000002,20.31835347432025
ORD00945,2025-02-18,CUST0149,P018,1,5.0,COD,Delivered,CMP005,6660,5091.78,6660,333.0,6327.0,5091.78,1235.2200000000003,19.52299668089142
ORD00946,2025-02-24,CUST0583,P019,2,5.0,Credit Card,Delivered,CMP002,7745,4299.97,15490,774.5,14715.5,8599.94,6115.5599999999995,41.55862865685841
ORD00947,2025-06-03,CUST0121,P007,1,0.0,Debit Card,Delivered,CMP003,5886,3178.13,5886,0.0,5886.0,3178.13,2707.87,46.005266734624534
ORD00948,2025-12-21,CUST0765,P025,1,10.0,Credit Card,Delivered,CMP005,7392,5142.33,7392,739.2,6652.8,5142.33,1510.4700000000003,22.704274891774894
ORD00949,2025-07-19,CUST0605,P019,3,0.0,UPI,Delivered,CMP005,7745,4299.97,23235,0.0,23235.0,12899.91,10335.09,44.48069722401549
ORD00950,2025-11-04,CUST0256,P024,1,10.0,Credit Card,Delivered,CMP004,972,537.49,972,97.2,874.8,537.49,337.30999999999995,38.55852766346593
ORD00951,2025-12-22,CUST0766,P015,1,15.0,Credit Card,Delivered,CMP001,5978,4066.66,5978,896.7,5081.3,4066.66,1014.6400000000003,19.968118394898948
ORD00952,2025-04-28,CUST0864,P009,3,10.0,COD,Delivered,CMP001,1097,712.85,3291,329.1,2961.9,2138.55,823.3499999999999,27.798035045072417
ORD00953,2025-09-20,CUST0800,P010,1,5.0,UPI,Delivered,CMP003,3310,2109.97,3310,165.5,3144.5,2109.97,1034.5300000000002,32.89966608363811
ORD00954,2025-02-15,CUST0309,P023,4,15.0,UPI,Delivered,CMP001,5137,3830.78,20548,3082.2,17465.8,15323.12,2142.6799999999985,12.267860619038341
ORD00955,2025-10-29,CUST0059,P020,2,5.0,Credit Card,Delivered,CMP006,7452,4168.44,14904,745.2,14158.8,8336.88,5821.92,41.11873887617595
ORD00956,2025-12-22,CUST0069,P020,2,15.0,UPI,Delivered,CMP001,7452,4168.44,14904,2235.6,12668.4,8336.88,4331.52,34.191531685137825
ORD00957,2025-07-08,CUST0446,P004,3,10.0,UPI,Delivered,CMP001,2776,1530.45,8328,832.8,7495.2,4591.35,2903.8499999999995,38.742795389048986
ORD00958,2025-11-06,CUST0388,P006,2,0.0,Net Banking,Delivered,CMP001,4933,3611.45,9866,0.0,9866.0,7222.9,2643.1000000000004,26.78998580985202
ORD00959,2025-11-14,CUST0086,P004,1,20.0,UPI,Delivered,CMP004,2776,1530.45,2776,555.2,2220.8,1530.45,690.3500000000001,31.08564481268012
ORD00960,2025-05-09,CUST0786,P005,4,0.0,Debit Card,Delivered,CMP003,1046,807.54,4184,0.0,4184.0,3230.16,953.8400000000001,22.797323135755263
ORD00961,2025-02-18,CUST0227,P009,2,25.0,UPI,Delivered,CMP004,1097,712.85,2194,548.5,1645.5,1425.7,219.79999999999995,13.357642054086902
ORD00962,2025-01-25,CUST0593,P012,3,0.0,COD,Delivered,CMP006,5080,2793.69,15240,0.0,15240.0,8381.07,6858.93,45.00610236220473
ORD00963,2025-09-23,CUST0626,P023,4,5.0,Net Banking,Delivered,CMP003,5137,3830.78,20548,1027.4,19520.6,15323.12,4197.479999999998,21.502822659139564
ORD00964,2025-04-28,CUST0184,P008,1,0.0,COD,Delivered,CMP001,3129,1758.81,3129,0.0,3129.0,1758.81,1370.19,43.79002876318312
ORD00965,2025-05-24,CUST0792,P021,2,0.0,COD,Delivered,CMP005,5045,2967.68,10090,0.0,10090.0,5935.36,4154.64,41.17581764122894
ORD00966,2025-07-19,CUST0322,P005,2,15.0,Debit Card,Returned,CMP005,1046,807.54,2092,313.8,1778.2,1615.08,163.12000000000012,9.173321336182664
ORD00967,2025-06-06,CUST0909,P011,1,,Net Banking,Delivered,CMP001,7881,6026.38,7881,1182.15,6698.85,6026.38,672.4700000000003,10.038588712988053
ORD00968,2025-12-14,CUST0318,P023,1,15.0,Credit Card,Delivered,CMP002,5137,3830.78,5137,770.55,4366.45,3830.78,535.6699999999996,12.267860619038341
ORD00969,2025-05-14,CUST0566,P011,4,5.0,UPI,Delivered,CMP005,7881,6026.38,31524,1576.2,29947.8,24105.52,5842.279999999999,19.508210953726145
ORD00970,2025-05-28,CUST0399,P013,4,10.0,Debit Card,Delivered,CMP002,6435,4995.55,25740,2574.0,23166.0,19982.2,3183.7999999999993,13.743417076750408
ORD00971,2025-12-02,CUST0709,P014,3,10.0,Debit Card,Delivered,CMP003,6801,4221.32,20403,2040.3,18362.7,12663.96,5698.740000000002,31.034325017562786
ORD00972,2025-03-12,CUST0899,P008,2,10.0,Credit Card,Delivered,CMP005,3129,1758.81,6258,625.8,5632.2,3517.62,2114.58,37.544476403536805
ORD00973,2025-08-21,CUST0293,P025,3,15.0,Debit Card,Delivered,CMP001,7392,5142.33,22176,3326.4,18849.6,15426.99,3422.6099999999988,18.15746753246753
ORD00974,2025-11-30,CUST0293,P018,4,10.0,Credit Card,Returned,CMP004,6660,5091.78,26640,2664.0,23976.0,20367.12,3608.880000000001,15.052052052052057
ORD00975,2025-10-26,CUST0485,P019,2,0.0,Credit Card,Delivered,CMP002,7745,4299.97,15490,0.0,15490.0,8599.94,6890.0599999999995,44.48069722401549
ORD00976,2025-06-03,CUST0899,P012,3,15.0,Credit Card,Delivered,CMP001,5080,2793.69,15240,2286.0,12954.0,8381.07,4572.93,35.30129689671144
ORD00977,2025-03-31,CUST0447,P012,1,15.0,Debit Card,Delivered,CMP004,5080,2793.69,5080,762.0,4318.0,2793.69,1524.31,35.301296896711435
ORD00978,2025-11-30,CUST0803,P018,1,10.0,Credit Card,Delivered,CMP001,6660,5091.78,6660,666.0,5994.0,5091.78,902.2200000000003,15.052052052052057
ORD00979,2025-07-18,CUST0692,P010,1,0.0,Debit Card,Delivered,CMP005,3310,2109.97,3310,0.0,3310.0,2109.97,1200.0300000000002,36.254682779456196
ORD00980,2025-06-10,CUST0983,P007,4,5.0,Net Banking,Delivered,CMP002,5886,3178.13,23544,1177.2,22366.8,12712.52,9654.279999999999,43.16343866802582
ORD00981,2025-01-26,CUST0892,P018,3,5.0,Credit Card,Delivered,CMP001,6660,5091.78,19980,999.0,18981.0,15275.34,3705.66,19.522996680891417
ORD00982,2025-05-01,CUST0412,P012,1,5.0,Debit Card,Delivered,CMP001,5080,2793.69,5080,254.0,4826.0,2793.69,2032.31,42.11168669705761
ORD00983,2025-10-28,CUST0508,P014,1,0.0,Debit Card,Delivered,CMP005,6801,4221.32,6801,0.0,6801.0,4221.32,2579.6800000000003,37.930892515806505
ORD00984,2025-07-31,CUST0734,P015,2,15.0,Debit Card,Delivered,CMP002,5978,4066.66,11956,1793.4,10162.6,8133.32,2029.2800000000007,19.968118394898948
ORD00985,2025-03-04,CUST0786,P016,2,10.0,UPI,Cancelled,CMP002,7713,5310.71,15426,1542.6,13883.4,10621.42,3261.9799999999996,23.495541437976286
ORD00986,2025-03-09,CUST0890,P002,1,10.0,UPI,Cancelled,CMP003,6053,3796.4,6053,605.3,5447.7,3796.4,1651.2999999999997,30.31187473612717
ORD00987,2025-09-10,CUST0244,P018,2,0.0,Credit Card,Cancelled,CMP004,6660,5091.78,13320,0.0,13320.0,10183.56,3136.4400000000005,23.54684684684685
ORD00988,2025-01-02,CUST0420,P012,4,20.0,Net Banking,Delivered,CMP001,5080,2793.69,20320,4064.0,16256.0,11174.76,5081.24,31.257627952755907
ORD00989,2025-04-18,CUST0929,P016,2,0.0,Credit Card,Delivered,CMP006,7713,5310.71,15426,0.0,15426.0,10621.42,4804.58,31.145987294178656
ORD00990,2025-10-13,CUST0960,P013,1,15.0,COD,Delivered,CMP006,6435,4995.55,6435,965.25,5469.75,4995.55,474.1999999999998,8.669500434206313
ORD00991,2025-02-18,CUST0154,P020,1,25.0,COD,Shipped,CMP003,7452,4168.44,7452,1863.0,5589.0,4168.44,1420.5600000000004,25.41706924315621
ORD00992,2025-05-20,CUST0816,P017,1,15.0,Net Banking,Delivered,CMP003,4817,3075.17,4817,722.55,4094.45,3075.17,1019.2799999999997,24.894186032312028
ORD00993,2025-08-06,CUST0424,P018,1,25.0,Net Banking,Cancelled,CMP006,6660,5091.78,6660,1665.0,4995.0,5091.78,-96.77999999999975,-1.9375375375375326
ORD00994,2025-02-13,CUST0273,P003,4,10.0,Net Banking,Delivered,CMP003,5857,3883.91,23428,2342.8,21085.2,15535.64,5549.560000000001,26.319693434257207
ORD00995,2025-09-26,CUST0936,P023,1,0.0,UPI,Delivered,CMP006,5137,3830.78,5137,0.0,5137.0,3830.78,1306.2199999999998,25.427681526182592
ORD00996,2025-03-19,CUST0647,P010,3,0.0,UPI,Delivered,CMP001,3310,2109.97,9930,0.0,9930.0,6329.91,3600.09,36.254682779456196
ORD00997,2025-08-04,CUST0825,P001,2,5.0,COD,Delivered,CMP003,6748,4695.17,13496,674.8,12821.2,9390.34,3430.8600000000006,26.759273702929526
ORD00998,2025-04-08,CUST0520,P006,2,0.0,Net Banking,Delivered,CMP006,4933,3611.45,9866,0.0,9866.0,7222.9,2643.1000000000004,26.78998580985202
ORD00999,2025-08-24,CUST0128,P003,4,15.0,Debit Card,Delivered,CMP002,5857,3883.91,23428,3514.2,19913.8,15535.64,4378.16,21.985557753919394
ORD01000,2025-10-09,CUST0373,P019,1,5.0,COD,Delivered,CMP002,7745,4299.97,7745,387.25,7357.75,4299.97,3057.7799999999997,41.55862865685841
ORD01001,2025-05-29,CUST0568,P004,4,15.0,Net Banking,Cancelled,CMP004,2776,1530.45,11104,1665.6,9438.4,6121.8,3316.5999999999995,35.13943041193422
ORD01002,2025-10-31,CUST0638,P020,2,5.0,Debit Card,Delivered,CMP006,7452,4168.44,14904,745.2,14158.8,8336.88,5821.92,41.11873887617595
ORD01003,2025-03-07,CUST0159,P023,1,10.0,Net Banking,Cancelled,CMP002,5137,3830.78,5137,513.7,4623.3,3830.78,792.52,17.141868362425107
ORD01004,2025-08-22,CUST0571,P003,1,25.0,Credit Card,Delivered,CMP006,5857,3883.91,5857,1464.25,4392.75,3883.91,508.84000000000015,11.583632121108648
ORD01005,2025-03-28,CUST0570,P008,4,0.0,Debit Card,Cancelled,CMP004,3129,1758.81,12516,0.0,12516.0,7035.24,5480.76,43.79002876318312
ORD01006,2025-03-20,CUST0652,P008,2,15.0,Credit Card,Delivered,CMP006,3129,1758.81,6258,938.7,5319.3,3517.62,1801.6800000000003,33.8706220743331
ORD01007,2025-07-24,CUST0176,P007,2,15.0,UPI,Delivered,CMP005,5886,3178.13,11772,1765.8,10006.2,6356.26,3649.9400000000005,36.47678439367592
ORD01008,2025-10-06,CUST0927,P002,1,0.0,COD,Delivered,CMP004,6053,3796.4,6053,0.0,6053.0,3796.4,2256.6,37.280687262514455
ORD01009,2025-12-03,CUST0620,P021,1,10.0,Net Banking,Delivered,CMP005,5045,2967.68,5045,504.5,4540.5,2967.68,1572.8200000000002,34.639797379143275
ORD01010,2025-09-11,CUST0211,P006,2,5.0,COD,Delivered,CMP001,4933,3611.45,9866,493.3,9372.7,7222.9,2149.800000000001,22.936827168265292
ORD01011,2025-10-31,CUST0447,P016,1,15.0,Net Banking,Cancelled,CMP006,7713,5310.71,7713,1156.95,6556.05,5310.71,1245.3400000000001,18.995279169621952
ORD01012,2025-05-10,CUST0586,P010,1,10.0,Credit Card,Delivered,CMP001,3310,2109.97,3310,331.0,2979.0,2109.97,869.0300000000002,29.171869754951334
ORD01013,2025-03-25,CUST0167,P004,2,10.0,Debit Card,Delivered,CMP001,2776,1530.45,5552,555.2,4996.8,3060.9,1935.9,38.74279538904899
ORD01014,2025-10-03,CUST0460,P013,3,15.0,Debit Card,Cancelled,CMP004,6435,4995.55,19305,2895.75,16409.25,14986.650000000001,1422.5999999999985,8.669500434206308
ORD01015,2025-07-06,CUST0916,P010,1,0.0,Net Banking,Delivered,CMP002,3310,2109.97,3310,0.0,3310.0,2109.97,1200.0300000000002,36.254682779456196
ORD01016,2025-02-15,CUST0357,P021,4,15.0,Credit Card,Delivered,CMP005,5045,2967.68,20180,3027.0,17153.0,11870.72,5282.280000000001,30.7950795779164
ORD01017,2025-07-02,CUST0304,P014,1,20.0,Net Banking,Delivered,CMP005,6801,4221.32,6801,1360.2,5440.8,4221.32,1219.4800000000005,22.41361564475813
ORD01018,2025-09-25,CUST0233,P009,3,20.0,Net Banking,Delivered,CMP002,1097,712.85,3291,658.2,2632.8,2138.55,494.25,18.77278942570647
ORD01019,2025-10-23,CUST0327,P011,1,15.0,Net Banking,Delivered,CMP001,7881,6026.38,7881,1182.15,6698.85,6026.38,672.4700000000003,10.038588712988053
ORD01020,2025-11-18,CUST0884,P023,1,5.0,Debit Card,Shipped,CMP003,5137,3830.78,5137,256.85,4880.15,3830.78,1049.3699999999994,21.502822659139564
ORD01021,2025-04-10,CUST0182,P018,2,25.0,Net Banking,Delivered,CMP006,6660,5091.78,13320,3330.0,9990.0,10183.56,-193.5599999999995,-1.9375375375375326
ORD01022,2025-03-19,CUST0634,P011,2,5.0,Debit Card,Delivered,CMP005,7881,6026.38,15762,788.1,14973.9,12052.76,2921.1399999999994,19.508210953726145
ORD01023,2025-09-29,CUST0334,P017,3,10.0,UPI,Cancelled,CMP001,4817,3075.17,14451,1445.1,13005.9,9225.51,3780.3899999999994,29.066731252739135
ORD01024,2025-12-05,CUST0715,P002,2,0.0,Credit Card,Delivered,CMP006,6053,3796.4,12106,0.0,12106.0,7592.8,4513.2,37.280687262514455
ORD01025,2025-06-11,CUST0967,P003,2,25.0,UPI,Delivered,CMP002,5857,3883.91,11714,2928.5,8785.5,7767.82,1017.6800000000003,11.583632121108648
ORD01026,2025-02-13,CUST0029,P011,2,15.0,Net Banking,Delivered,CMP002,7881,6026.38,15762,2364.3,13397.7,12052.76,1344.9400000000005,10.038588712988053
ORD01027,2025-08-26,CUST0714,P018,2,15.0,Debit Card,Delivered,CMP001,6660,5091.78,13320,1998.0,11322.0,10183.56,1138.4400000000005,10.055113937466883
ORD01028,2025-05-14,CUST0093,P003,1,0.0,Credit Card,Delivered,CMP002,5857,3883.91,5857,0.0,5857.0,3883.91,1973.0900000000001,33.68772409083148
ORD01029,2025-07-11,CUST0841,P015,3,15.0,COD,Returned,CMP004,5978,4066.66,17934,2690.1,15243.9,12199.98,3043.92,19.968118394898944
ORD01030,2025-12-22,CUST0868,P011,1,15.0,Credit Card,Delivered,CMP003,7881,6026.38,7881,1182.15,6698.85,6026.38,672.4700000000003,10.038588712988053
ORD01031,2025-10-05,CUST0688,P011,2,10.0,Credit Card,Delivered,CMP005,7881,6026.38,15762,1576.2,14185.8,12052.76,2133.039999999999,15.036444895599818
ORD01032,2025-01-18,CUST0330,P025,2,5.0,Net Banking,Delivered,CMP004,7392,5142.33,14784,739.2,14044.8,10284.66,3760.1399999999994,26.772470950102527
ORD01033,2025-01-12,CUST0723,P020,1,10.0,UPI,Delivered,CMP002,7452,4168.44,7452,745.2,6706.8,4168.44,2538.3600000000006,37.847557702630176
ORD01034,2025-06-29,CUST0184,P025,1,0.0,UPI,Delivered,CMP003,7392,5142.33,7392,0.0,7392.0,5142.33,2249.67,30.4338474025974
ORD01035,2025-05-03,CUST0095,P011,4,10.0,COD,Delivered,CMP001,7881,6026.38,31524,3152.4,28371.6,24105.52,4266.079999999998,15.036444895599818
ORD01036,2025-09-03,CUST0785,P019,2,0.0,Net Banking,Delivered,CMP004,7745,4299.97,15490,0.0,15490.0,8599.94,6890.0599999999995,44.48069722401549
ORD01037,2025-08-10,CUST0649,P001,3,5.0,Credit Card,Delivered,CMP003,6748,4695.17,20244,1012.2,19231.8,14085.51,5146.289999999999,26.75927370292952
ORD01038,2025-02-20,CUST0749,P005,1,0.0,UPI,Delivered,CMP001,1046,807.54,1046,0.0,1046.0,807.54,238.46000000000004,22.797323135755263
ORD01039,2025-03-12,CUST0353,P010,1,0.0,UPI,Delivered,CMP002,3310,2109.97,3310,0.0,3310.0,2109.97,1200.0300000000002,36.254682779456196
ORD01040,2025-02-17,CUST0930,P010,2,0.0,Debit Card,Delivered,CMP006,3310,2109.97,6620,0.0,6620.0,4219.94,2400.0600000000004,36.254682779456196
ORD01041,2025-01-19,CUST0941,P014,2,20.0,Credit Card,Delivered,CMP004,6801,4221.32,13602,2720.4,10881.6,8442.64,2438.960000000001,22.41361564475813
ORD01042,2025-09-19,CUST0984,P002,1,10.0,Net Banking,Delivered,CMP006,6053,3796.4,6053,605.3,5447.7,3796.4,1651.2999999999997,30.31187473612717
ORD01043,2025-03-25,CUST0265,P004,1,5.0,UPI,Delivered,CMP003,2776,1530.45,2776,138.8,2637.2,1530.45,1106.7499999999998,41.966858789625356
ORD01044,2025-06-04,CUST0647,P002,2,10.0,Net Banking,Delivered,CMP006,6053,3796.4,12106,1210.6,10895.4,7592.8,3302.5999999999995,30.31187473612717
ORD01045,2025-02-22,CUST0656,P018,1,10.0,Credit Card,Cancelled,CMP002,6660,5091.78,6660,666.0,5994.0,5091.78,902.2200000000003,15.052052052052057
ORD01046,2025-04-17,CUST0019,P013,3,20.0,Credit Card,Delivered,CMP005,6435,4995.55,19305,3861.0,15444.0,14986.650000000001,457.34999999999854,2.961344211344202
ORD01047,2025-12-23,CUST0743,P019,2,0.0,UPI,Delivered,CMP002,7745,4299.97,15490,0.0,15490.0,8599.94,6890.0599999999995,44.48069722401549
ORD01048,2025-10-31,CUST0646,P005,1,5.0,COD,Delivered,CMP001,1046,807.54,1046,52.3,993.7,807.54,186.16000000000008,18.734024353426594
ORD01049,2025-05-15,CUST0626,P020,2,25.0,Net Banking,Delivered,CMP005,7452,4168.44,14904,3726.0,11178.0,8336.88,2841.120000000001,25.41706924315621
ORD01050,2025-03-10,CUST0499,P002,2,5.0,Net Banking,Delivered,CMP005,6053,3796.4,12106,605.3,11500.7,7592.8,3907.9000000000005,33.9796708026468
ORD01051,2025-01-11,CUST0139,P011,1,0.0,Debit Card,Delivered,CMP005,7881,6026.38,7881,0.0,7881.0,6026.38,1854.62,23.53280040603984
ORD01052,2025-05-23,CUST0637,P018,1,0.0,Credit Card,Delivered,CMP002,6660,5091.78,6660,0.0,6660.0,5091.78,1568.2200000000003,23.54684684684685
ORD01053,2025-07-11,CUST0716,P006,2,0.0,Credit Card,Delivered,CMP004,4933,3611.45,9866,0.0,9866.0,7222.9,2643.1000000000004,26.78998580985202
ORD01054,2025-03-10,CUST0573,P023,3,25.0,UPI,Delivered,CMP002,5137,3830.78,15411,3852.75,11558.25,11492.34,65.90999999999985,0.5702420349101279
ORD01055,2025-01-23,CUST0762,P010,4,5.0,UPI,Delivered,CMP001,3310,2109.97,13240,662.0,12578.0,8439.88,4138.120000000001,32.89966608363811
ORD01056,2025-06-30,CUST0810,P022,2,20.0,UPI,Delivered,CMP006,5915,3970.45,11830,2366.0,9464.0,7940.9,1523.1000000000004,16.093617920541
ORD01057,2025-10-20,CUST0525,P023,1,25.0,Debit Card,Delivered,CMP003,5137,3830.78,5137,1284.25,3852.75,3830.78,21.9699999999998,0.5702420349101239
ORD01058,2025-01-09,CUST0908,P017,1,10.0,COD,Delivered,CMP006,4817,3075.17,4817,481.7,4335.3,3075.17,1260.13,29.066731252739142
ORD01059,2025-09-28,CUST0255,P022,1,0.0,UPI,Delivered,CMP003,5915,3970.45,5915,0.0,5915.0,3970.45,1944.5500000000002,32.8748943364328
ORD01060,2025-04-03,CUST0085,P011,1,0.0,UPI,Delivered,CMP006,7881,6026.38,7881,0.0,7881.0,6026.38,1854.62,23.53280040603984
ORD01061,2025-01-17,CUST0458,P019,1,10.0,UPI,Shipped,CMP004,7745,4299.97,7745,774.5,6970.5,4299.97,2670.5299999999997,38.31188580446165
ORD01062,2025-06-03,CUST0532,P017,3,5.0,Debit Card,Delivered,CMP003,4817,3075.17,14451,722.55,13728.45,9225.51,4502.9400000000005,32.80006118680551
ORD01063,2025-11-24,CUST0562,P024,2,10.0,Net Banking,Delivered,CMP002,972,537.49,1944,194.4,1749.6,1074.98,674.6199999999999,38.55852766346593
ORD01064,2025-05-29,CUST0676,P004,2,10.0,COD,Delivered,CMP005,2776,1530.45,5552,555.2,4996.8,3060.9,1935.9,38.74279538904899
ORD01065,2025-09-24,CUST0092,P024,1,20.0,Net Banking,Delivered,CMP005,972,537.49,972,194.4,777.6,537.49,240.11,30.87834362139918
ORD01066,2025-11-24,CUST0600,P014,2,10.0,Credit Card,Delivered,CMP003,6801,4221.32,13602,1360.2,12241.8,8442.64,3799.16,31.034325017562775
ORD01067,2025-04-16,CUST0069,P020,2,15.0,Credit Card,Delivered,CMP005,7452,4168.44,14904,2235.6,12668.4,8336.88,4331.52,34.191531685137825
ORD01068,2025-02-04,CUST0037,P004,2,20.0,UPI,Delivered,CMP003,2776,1530.45,5552,1110.4,4441.6,3060.9,1380.7000000000003,31.08564481268012
ORD01069,2025-04-29,CUST0765,P014,3,0.0,Net Banking,Delivered,CMP005,6801,4221.32,20403,0.0,20403.0,12663.96,7739.040000000001,37.930892515806505
ORD01070,2025-01-14,CUST0764,P004,3,0.0,Debit Card,Delivered,CMP006,2776,1530.45,8328,0.0,8328.0,4591.35,3736.6499999999996,44.868515850144085
ORD01071,2025-01-14,CUST0140,P006,1,0.0,COD,Delivered,CMP002,4933,3611.45,4933,0.0,4933.0,3611.45,1321.5500000000002,26.78998580985202
ORD01072,2025-09-23,CUST0867,P009,3,0.0,Net Banking,Shipped,CMP004,1097,712.85,3291,0.0,3291.0,2138.55,1152.4499999999998,35.01823154056517
ORD01073,2025-05-20,CUST0893,P021,1,10.0,Net Banking,Delivered,CMP002,5045,2967.68,5045,504.5,4540.5,2967.68,1572.8200000000002,34.639797379143275
ORD01074,2025-10-21,CUST0680,P012,2,5.0,COD,Cancelled,CMP003,5080,2793.69,10160,508.0,9652.0,5587.38,4064.62,42.11168669705761
ORD01075,2025-12-30,CUST0566,P008,3,5.0,Net Banking,Cancelled,CMP006,3129,1758.81,9387,469.35,8917.65,5276.43,3641.2199999999993,40.83160922440329
ORD01076,2025-04-29,CUST0898,P024,1,25.0,Net Banking,Returned,CMP002,972,537.49,972,243.0,729.0,537.49,191.51,26.270233196159122
ORD01077,2025-08-26,CUST0178,P004,2,0.0,COD,Delivered,CMP001,2776,1530.45,5552,0.0,5552.0,3060.9,2491.1,44.86851585014409
ORD01078,2025-02-03,CUST0809,P025,1,10.0,Debit Card,Delivered,CMP005,7392,5142.33,7392,739.2,6652.8,5142.33,1510.4700000000003,22.704274891774894
ORD01079,2025-06-18,CUST0813,P025,2,0.0,COD,Delivered,CMP003,7392,5142.33,14784,0.0,14784.0,10284.66,4499.34,30.4338474025974
ORD01080,2025-01-10,CUST0871,P005,3,5.0,UPI,Delivered,CMP003,1046,807.54,3138,156.9,2981.1,2422.62,558.48,18.73402435342659
ORD01081,2025-05-02,CUST0618,P006,1,10.0,UPI,Delivered,CMP002,4933,3611.45,4933,493.3,4439.7,3611.45,828.25,18.655539788724465
ORD01082,2025-05-25,CUST0137,P005,1,20.0,UPI,Delivered,CMP001,1046,807.54,1046,209.2,836.8,807.54,29.25999999999999,3.496653919694072
ORD01083,2025-08-11,CUST0190,P019,1,5.0,UPI,Delivered,CMP002,7745,4299.97,7745,387.25,7357.75,4299.97,3057.7799999999997,41.55862865685841
ORD01084,2025-09-14,CUST0640,P008,4,0.0,Credit Card,Delivered,CMP005,3129,1758.81,12516,0.0,12516.0,7035.24,5480.76,43.79002876318312
ORD01085,2025-09-25,CUST0342,P009,1,5.0,Debit Card,Delivered,CMP003,1097,712.85,1097,54.85,1042.15,712.85,329.30000000000007,31.59813846375282
ORD01086,2025-12-25,CUST0559,P015,2,0.0,Credit Card,Delivered,CMP004,5978,4066.66,11956,0.0,11956.0,8133.32,3822.6800000000003,31.972900635664104
ORD01087,2025-01-04,CUST0005,P004,4,0.0,Net Banking,Delivered,CMP001,2776,1530.45,11104,0.0,11104.0,6121.8,4982.2,44.86851585014409
ORD01088,2025-12-20,CUST0972,P025,4,10.0,Net Banking,Delivered,CMP001,7392,5142.33,29568,2956.8,26611.2,20569.32,6041.880000000001,22.704274891774894
ORD01089,2025-04-16,CUST0257,P009,2,0.0,COD,Cancelled,CMP001,1097,712.85,2194,0.0,2194.0,1425.7,768.3,35.018231540565175
ORD01090,2025-03-26,CUST0812,P007,4,10.0,UPI,Delivered,CMP004,5886,3178.13,23544,2354.4,21189.6,12712.52,8477.079999999998,40.00585192736059
ORD01091,2025-08-02,CUST0662,P008,2,10.0,COD,Shipped,CMP002,3129,1758.81,6258,625.8,5632.2,3517.62,2114.58,37.544476403536805
ORD01092,2025-05-01,CUST0806,P015,4,5.0,Net Banking,Delivered,CMP006,5978,4066.66,23912,1195.6,22716.4,16266.64,6449.760000000002,28.392526984909587
ORD01093,2025-05-12,CUST0243,P019,1,0.0,UPI,Cancelled,CMP002,7745,4299.97,7745,0.0,7745.0,4299.97,3445.0299999999997,44.48069722401549
ORD01094,2025-12-04,CUST0787,P015,1,25.0,Debit Card,Delivered,CMP002,5978,4066.66,5978,1494.5,4483.5,4066.66,416.84000000000015,9.297200847552139
ORD01095,2025-07-16,CUST0720,P005,1,5.0,Net Banking,Returned,CMP003,1046,807.54,1046,52.3,993.7,807.54,186.16000000000008,18.734024353426594
ORD01096,2025-01-19,CUST0415,P019,4,15.0,COD,Delivered,CMP002,7745,4299.97,30980,4647.0,26333.0,17199.88,9133.119999999999,34.683173204724106
ORD01097,2025-05-10,CUST0627,P007,2,5.0,COD,Delivered,CMP005,5886,3178.13,11772,588.6,11183.4,6356.26,4827.139999999999,43.16343866802582
ORD01098,2025-01-12,CUST0707,P006,2,10.0,Net Banking,Delivered,CMP006,4933,3611.45,9866,986.6,8879.4,7222.9,1656.5,18.655539788724465
ORD01099,2025-03-22,CUST0343,P019,2,5.0,Credit Card,Delivered,CMP001,7745,4299.97,15490,774.5,14715.5,8599.94,6115.5599999999995,41.55862865685841
ORD01100,2025-11-26,CUST0682,P025,3,5.0,Debit Card,Delivered,CMP004,7392,5142.33,22176,1108.8,21067.2,15426.99,5640.210000000001,26.772470950102534
ORD01101,2025-12-20,CUST0379,P017,1,0.0,Net Banking,Delivered,CMP004,4817,3075.17,4817,0.0,4817.0,3075.17,1741.83,36.16005812746523
ORD01102,2025-09-19,CUST0594,P010,3,5.0,Net Banking,Delivered,CMP006,3310,2109.97,9930,496.5,9433.5,6329.91,3103.59,32.8996660836381
ORD01103,2025-05-05,CUST0666,P019,1,20.0,COD,Returned,CMP002,7745,4299.97,7745,1549.0,6196.0,4299.97,1896.0299999999997,30.600871530019365
ORD01104,2025-11-03,CUST0653,P011,3,15.0,UPI,Delivered,CMP002,7881,6026.38,23643,3546.45,20096.55,18079.14,2017.4099999999999,10.03858871298805
ORD01105,2025-09-24,CUST0826,P015,3,0.0,UPI,Delivered,CMP003,5978,4066.66,17934,0.0,17934.0,12199.98,5734.02,31.972900635664104
ORD01106,2025-05-20,CUST0146,P010,1,10.0,UPI,Delivered,CMP003,3310,2109.97,3310,331.0,2979.0,2109.97,869.0300000000002,29.171869754951334
ORD01107,2025-11-25,CUST0323,P011,1,20.0,COD,Delivered,CMP005,7881,6026.38,7881,1576.2,6304.8,6026.38,278.4200000000001,4.416000507549804
ORD01108,2025-01-02,CUST0122,P023,1,15.0,UPI,Delivered,CMP006,5137,3830.78,5137,770.55,4366.45,3830.78,535.6699999999996,12.267860619038341
ORD01109,2025-01-08,CUST0252,P003,2,0.0,Net Banking,Cancelled,CMP001,5857,3883.91,11714,0.0,11714.0,7767.82,3946.1800000000003,33.68772409083148
ORD01110,2025-09-07,CUST0855,P003,3,20.0,Credit Card,Delivered,CMP005,5857,3883.91,17571,3514.2,14056.8,11651.73,2405.0699999999997,17.109655113539354
ORD01111,2025-05-19,CUST0899,P018,3,5.0,Credit Card,Delivered,CMP006,6660,5091.78,19980,999.0,18981.0,15275.34,3705.66,19.522996680891417
ORD01112,2025-05-04,CUST0311,P025,3,10.0,Credit Card,Delivered,CMP006,7392,5142.33,22176,2217.6,19958.4,15426.99,4531.410000000002,22.704274891774897
ORD01113,2025-11-05,CUST0601,P011,3,10.0,UPI,Delivered,CMP005,7881,6026.38,23643,2364.3,21278.7,18079.14,3199.5600000000013,15.036444895599832
ORD01114,2025-08-16,CUST0475,P020,3,20.0,Credit Card,Delivered,CMP005,7452,4168.44,22356,4471.2,17884.8,12505.32,5379.48,30.078502415458935
ORD01115,2025-01-10,CUST0570,P022,2,20.0,UPI,Delivered,CMP001,5915,3970.45,11830,2366.0,9464.0,7940.9,1523.1000000000004,16.093617920541
ORD01116,2025-07-31,CUST0492,P018,1,20.0,Net Banking,Delivered,CMP006,6660,5091.78,6660,1332.0,5328.0,5091.78,236.22000000000025,4.4335585585585635
ORD01117,2025-04-22,CUST0575,P025,3,0.0,Net Banking,Shipped,CMP002,7392,5142.33,22176,0.0,22176.0,15426.99,6749.01,30.4338474025974
ORD01118,2025-01-08,CUST0347,P015,2,20.0,COD,Delivered,CMP001,5978,4066.66,11956,2391.2,9564.8,8133.32,1431.4799999999996,14.966125794580124
ORD01119,2025-10-19,CUST0820,P007,1,0.0,COD,Delivered,CMP003,5886,3178.13,5886,0.0,5886.0,3178.13,2707.87,46.005266734624534
ORD01120,2025-12-28,CUST0487,P010,3,5.0,Debit Card,Delivered,CMP005,3310,2109.97,9930,496.5,9433.5,6329.91,3103.59,32.8996660836381
ORD01121,2025-09-10,CUST0473,P021,1,10.0,Net Banking,Delivered,CMP003,5045,2967.68,5045,504.5,4540.5,2967.68,1572.8200000000002,34.639797379143275
ORD01122,2025-01-14,CUST0382,P023,2,10.0,UPI,Delivered,CMP005,5137,3830.78,10274,1027.4,9246.6,7661.56,1585.04,17.141868362425107
ORD01123,2025-08-28,CUST0280,P020,1,10.0,Debit Card,Delivered,CMP003,7452,4168.44,7452,745.2,6706.8,4168.44,2538.3600000000006,37.847557702630176
ORD01124,2025-08-30,CUST0072,P010,1,10.0,Net Banking,Delivered,CMP002,3310,2109.97,3310,331.0,2979.0,2109.97,869.0300000000002,29.171869754951334
ORD01125,2025-12-08,CUST0521,P013,1,20.0,UPI,Delivered,CMP002,6435,4995.55,6435,1287.0,5148.0,4995.55,152.44999999999982,2.961344211344208
ORD01126,2025-05-29,CUST0366,P015,3,0.0,Net Banking,Shipped,CMP003,5978,4066.66,17934,0.0,17934.0,12199.98,5734.02,31.972900635664104
ORD01127,2025-08-24,CUST0933,P023,3,5.0,Net Banking,Delivered,CMP001,5137,3830.78,15411,770.55,14640.45,11492.34,3148.1100000000006,21.50282265913958
ORD01128,2025-11-02,CUST0094,P018,1,20.0,UPI,Delivered,CMP003,6660,5091.78,6660,1332.0,5328.0,5091.78,236.22000000000025,4.4335585585585635
ORD01129,2025-06-16,CUST0373,P023,1,0.0,Net Banking,Delivered,CMP001,5137,3830.78,5137,0.0,5137.0,3830.78,1306.2199999999998,25.427681526182592
ORD01130,2025-01-20,CUST0339,P004,2,10.0,Net Banking,Delivered,CMP006,2776,1530.45,5552,555.2,4996.8,3060.9,1935.9,38.74279538904899
ORD01131,2025-08-04,CUST0437,P020,4,,Net Banking,Delivered,CMP004,7452,4168.44,29808,4471.2,25336.8,16673.76,8663.04,34.191531685137825
ORD01132,2025-12-09,CUST0336,P017,1,10.0,COD,Delivered,CMP004,4817,3075.17,4817,481.7,4335.3,3075.17,1260.13,29.066731252739142
ORD01133,2025-05-15,CUST0664,P003,1,15.0,Credit Card,Delivered,CMP002,5857,3883.91,5857,878.55,4978.45,3883.91,1094.54,21.985557753919394
ORD01134,2025-05-09,CUST0492,P021,4,0.0,Net Banking,Delivered,CMP002,5045,2967.68,20180,0.0,20180.0,11870.72,8309.28,41.17581764122894
ORD01135,2025-10-21,CUST0917,P021,1,20.0,UPI,Delivered,CMP004,5045,2967.68,5045,1009.0,4036.0,2967.68,1068.3200000000002,26.46977205153618
ORD01136,2025-09-03,CUST0868,P002,1,0.0,Net Banking,Delivered,CMP004,6053,3796.4,6053,0.0,6053.0,3796.4,2256.6,37.280687262514455
ORD01137,2025-07-08,CUST0040,P004,1,5.0,COD,Delivered,CMP001,2776,1530.45,2776,138.8,2637.2,1530.45,1106.7499999999998,41.966858789625356
ORD01138,2025-02-13,CUST0359,P001,1,0.0,COD,Delivered,CMP002,6748,4695.17,6748,0.0,6748.0,4695.17,2052.83,30.421310017783043
ORD01139,2025-03-27,CUST0574,P015,1,10.0,Net Banking,Delivered,CMP006,5978,4066.66,5978,597.8,5380.2,4066.66,1313.54,24.41433403962678
ORD01140,2025-02-13,CUST0254,P025,4,10.0,Debit Card,Delivered,CMP002,7392,5142.33,29568,2956.8,26611.2,20569.32,6041.880000000001,22.704274891774894
ORD01141,2025-11-26,CUST0966,P001,2,20.0,Credit Card,Shipped,CMP001,6748,4695.17,13496,2699.2,10796.8,9390.34,1406.4599999999991,13.026637522228802
ORD01142,2025-05-25,CUST0581,P006,1,15.0,UPI,Delivered,CMP001,4933,3611.45,4933,739.95,4193.05,3611.45,581.6000000000004,13.87057154100238
ORD01143,2025-02-20,CUST0398,P007,4,10.0,UPI,Delivered,CMP005,5886,3178.13,23544,2354.4,21189.6,12712.52,8477.079999999998,40.00585192736059
ORD01144,2025-08-30,CUST0757,P019,1,20.0,UPI,Delivered,CMP005,7745,4299.97,7745,1549.0,6196.0,4299.97,1896.0299999999997,30.600871530019365
ORD01145,2025-10-21,CUST0877,P012,1,10.0,UPI,Delivered,CMP003,5080,2793.69,5080,508.0,4572.0,2793.69,1778.31,38.89566929133858
ORD01146,2025-02-20,CUST0170,P001,4,10.0,COD,Delivered,CMP001,6748,4695.17,26992,2699.2,24292.8,18780.68,5512.119999999999,22.69034446420338
ORD01147,2025-09-23,CUST0690,P007,1,10.0,Credit Card,Delivered,CMP003,5886,3178.13,5886,588.6,5297.4,3178.13,2119.2699999999995,40.00585192736059
ORD01148,2025-04-30,CUST0701,P019,1,5.0,Net Banking,Delivered,CMP002,7745,4299.97,7745,387.25,7357.75,4299.97,3057.7799999999997,41.55862865685841
ORD01149,2025-07-19,CUST0511,P013,1,20.0,Net Banking,Delivered,CMP002,6435,4995.55,6435,1287.0,5148.0,4995.55,152.44999999999982,2.961344211344208
ORD01150,2025-09-05,CUST0260,P012,4,0.0,Debit Card,Delivered,CMP002,5080,2793.69,20320,0.0,20320.0,11174.76,9145.24,45.00610236220473
ORD01151,2025-03-11,CUST0584,P012,1,10.0,Net Banking,Shipped,CMP001,5080,2793.69,5080,508.0,4572.0,2793.69,1778.31,38.89566929133858
ORD01152,2025-12-07,CUST0984,P022,1,15.0,Credit Card,Cancelled,CMP005,5915,3970.45,5915,887.25,5027.75,3970.45,1057.3000000000002,21.029287454626825
ORD01153,2025-02-26,CUST0459,P013,4,20.0,Net Banking,Delivered,CMP004,6435,4995.55,25740,5148.0,20592.0,19982.2,609.7999999999993,2.961344211344208
ORD01154,2025-02-08,CUST0529,P014,2,20.0,COD,Delivered,CMP005,6801,4221.32,13602,2720.4,10881.6,8442.64,2438.960000000001,22.41361564475813
ORD01155,2025-10-16,CUST0882,P022,2,10.0,Net Banking,Returned,CMP003,5915,3970.45,11830,1183.0,10647.0,7940.9,2706.1000000000004,25.416549262703114
ORD01156,2025-01-18,CUST0341,P012,1,10.0,UPI,Delivered,CMP006,5080,2793.69,5080,508.0,4572.0,2793.69,1778.31,38.89566929133858
ORD01157,2025-08-08,CUST0057,P020,1,5.0,UPI,Returned,CMP006,7452,4168.44,7452,372.6,7079.4,4168.44,2910.96,41.11873887617595
ORD01158,2025-11-09,CUST0218,P012,1,10.0,UPI,Delivered,CMP002,5080,2793.69,5080,508.0,4572.0,2793.69,1778.31,38.89566929133858
ORD01159,2025-09-01,CUST0619,P006,1,20.0,UPI,Delivered,CMP003,4933,3611.45,4933,986.6,3946.4,3611.45,334.9500000000003,8.487482262315028
ORD01160,2025-12-18,CUST0816,P010,1,20.0,COD,Delivered,CMP005,3310,2109.97,3310,662.0,2648.0,2109.97,538.0300000000002,20.31835347432025
ORD01161,2025-10-31,CUST0940,P020,1,20.0,COD,Delivered,CMP005,7452,4168.44,7452,1490.4,5961.6,4168.44,1793.1600000000008,30.078502415458946
ORD01162,2025-10-25,CUST0685,P024,1,0.0,COD,Delivered,CMP006,972,537.49,972,0.0,972.0,537.49,434.51,44.702674897119344
ORD01163,2025-10-10,CUST0731,P009,1,20.0,Net Banking,Delivered,CMP004,1097,712.85,1097,219.4,877.6,712.85,164.75,18.77278942570647
ORD01164,2025-03-15,CUST0464,P002,1,20.0,UPI,Delivered,CMP003,6053,3796.4,6053,1210.6,4842.4,3796.4,1045.9999999999995,21.60085907814306
ORD01165,2025-04-20,CUST0247,P007,1,5.0,Debit Card,Delivered,CMP002,5886,3178.13,5886,294.3,5591.7,3178.13,2413.5699999999997,43.16343866802582
ORD01166,2025-06-29,CUST0730,P009,1,10.0,Debit Card,Delivered,CMP003,1097,712.85,1097,109.7,987.3,712.85,274.44999999999993,27.798035045072417
ORD01167,2025-02-01,CUST0373,P025,2,15.0,UPI,Delivered,CMP006,7392,5142.33,14784,2217.6,12566.4,10284.66,2281.74,18.157467532467532
ORD01168,2025-08-22,CUST0417,P012,2,10.0,Credit Card,Delivered,CMP006,5080,2793.69,10160,1016.0,9144.0,5587.38,3556.62,38.89566929133858
ORD01169,2025-10-09,CUST0031,P005,4,25.0,Net Banking,Delivered,CMP001,1046,807.54,4184,1046.0,3138.0,3230.16,-92.15999999999985,-2.9369024856596515
ORD01170,2025-01-25,CUST0368,P001,2,10.0,Debit Card,Shipped,CMP004,6748,4695.17,13496,1349.6,12146.4,9390.34,2756.0599999999995,22.69034446420338
ORD01171,2025-11-27,CUST0559,P022,2,15.0,COD,Delivered,CMP003,5915,3970.45,11830,1774.5,10055.5,7940.9,2114.6000000000004,21.029287454626825
ORD01172,2025-10-06,CUST0646,P015,4,15.0,Credit Card,Delivered,CMP002,5978,4066.66,23912,3586.8,20325.2,16266.64,4058.5600000000013,19.968118394898948
ORD01173,2025-08-14,CUST0108,P008,4,10.0,COD,Delivered,CMP006,3129,1758.81,12516,1251.6,11264.4,7035.24,4229.16,37.544476403536805
ORD01174,2025-02-26,CUST0584,P001,3,20.0,Credit Card,Delivered,CMP004,6748,4695.17,20244,4048.8,16195.2,14085.51,2109.6900000000005,13.026637522228812
ORD01175,2025-06-29,CUST0839,P018,1,10.0,Credit Card,Cancelled,CMP002,6660,5091.78,6660,666.0,5994.0,5091.78,902.2200000000003,15.052052052052057
ORD01176,2025-08-20,CUST0418,P013,1,5.0,Net Banking,Delivered,CMP003,6435,4995.55,6435,321.75,6113.25,4995.55,1117.6999999999998,18.283237230605646
ORD01177,2025-12-09,CUST0620,P001,2,0.0,COD,Delivered,CMP002,6748,4695.17,13496,0.0,13496.0,9390.34,4105.66,30.421310017783043
ORD01178,2025-10-14,CUST0821,P005,1,5.0,COD,Delivered,CMP003,1046,807.54,1046,52.3,993.7,807.54,186.16000000000008,18.734024353426594
ORD01179,2025-03-05,CUST0398,P018,4,15.0,Debit Card,Delivered,CMP001,6660,5091.78,26640,3996.0,22644.0,20367.12,2276.880000000001,10.055113937466883
ORD01180,2025-08-20,CUST0272,P016,2,20.0,,Delivered,CMP001,7713,5310.71,15426,3085.2,12340.8,10621.42,1719.3799999999992,13.932484117723318
ORD01181,2025-10-16,CUST0683,P010,1,5.0,UPI,Delivered,CMP004,3310,2109.97,3310,165.5,3144.5,2109.97,1034.5300000000002,32.89966608363811
ORD01182,2025-08-01,CUST0116,P004,3,5.0,Debit Card,Delivered,CMP004,2776,1530.45,8328,416.4,7911.6,4591.35,3320.25,41.96685878962536
ORD01183,2025-09-15,CUST0841,P001,2,0.0,Credit Card,Delivered,CMP004,6748,4695.17,13496,0.0,13496.0,9390.34,4105.66,30.421310017783043
ORD01184,2025-01-18,CUST0586,P023,4,15.0,Debit Card,Delivered,CMP005,5137,3830.78,20548,3082.2,17465.8,15323.12,2142.6799999999985,12.267860619038341
ORD01185,2025-06-24,CUST0256,P008,1,25.0,Debit Card,Delivered,CMP006,3129,1758.81,3129,782.25,2346.75,1758.81,587.94,25.05337168424417
ORD01186,2025-08-17,CUST0081,P005,4,10.0,,Delivered,CMP006,1046,807.54,4184,418.4,3765.6,3230.16,535.44,14.219247928616955
ORD01187,2025-08-14,CUST0780,P002,2,10.0,Debit Card,Delivered,CMP003,6053,3796.4,12106,1210.6,10895.4,7592.8,3302.5999999999995,30.31187473612717
ORD01188,2025-03-25,CUST0128,P024,2,10.0,Credit Card,Delivered,CMP002,972,537.49,1944,194.4,1749.6,1074.98,674.6199999999999,38.55852766346593
ORD01189,2025-10-18,CUST0838,P017,1,0.0,UPI,Delivered,CMP002,4817,3075.17,4817,0.0,4817.0,3075.17,1741.83,36.16005812746523
ORD01190,2025-09-03,CUST0915,P007,3,15.0,Net Banking,Cancelled,CMP004,5886,3178.13,17658,2648.7,15009.3,9534.39,5474.91,36.47678439367592
ORD01191,2025-04-20,CUST0235,P017,1,10.0,Debit Card,Delivered,CMP006,4817,3075.17,4817,481.7,4335.3,3075.17,1260.13,29.066731252739142
ORD01192,2025-09-11,CUST0553,P006,3,10.0,Debit Card,Delivered,CMP004,4933,3611.45,14799,1479.9,13319.1,10834.349999999999,2484.750000000002,18.655539788724475
ORD01193,2025-03-29,CUST0181,P022,1,20.0,COD,Delivered,CMP003,5915,3970.45,5915,1183.0,4732.0,3970.45,761.5500000000002,16.093617920541
ORD01194,2025-03-13,CUST0157,P015,3,15.0,COD,Shipped,CMP004,5978,4066.66,17934,2690.1,15243.9,12199.98,3043.92,19.968118394898944
ORD01195,2025-01-30,CUST0454,P005,4,15.0,Debit Card,Delivered,CMP003,1046,807.54,4184,627.6,3556.4,3230.16,326.24000000000024,9.173321336182664
ORD01196,2025-06-21,CUST0571,P015,4,20.0,Debit Card,Delivered,CMP006,5978,4066.66,23912,4782.4,19129.6,16266.64,2862.959999999999,14.966125794580124
ORD01197,2025-11-05,CUST0857,P018,2,25.0,Credit Card,Returned,CMP005,6660,5091.78,13320,3330.0,9990.0,10183.56,-193.5599999999995,-1.9375375375375326
ORD01198,2025-12-09,CUST0761,P018,1,10.0,UPI,Delivered,CMP005,6660,5091.78,6660,666.0,5994.0,5091.78,902.2200000000003,15.052052052052057
ORD01199,2025-06-26,CUST0704,P025,4,0.0,UPI,Delivered,CMP003,7392,5142.33,29568,0.0,29568.0,20569.32,8998.68,30.4338474025974
ORD01200,2025-05-19,CUST0024,P021,2,10.0,Net Banking,Delivered,CMP002,5045,2967.68,10090,1009.0,9081.0,5935.36,3145.6400000000003,34.639797379143275
ORD01201,2025-07-13,CUST0473,P021,2,15.0,UPI,Cancelled,CMP001,5045,2967.68,10090,1513.5,8576.5,5935.36,2641.1400000000003,30.7950795779164
ORD01202,2025-07-05,CUST0400,P023,2,0.0,Net Banking,Delivered,CMP001,5137,3830.78,10274,0.0,10274.0,7661.56,2612.4399999999996,25.427681526182592
ORD01203,2025-08-06,CUST0948,P006,1,0.0,COD,Cancelled,CMP001,4933,3611.45,4933,0.0,4933.0,3611.45,1321.5500000000002,26.78998580985202
ORD01204,2025-06-13,CUST0592,P002,1,0.0,Net Banking,Delivered,CMP006,6053,3796.4,6053,0.0,6053.0,3796.4,2256.6,37.280687262514455
ORD01205,2025-06-10,CUST0134,P017,4,15.0,Net Banking,Cancelled,CMP001,4817,3075.17,19268,2890.2,16377.8,12300.68,4077.119999999999,24.894186032312028
ORD01206,2025-01-13,CUST0421,P021,1,10.0,UPI,Delivered,CMP001,5045,2967.68,5045,504.5,4540.5,2967.68,1572.8200000000002,34.639797379143275
ORD01207,2025-10-23,CUST0213,P004,1,5.0,Debit Card,Delivered,CMP003,2776,1530.45,2776,138.8,2637.2,1530.45,1106.7499999999998,41.966858789625356
ORD01208,2025-03-30,CUST0900,P012,1,0.0,COD,Delivered,CMP003,5080,2793.69,5080,0.0,5080.0,2793.69,2286.31,45.00610236220473
ORD01209,2025-11-20,CUST0482,P019,2,15.0,Credit Card,Delivered,CMP006,7745,4299.97,15490,2323.5,13166.5,8599.94,4566.5599999999995,34.683173204724106
ORD01210,2025-02-11,CUST0348,P002,1,5.0,Net Banking,Delivered,CMP001,6053,3796.4,6053,302.65,5750.35,3796.4,1953.9500000000003,33.9796708026468
ORD01211,2025-07-29,CUST0166,P002,3,5.0,Net Banking,Delivered,CMP006,6053,3796.4,18159,907.95,17251.05,11389.2,5861.8499999999985,33.97967080264679
ORD01212,2025-08-17,CUST0937,P014,1,10.0,Net Banking,Delivered,CMP002,6801,4221.32,6801,680.1,6120.9,4221.32,1899.58,31.034325017562775
ORD01213,2025-12-16,CUST0348,P015,1,10.0,Debit Card,Delivered,CMP006,5978,4066.66,5978,597.8,5380.2,4066.66,1313.54,24.41433403962678
ORD01214,2025-10-02,CUST0849,P020,1,5.0,Credit Card,Shipped,CMP003,7452,4168.44,7452,372.6,7079.4,4168.44,2910.96,41.11873887617595
ORD01215,2025-10-06,CUST0398,P002,2,10.0,UPI,Delivered,CMP004,6053,3796.4,12106,1210.6,10895.4,7592.8,3302.5999999999995,30.31187473612717
ORD01216,2025-09-08,CUST0583,P004,1,5.0,COD,Delivered,CMP002,2776,1530.45,2776,138.8,2637.2,1530.45,1106.7499999999998,41.966858789625356
ORD01217,2025-11-06,CUST0726,P019,2,15.0,Debit Card,Delivered,CMP004,7745,4299.97,15490,2323.5,13166.5,8599.94,4566.5599999999995,34.683173204724106
ORD01218,2025-07-27,CUST0435,P009,3,0.0,Credit Card,Returned,CMP005,1097,712.85,3291,0.0,3291.0,2138.55,1152.4499999999998,35.01823154056517
ORD01219,2025-11-17,CUST0577,P007,1,0.0,COD,Delivered,CMP001,5886,3178.13,5886,0.0,5886.0,3178.13,2707.87,46.005266734624534
ORD01220,2025-05-20,CUST0221,P013,3,15.0,UPI,Returned,CMP001,6435,4995.55,19305,2895.75,16409.25,14986.650000000001,1422.5999999999985,8.669500434206308
ORD01221,2025-10-07,CUST0308,P012,2,15.0,COD,Delivered,CMP006,5080,2793.69,10160,1524.0,8636.0,5587.38,3048.62,35.301296896711435
ORD01222,2025-02-03,CUST0991,P003,2,0.0,Net Banking,Cancelled,CMP003,5857,3883.91,11714,0.0,11714.0,7767.82,3946.1800000000003,33.68772409083148
ORD01223,2025-11-05,CUST0798,P013,4,0.0,Net Banking,Delivered,CMP006,6435,4995.55,25740,0.0,25740.0,19982.2,5757.799999999999,22.369075369075368
ORD01224,2025-01-18,CUST0697,P015,4,20.0,Debit Card,Delivered,CMP005,5978,4066.66,23912,4782.4,19129.6,16266.64,2862.959999999999,14.966125794580124
ORD01225,2025-02-26,CUST0719,P014,1,15.0,COD,Cancelled,CMP002,6801,4221.32,6801,1020.15,5780.85,4221.32,1559.5300000000007,26.977520606831185
ORD01226,2025-04-22,CUST0466,P024,2,5.0,Net Banking,Delivered,CMP001,972,537.49,1944,97.2,1846.8,1074.98,771.8199999999999,41.79228936538878
ORD01227,2025-01-05,CUST0099,P009,3,10.0,Debit Card,Returned,CMP006,1097,712.85,3291,329.1,2961.9,2138.55,823.3499999999999,27.798035045072417
ORD01228,2025-07-01,CUST0242,P013,3,0.0,Debit Card,Delivered,CMP004,6435,4995.55,19305,0.0,19305.0,14986.650000000001,4318.3499999999985,22.36907536907536
ORD01229,2025-01-13,CUST0158,P023,4,10.0,Debit Card,Delivered,CMP002,5137,3830.78,20548,2054.8,18493.2,15323.12,3170.08,17.141868362425107
ORD01230,2025-12-05,CUST0610,P022,4,0.0,UPI,Delivered,CMP004,5915,3970.45,23660,0.0,23660.0,15881.8,7778.200000000001,32.8748943364328
ORD01231,2025-10-12,CUST0554,P004,1,5.0,Net Banking,Delivered,CMP001,2776,1530.45,2776,138.8,2637.2,1530.45,1106.7499999999998,41.966858789625356
ORD01232,2025-09-16,CUST0651,P021,3,0.0,Net Banking,Delivered,CMP006,5045,2967.68,15135,0.0,15135.0,8903.039999999999,6231.960000000001,41.175817641228946
ORD01233,2025-03-31,CUST0795,P008,2,10.0,Credit Card,Delivered,CMP001,3129,1758.81,6258,625.8,5632.2,3517.62,2114.58,37.544476403536805
ORD01234,2025-04-14,CUST0920,P003,1,5.0,UPI,Returned,CMP002,5857,3883.91,5857,292.85,5564.15,3883.91,1680.2399999999998,30.197604306138402
ORD01235,2025-07-05,CUST0227,P002,2,10.0,Net Banking,Returned,CMP001,6053,3796.4,12106,1210.6,10895.4,7592.8,3302.5999999999995,30.31187473612717
ORD01236,2025-09-07,CUST0423,P019,1,0.0,Net Banking,Delivered,CMP001,7745,4299.97,7745,0.0,7745.0,4299.97,3445.0299999999997,44.48069722401549
ORD01237,2025-09-12,CUST0072,P023,3,5.0,Credit Card,Delivered,CMP003,5137,3830.78,15411,770.55,14640.45,11492.34,3148.1100000000006,21.50282265913958
ORD01238,2025-03-17,CUST0243,P008,1,15.0,COD,Delivered,CMP004,3129,1758.81,3129,469.35,2659.65,1758.81,900.8400000000001,33.8706220743331
ORD01239,2025-04-18,CUST0530,P017,2,5.0,COD,Delivered,CMP005,4817,3075.17,9634,481.7,9152.3,6150.34,3001.959999999999,32.80006118680549
ORD01240,2025-06-05,CUST0589,P013,2,15.0,UPI,Delivered,CMP004,6435,4995.55,12870,1930.5,10939.5,9991.1,948.3999999999996,8.669500434206313
ORD01241,2025-03-23,CUST0045,P007,1,5.0,Debit Card,Delivered,CMP002,5886,3178.13,5886,294.3,5591.7,3178.13,2413.5699999999997,43.16343866802582
ORD01242,2025-03-18,CUST0472,P009,3,5.0,Credit Card,Delivered,CMP003,1097,712.85,3291,164.55,3126.45,2138.55,987.8999999999996,31.598138463752807
ORD01243,2025-09-15,CUST0371,P012,4,10.0,Credit Card,Delivered,CMP006,5080,2793.69,20320,2032.0,18288.0,11174.76,7113.24,38.89566929133858
ORD01244,2025-05-07,CUST0855,P014,1,25.0,Net Banking,Delivered,CMP003,6801,4221.32,6801,1700.25,5100.75,4221.32,879.4300000000003,17.241190021075337
ORD01245,2025-10-09,CUST0652,P014,1,0.0,Net Banking,Delivered,CMP002,6801,4221.32,6801,0.0,6801.0,4221.32,2579.6800000000003,37.930892515806505
ORD01246,2025-03-29,CUST0689,P015,2,0.0,Credit Card,Delivered,CMP003,5978,4066.66,11956,0.0,11956.0,8133.32,3822.6800000000003,31.972900635664104
ORD01247,2025-07-23,CUST0734,P003,3,10.0,Debit Card,Delivered,CMP002,5857,3883.91,17571,1757.1,15813.9,11651.73,4162.17,26.319693434257207
ORD01248,2025-01-16,CUST0927,P015,1,20.0,COD,Delivered,CMP002,5978,4066.66,5978,1195.6,4782.4,4066.66,715.7399999999998,14.966125794580124
ORD01249,2025-05-31,CUST0092,P019,2,25.0,UPI,Delivered,CMP005,7745,4299.97,15490,3872.5,11617.5,8599.94,3017.5599999999995,25.97426296535399
ORD01250,2025-09-11,CUST0022,P024,1,10.0,COD,Delivered,CMP006,972,537.49,972,97.2,874.8,537.49,337.30999999999995,38.55852766346593
ORD01251,2025-07-07,CUST0172,P020,3,10.0,UPI,Delivered,CMP003,7452,4168.44,22356,2235.6,20120.4,12505.32,7615.080000000002,37.847557702630176
ORD01252,2025-11-25,CUST0604,P014,4,10.0,Debit Card,Delivered,CMP005,6801,4221.32,27204,2720.4,24483.6,16885.28,7598.32,31.034325017562775
ORD01253,2025-02-01,CUST0192,P008,1,10.0,Credit Card,Delivered,CMP002,3129,1758.81,3129,312.9,2816.1,1758.81,1057.29,37.544476403536805
ORD01254,2025-09-28,CUST0077,P005,3,10.0,Debit Card,Delivered,CMP003,1046,807.54,3138,313.8,2824.2,2422.62,401.5799999999999,14.219247928616952
ORD01255,2025-01-05,CUST0281,P019,3,20.0,Credit Card,Delivered,CMP004,7745,4299.97,23235,4647.0,18588.0,12899.91,5688.09,30.60087153001937
ORD01256,2025-11-26,CUST0364,P004,1,15.0,Net Banking,Delivered,CMP003,2776,1530.45,2776,416.4,2359.6,1530.45,829.1499999999999,35.13943041193422
ORD01257,2025-11-04,CUST0179,P014,1,10.0,UPI,Delivered,CMP001,6801,4221.32,6801,680.1,6120.9,4221.32,1899.58,31.034325017562775
ORD01258,2025-11-29,CUST0238,P016,2,10.0,Net Banking,Delivered,CMP005,7713,5310.71,15426,1542.6,13883.4,10621.42,3261.9799999999996,23.495541437976286
ORD01259,2025-06-18,CUST0135,P020,1,10.0,Credit Card,Delivered,CMP005,7452,4168.44,7452,745.2,6706.8,4168.44,2538.3600000000006,37.847557702630176
ORD01260,2025-06-30,CUST0877,P024,1,10.0,UPI,Delivered,CMP004,972,537.49,972,97.2,874.8,537.49,337.30999999999995,38.55852766346593
ORD01261,2025-06-27,CUST0902,P006,2,10.0,UPI,Delivered,CMP001,4933,3611.45,9866,986.6,8879.4,7222.9,1656.5,18.655539788724465
ORD01262,2025-05-23,CUST0280,P023,1,0.0,Net Banking,Delivered,CMP001,5137,3830.78,5137,0.0,5137.0,3830.78,1306.2199999999998,25.427681526182592
ORD01263,2025-12-28,CUST0019,P025,2,0.0,UPI,Delivered,CMP002,7392,5142.33,14784,0.0,14784.0,10284.66,4499.34,30.4338474025974
ORD01264,2025-09-05,CUST0595,P006,2,10.0,Credit Card,Cancelled,CMP001,4933,3611.45,9866,986.6,8879.4,7222.9,1656.5,18.655539788724465
ORD01265,2025-05-07,CUST0740,P003,1,15.0,Credit Card,Delivered,CMP005,5857,3883.91,5857,878.55,4978.45,3883.91,1094.54,21.985557753919394
ORD01266,2025-09-20,CUST0371,P015,1,5.0,Net Banking,Delivered,CMP004,5978,4066.66,5978,298.9,5679.1,4066.66,1612.4400000000005,28.392526984909587
ORD01267,2025-02-09,CUST0777,P003,4,10.0,Debit Card,Delivered,CMP004,5857,3883.91,23428,2342.8,21085.2,15535.64,5549.560000000001,26.319693434257207
ORD01268,2025-12-21,CUST0112,P011,1,5.0,Credit Card,Delivered,CMP006,7881,6026.38,7881,394.05,7486.95,6026.38,1460.5699999999997,19.508210953726145
ORD01269,2025-09-12,CUST0763,P003,3,0.0,Credit Card,Delivered,CMP001,5857,3883.91,17571,0.0,17571.0,11651.73,5919.27,33.68772409083148
ORD01270,2025-05-23,CUST0676,P010,1,25.0,UPI,Delivered,CMP005,3310,2109.97,3310,827.5,2482.5,2109.97,372.5300000000002,15.0062437059416
ORD01271,2025-08-28,CUST0870,P018,4,20.0,UPI,Delivered,CMP001,6660,5091.78,26640,5328.0,21312.0,20367.12,944.880000000001,4.4335585585585635
ORD01272,2025-08-16,CUST0680,P001,1,0.0,Credit Card,Delivered,CMP001,6748,4695.17,6748,0.0,6748.0,4695.17,2052.83,30.421310017783043
ORD01273,2025-12-07,CUST0221,P016,1,15.0,Net Banking,Delivered,CMP001,7713,5310.71,7713,1156.95,6556.05,5310.71,1245.3400000000001,18.995279169621952
ORD01274,2025-07-17,CUST0920,P016,1,5.0,Debit Card,Delivered,CMP006,7713,5310.71,7713,385.65,7327.35,5310.71,2016.6400000000003,27.52209188860912
ORD01275,2025-03-06,CUST0304,P010,1,25.0,UPI,Cancelled,CMP003,3310,2109.97,3310,827.5,2482.5,2109.97,372.5300000000002,15.0062437059416
ORD01276,2025-01-11,CUST0703,P001,1,5.0,UPI,Delivered,CMP001,6748,4695.17,6748,337.4,6410.6,4695.17,1715.4300000000003,26.759273702929526
ORD01277,2025-04-18,CUST0325,P004,1,0.0,Debit Card,Delivered,CMP004,2776,1530.45,2776,0.0,2776.0,1530.45,1245.55,44.86851585014409
ORD01278,2025-01-26,CUST0437,P003,1,10.0,UPI,Shipped,CMP002,5857,3883.91,5857,585.7,5271.3,3883.91,1387.3900000000003,26.319693434257207
ORD01279,2025-05-31,CUST0438,P005,3,20.0,Net Banking,Delivered,CMP001,1046,807.54,3138,627.6,2510.4,2422.62,87.7800000000002,3.4966539196940802
ORD01280,2025-08-09,CUST0170,P012,3,0.0,UPI,Delivered,CMP005,5080,2793.69,15240,0.0,15240.0,8381.07,6858.93,45.00610236220473
ORD01281,2025-12-07,CUST0375,P025,1,15.0,UPI,Cancelled,CMP001,7392,5142.33,7392,1108.8,6283.2,5142.33,1140.87,18.157467532467532
ORD01282,2025-08-25,CUST0557,P012,2,0.0,Credit Card,Cancelled,CMP006,5080,2793.69,10160,0.0,10160.0,5587.38,4572.62,45.00610236220473
ORD01283,2025-08-25,CUST0381,P013,1,20.0,Net Banking,Delivered,CMP004,6435,4995.55,6435,1287.0,5148.0,4995.55,152.44999999999982,2.961344211344208
ORD01284,2025-08-07,CUST0986,P024,4,0.0,Net Banking,Delivered,CMP001,972,537.49,3888,0.0,3888.0,2149.96,1738.04,44.702674897119344
ORD01285,2025-05-31,CUST0014,P012,1,20.0,Credit Card,Delivered,CMP002,5080,2793.69,5080,1016.0,4064.0,2793.69,1270.31,31.257627952755907
ORD01286,2025-05-03,CUST0743,P025,2,10.0,COD,Delivered,CMP004,7392,5142.33,14784,1478.4,13305.6,10284.66,3020.9400000000005,22.704274891774894
ORD01287,2025-05-24,CUST0669,P016,1,10.0,Debit Card,Delivered,CMP002,7713,5310.71,7713,771.3,6941.7,5310.71,1630.9899999999998,23.495541437976286
ORD01288,2025-07-08,CUST0500,P013,3,25.0,Net Banking,Cancelled,CMP003,6435,4995.55,19305,4826.25,14478.75,14986.650000000001,-507.90000000000146,-3.507899507899518
ORD01289,2025-09-12,CUST0646,P005,4,25.0,COD,Delivered,CMP005,1046,807.54,4184,1046.0,3138.0,3230.16,-92.15999999999985,-2.9369024856596515
ORD01290,2025-03-09,CUST0391,P024,1,10.0,Debit Card,Delivered,CMP005,972,537.49,972,97.2,874.8,537.49,337.30999999999995,38.55852766346593
ORD01291,2025-04-14,CUST0549,P004,1,0.0,Net Banking,Delivered,CMP004,2776,1530.45,2776,0.0,2776.0,1530.45,1245.55,44.86851585014409
ORD01292,2025-12-02,CUST0565,P021,1,10.0,UPI,Delivered,CMP006,5045,2967.68,5045,504.5,4540.5,2967.68,1572.8200000000002,34.639797379143275
ORD01293,2025-06-08,CUST0530,P015,2,10.0,Net Banking,Delivered,CMP002,5978,4066.66,11956,1195.6,10760.4,8133.32,2627.08,24.41433403962678
ORD01294,2025-11-05,CUST0983,P012,1,10.0,Debit Card,Returned,CMP001,5080,2793.69,5080,508.0,4572.0,2793.69,1778.31,38.89566929133858
ORD01295,2025-12-28,CUST0492,P019,1,10.0,COD,Delivered,CMP005,7745,4299.97,7745,774.5,6970.5,4299.97,2670.5299999999997,38.31188580446165
ORD01296,2025-10-27,CUST0550,P021,3,0.0,UPI,Delivered,CMP002,5045,2967.68,15135,0.0,15135.0,8903.039999999999,6231.960000000001,41.175817641228946
ORD01297,2025-03-31,CUST0699,P019,2,15.0,Debit Card,Delivered,CMP003,7745,4299.97,15490,2323.5,13166.5,8599.94,4566.5599999999995,34.683173204724106
ORD01298,2025-12-23,CUST0385,P021,4,15.0,Debit Card,Cancelled,CMP005,5045,2967.68,20180,3027.0,17153.0,11870.72,5282.280000000001,30.7950795779164
ORD01299,2025-09-13,CUST0196,P011,4,0.0,Net Banking,Delivered,CMP003,7881,6026.38,31524,0.0,31524.0,24105.52,7418.48,23.53280040603984
ORD01300,2025-12-19,CUST0755,P021,2,10.0,Credit Card,Delivered,CMP001,5045,2967.68,10090,1009.0,9081.0,5935.36,3145.6400000000003,34.639797379143275
ORD01301,2025-08-08,CUST0300,P006,4,10.0,Credit Card,Delivered,CMP004,4933,3611.45,19732,1973.2,17758.8,14445.8,3313.0,18.655539788724465
ORD01302,2025-01-09,CUST0815,P009,2,15.0,UPI,Cancelled,CMP005,1097,712.85,2194,329.1,1864.9,1425.7,439.20000000000005,23.550860635959033
ORD01303,2025-01-12,CUST0547,P001,3,0.0,Debit Card,Delivered,CMP001,6748,4695.17,20244,0.0,20244.0,14085.51,6158.49,30.421310017783043
ORD01304,2025-11-21,CUST0727,P012,2,10.0,COD,Delivered,CMP004,5080,2793.69,10160,1016.0,9144.0,5587.38,3556.62,38.89566929133858
ORD01305,2025-09-01,CUST0731,P014,1,5.0,UPI,Shipped,CMP003,6801,4221.32,6801,340.05,6460.95,4221.32,2239.63,34.66409738505948
ORD01306,2025-07-01,CUST0828,P006,1,10.0,UPI,Cancelled,CMP002,4933,3611.45,4933,493.3,4439.7,3611.45,828.25,18.655539788724465
ORD01307,2025-10-11,CUST0602,P001,4,15.0,Net Banking,Cancelled,CMP001,6748,4695.17,26992,4048.8,22943.2,18780.68,4162.52,18.142717667980058
ORD01308,2025-11-08,CUST0308,P022,2,15.0,COD,Delivered,CMP002,5915,3970.45,11830,1774.5,10055.5,7940.9,2114.6000000000004,21.029287454626825
ORD01309,2025-04-09,CUST0252,P002,1,0.0,Debit Card,Delivered,CMP005,6053,3796.4,6053,0.0,6053.0,3796.4,2256.6,37.280687262514455
ORD01310,2025-07-16,CUST0008,P024,2,10.0,Debit Card,Shipped,CMP003,972,537.49,1944,194.4,1749.6,1074.98,674.6199999999999,38.55852766346593
ORD01311,2025-08-14,CUST0768,P011,1,25.0,Debit Card,Delivered,CMP006,7881,6026.38,7881,1970.25,5910.75,6026.38,-115.63000000000011,-1.9562661252802118
ORD01312,2025-11-29,CUST0875,P003,3,0.0,UPI,Delivered,CMP002,5857,3883.91,17571,0.0,17571.0,11651.73,5919.27,33.68772409083148
ORD01313,2025-04-13,CUST0208,P010,4,20.0,Net Banking,Delivered,CMP006,3310,2109.97,13240,2648.0,10592.0,8439.88,2152.120000000001,20.31835347432025
ORD01314,2025-04-16,CUST0937,P006,1,15.0,UPI,Delivered,CMP003,4933,3611.45,4933,739.95,4193.05,3611.45,581.6000000000004,13.87057154100238
ORD01315,2025-12-31,CUST0131,P006,1,15.0,Credit Card,Delivered,CMP001,4933,3611.45,4933,739.95,4193.05,3611.45,581.6000000000004,13.87057154100238
ORD01316,2025-02-27,CUST0736,P020,2,5.0,Credit Card,Returned,CMP001,7452,4168.44,14904,745.2,14158.8,8336.88,5821.92,41.11873887617595
ORD01317,2025-03-19,CUST0709,P021,1,5.0,Debit Card,Delivered,CMP004,5045,2967.68,5045,252.25,4792.75,2967.68,1825.0700000000002,38.07980804339889
ORD01318,2025-03-16,CUST0980,P002,1,20.0,Net Banking,Delivered,CMP005,6053,3796.4,6053,1210.6,4842.4,3796.4,1045.9999999999995,21.60085907814306
ORD01319,2025-02-11,CUST0654,P024,4,5.0,Debit Card,Delivered,CMP005,972,537.49,3888,194.4,3693.6,2149.96,1543.6399999999999,41.79228936538878
ORD01320,2025-11-20,CUST0764,P010,1,0.0,Debit Card,Returned,CMP004,3310,2109.97,3310,0.0,3310.0,2109.97,1200.0300000000002,36.254682779456196
ORD01321,2025-06-30,CUST0608,P023,1,10.0,UPI,Delivered,CMP001,5137,3830.78,5137,513.7,4623.3,3830.78,792.52,17.141868362425107
ORD01322,2025-02-02,CUST0026,P006,2,0.0,Debit Card,Delivered,CMP001,4933,3611.45,9866,0.0,9866.0,7222.9,2643.1000000000004,26.78998580985202
ORD01323,2025-03-12,CUST0623,P023,2,15.0,Debit Card,Delivered,CMP001,5137,3830.78,10274,1541.1,8732.9,7661.56,1071.3399999999992,12.267860619038341
ORD01324,2025-02-25,CUST0454,P017,1,10.0,Net Banking,Delivered,CMP001,4817,3075.17,4817,481.7,4335.3,3075.17,1260.13,29.066731252739142
ORD01325,2025-04-15,CUST0635,P014,4,20.0,Net Banking,Delivered,CMP005,6801,4221.32,27204,5440.8,21763.2,16885.28,4877.920000000002,22.41361564475813
ORD01326,2025-07-19,CUST0186,P005,2,15.0,Net Banking,Delivered,CMP006,1046,807.54,2092,313.8,1778.2,1615.08,163.12000000000012,9.173321336182664
ORD01327,2025-04-11,CUST0484,P023,2,0.0,Debit Card,Shipped,CMP002,5137,3830.78,10274,0.0,10274.0,7661.56,2612.4399999999996,25.427681526182592
ORD01328,2025-09-13,CUST0680,P017,3,5.0,Net Banking,Delivered,CMP005,4817,3075.17,14451,722.55,13728.45,9225.51,4502.9400000000005,32.80006118680551
ORD01329,2025-11-03,CUST0051,P002,2,15.0,Net Banking,Delivered,CMP002,6053,3796.4,12106,1815.9,10290.1,7592.8,2697.3,26.21257325001701
ORD01330,2025-03-15,CUST0891,P009,1,5.0,COD,Delivered,CMP002,1097,712.85,1097,54.85,1042.15,712.85,329.30000000000007,31.59813846375282
ORD01331,2025-06-20,CUST0005,P012,1,25.0,COD,Delivered,CMP002,5080,2793.69,5080,1270.0,3810.0,2793.69,1016.31,26.674803149606298
ORD01332,2025-05-23,CUST0589,P019,2,15.0,Credit Card,Delivered,CMP001,7745,4299.97,15490,2323.5,13166.5,8599.94,4566.5599999999995,34.683173204724106
ORD01333,2025-06-15,CUST0160,P022,1,0.0,UPI,Shipped,CMP002,5915,3970.45,5915,0.0,5915.0,3970.45,1944.5500000000002,32.8748943364328
ORD01334,2025-09-18,CUST0208,P007,4,20.0,UPI,Delivered,CMP002,5886,3178.13,23544,4708.8,18835.2,12712.52,6122.68,32.50658341828066
ORD01335,2025-08-09,CUST0257,P009,4,0.0,Net Banking,Delivered,CMP003,1097,712.85,4388,0.0,4388.0,2851.4,1536.6,35.018231540565175
ORD01336,2025-03-24,CUST0205,P021,1,0.0,Credit Card,Delivered,CMP002,5045,2967.68,5045,0.0,5045.0,2967.68,2077.32,41.17581764122894
ORD01337,2025-07-01,CUST0767,P016,1,15.0,Credit Card,Returned,CMP003,7713,5310.71,7713,1156.95,6556.05,5310.71,1245.3400000000001,18.995279169621952
ORD01338,2025-11-03,CUST0950,P020,2,20.0,COD,Delivered,CMP002,7452,4168.44,14904,2980.8,11923.2,8336.88,3586.3200000000015,30.078502415458946
ORD01339,2025-01-10,CUST0011,P011,1,10.0,Credit Card,Delivered,CMP006,7881,6026.38,7881,788.1,7092.9,6026.38,1066.5199999999995,15.036444895599818
ORD01340,2025-01-04,CUST0949,P012,1,5.0,Debit Card,Delivered,CMP005,5080,2793.69,5080,254.0,4826.0,2793.69,2032.31,42.11168669705761
ORD01341,2025-12-17,CUST0008,P015,4,5.0,Net Banking,Delivered,CMP006,5978,4066.66,23912,1195.6,22716.4,16266.64,6449.760000000002,28.392526984909587
ORD01342,2025-12-02,CUST0409,P018,1,5.0,Debit Card,Delivered,CMP003,6660,5091.78,6660,333.0,6327.0,5091.78,1235.2200000000003,19.52299668089142
ORD01343,2025-10-19,CUST0936,P019,1,5.0,UPI,Delivered,CMP004,7745,4299.97,7745,387.25,7357.75,4299.97,3057.7799999999997,41.55862865685841
ORD01344,2025-10-08,CUST0032,P016,4,0.0,COD,Delivered,CMP001,7713,5310.71,30852,0.0,30852.0,21242.84,9609.16,31.145987294178656
ORD01345,2025-08-03,CUST0984,P015,1,10.0,Debit Card,Returned,CMP005,5978,4066.66,5978,597.8,5380.2,4066.66,1313.54,24.41433403962678
ORD01346,2025-04-08,CUST0540,P005,2,20.0,Net Banking,Cancelled,CMP002,1046,807.54,2092,418.4,1673.6,1615.08,58.51999999999998,3.496653919694072
ORD01347,2025-04-11,CUST0718,P011,1,5.0,Debit Card,Delivered,CMP001,7881,6026.38,7881,394.05,7486.95,6026.38,1460.5699999999997,19.508210953726145
ORD01348,2025-01-09,CUST0387,P015,1,0.0,Debit Card,Shipped,CMP001,5978,4066.66,5978,0.0,5978.0,4066.66,1911.3400000000001,31.972900635664104
ORD01349,2025-03-02,CUST0228,P018,1,20.0,Credit Card,Delivered,CMP003,6660,5091.78,6660,1332.0,5328.0,5091.78,236.22000000000025,4.4335585585585635
ORD01350,2025-11-05,CUST0640,P013,1,15.0,COD,Cancelled,CMP002,6435,4995.55,6435,965.25,5469.75,4995.55,474.1999999999998,8.669500434206313
ORD01351,2025-05-26,CUST0767,P004,2,20.0,UPI,Delivered,CMP006,2776,1530.45,5552,1110.4,4441.6,3060.9,1380.7000000000003,31.08564481268012
ORD01352,2025-03-04,CUST0475,P017,3,0.0,Net Banking,Delivered,CMP002,4817,3075.17,14451,0.0,14451.0,9225.51,5225.49,36.16005812746523
ORD01353,2025-05-01,CUST0724,P004,2,0.0,Net Banking,Delivered,CMP006,2776,1530.45,5552,0.0,5552.0,3060.9,2491.1,44.86851585014409
ORD01354,2025-08-14,CUST0751,P016,2,10.0,UPI,Delivered,CMP002,7713,5310.71,15426,1542.6,13883.4,10621.42,3261.9799999999996,23.495541437976286
ORD01355,2025-04-15,CUST0207,P023,2,10.0,Net Banking,Delivered,CMP005,5137,3830.78,10274,1027.4,9246.6,7661.56,1585.04,17.141868362425107
ORD01356,2025-09-17,CUST0318,P015,4,10.0,Credit Card,Delivered,CMP004,5978,4066.66,23912,2391.2,21520.8,16266.64,5254.16,24.41433403962678
ORD01357,2025-12-15,CUST0795,P014,1,10.0,Debit Card,Delivered,CMP004,6801,4221.32,6801,680.1,6120.9,4221.32,1899.58,31.034325017562775
ORD01358,2025-09-12,CUST0757,P012,1,0.0,Credit Card,Delivered,CMP003,5080,2793.69,5080,0.0,5080.0,2793.69,2286.31,45.00610236220473
ORD01359,2025-07-26,CUST0557,P003,2,10.0,Credit Card,Delivered,CMP004,5857,3883.91,11714,1171.4,10542.6,7767.82,2774.7800000000007,26.319693434257207
ORD01360,2025-01-28,CUST0617,P010,4,10.0,Credit Card,Delivered,CMP003,3310,2109.97,13240,1324.0,11916.0,8439.88,3476.120000000001,29.171869754951334
ORD01361,2025-06-19,CUST0348,P008,3,10.0,UPI,Delivered,CMP003,3129,1758.81,9387,938.7,8448.3,5276.43,3171.869999999999,37.5444764035368
ORD01362,2025-12-02,CUST0793,P006,1,10.0,COD,Delivered,CMP004,4933,3611.45,4933,493.3,4439.7,3611.45,828.25,18.655539788724465
ORD01363,2025-03-17,CUST0234,P022,4,10.0,UPI,Delivered,CMP002,5915,3970.45,23660,2366.0,21294.0,15881.8,5412.200000000001,25.416549262703114
ORD01364,2025-04-26,CUST0701,P014,1,5.0,UPI,Delivered,CMP002,6801,4221.32,6801,340.05,6460.95,4221.32,2239.63,34.66409738505948
ORD01365,2025-03-10,CUST0044,P017,1,5.0,Credit Card,Returned,CMP001,4817,3075.17,4817,240.85,4576.15,3075.17,1500.9799999999996,32.80006118680549
ORD01366,2025-12-20,CUST0737,P021,1,5.0,COD,Delivered,CMP006,5045,2967.68,5045,252.25,4792.75,2967.68,1825.0700000000002,38.07980804339889
ORD01367,2025-08-22,CUST0942,P019,1,0.0,UPI,Delivered,CMP005,7745,4299.97,7745,0.0,7745.0,4299.97,3445.0299999999997,44.48069722401549
ORD01368,2025-01-01,CUST0142,P016,2,10.0,COD,Returned,CMP002,7713,5310.71,15426,1542.6,13883.4,10621.42,3261.9799999999996,23.495541437976286
ORD01369,2025-06-16,CUST0648,P015,2,20.0,Credit Card,Returned,CMP002,5978,4066.66,11956,2391.2,9564.8,8133.32,1431.4799999999996,14.966125794580124
ORD01370,2025-12-18,CUST0176,P015,1,5.0,UPI,Delivered,CMP003,5978,4066.66,5978,298.9,5679.1,4066.66,1612.4400000000005,28.392526984909587
ORD01371,2025-08-06,CUST0654,P001,4,0.0,COD,Delivered,CMP002,6748,4695.17,26992,0.0,26992.0,18780.68,8211.32,30.421310017783043
ORD01372,2025-09-30,CUST0449,P024,1,25.0,Net Banking,Cancelled,CMP005,972,537.49,972,243.0,729.0,537.49,191.51,26.270233196159122
ORD01373,2025-09-08,CUST0592,P023,1,5.0,UPI,Cancelled,CMP005,5137,3830.78,5137,256.85,4880.15,3830.78,1049.3699999999994,21.502822659139564
ORD01374,2025-12-13,CUST0082,P023,2,0.0,UPI,Delivered,CMP005,5137,3830.78,10274,0.0,10274.0,7661.56,2612.4399999999996,25.427681526182592
ORD01375,2025-12-10,CUST0135,P012,1,5.0,UPI,Delivered,CMP006,5080,2793.69,5080,254.0,4826.0,2793.69,2032.31,42.11168669705761
ORD01376,2025-06-23,CUST0719,P010,1,15.0,COD,Delivered,CMP004,3310,2109.97,3310,496.5,2813.5,2109.97,703.5300000000002,25.005509152301407
ORD01377,2025-06-19,CUST0856,P014,1,5.0,Debit Card,Delivered,CMP004,6801,4221.32,6801,340.05,6460.95,4221.32,2239.63,34.66409738505948
ORD01378,2025-09-03,CUST0177,P010,3,10.0,UPI,Cancelled,CMP005,3310,2109.97,9930,993.0,8937.0,6329.91,2607.09,29.17186975495133
ORD01379,2025-03-31,CUST0383,P010,4,5.0,Net Banking,Delivered,CMP004,3310,2109.97,13240,662.0,12578.0,8439.88,4138.120000000001,32.89966608363811
ORD01380,2025-02-18,CUST0243,P020,1,0.0,Net Banking,Delivered,CMP006,7452,4168.44,7452,0.0,7452.0,4168.44,3283.5600000000004,44.06280193236716
ORD01381,2025-10-21,CUST0567,P011,2,5.0,Credit Card,Delivered,CMP005,7881,6026.38,15762,788.1,14973.9,12052.76,2921.1399999999994,19.508210953726145
ORD01382,2025-05-30,CUST0141,P022,4,15.0,Debit Card,Cancelled,CMP001,5915,3970.45,23660,3549.0,20111.0,15881.8,4229.200000000001,21.029287454626825
ORD01383,2025-05-12,CUST0457,P016,1,10.0,Debit Card,Delivered,CMP006,7713,5310.71,7713,771.3,6941.7,5310.71,1630.9899999999998,23.495541437976286
ORD01384,2025-02-28,CUST0440,P009,2,0.0,COD,Delivered,CMP004,1097,712.85,2194,0.0,2194.0,1425.7,768.3,35.018231540565175
ORD01385,2025-11-20,CUST0056,P015,4,0.0,Credit Card,Delivered,CMP001,5978,4066.66,23912,0.0,23912.0,16266.64,7645.360000000001,31.972900635664104
ORD01386,2025-07-18,CUST0527,P014,1,10.0,COD,Delivered,CMP005,6801,4221.32,6801,680.1,6120.9,4221.32,1899.58,31.034325017562775
ORD01387,2025-08-03,CUST0697,P019,4,15.0,Credit Card,Delivered,CMP002,7745,4299.97,30980,4647.0,26333.0,17199.88,9133.119999999999,34.683173204724106
ORD01388,2025-02-18,CUST0826,P009,3,5.0,Debit Card,Delivered,CMP005,1097,712.85,3291,164.55,3126.45,2138.55,987.8999999999996,31.598138463752807
ORD01389,2025-08-20,CUST0419,P004,4,10.0,COD,Delivered,CMP006,2776,1530.45,11104,1110.4,9993.6,6121.8,3871.8,38.74279538904899
ORD01390,2025-09-04,CUST0088,P021,4,0.0,Credit Card,Delivered,CMP002,5045,2967.68,20180,0.0,20180.0,11870.72,8309.28,41.17581764122894
ORD01391,2025-08-27,CUST0609,P007,4,5.0,Debit Card,Returned,CMP006,5886,3178.13,23544,1177.2,22366.8,12712.52,9654.279999999999,43.16343866802582
ORD01392,2025-06-17,CUST0656,P022,1,0.0,Debit Card,Delivered,CMP005,5915,3970.45,5915,0.0,5915.0,3970.45,1944.5500000000002,32.8748943364328
ORD01393,2025-02-17,CUST0008,P008,1,15.0,UPI,Delivered,CMP004,3129,1758.81,3129,469.35,2659.65,1758.81,900.8400000000001,33.8706220743331
ORD01394,2025-02-20,CUST0477,P024,3,5.0,COD,Delivered,CMP003,972,537.49,2916,145.8,2770.2,1612.47,1157.7299999999998,41.792289365388775
ORD01395,2025-10-26,CUST0215,P008,1,15.0,UPI,Delivered,CMP001,3129,1758.81,3129,469.35,2659.65,1758.81,900.8400000000001,33.8706220743331
ORD01396,2025-04-08,CUST0685,P019,1,15.0,Debit Card,Delivered,CMP003,7745,4299.97,7745,1161.75,6583.25,4299.97,2283.2799999999997,34.683173204724106
ORD01397,2025-08-04,CUST0735,P015,1,15.0,COD,Delivered,CMP001,5978,4066.66,5978,896.7,5081.3,4066.66,1014.6400000000003,19.968118394898948
ORD01398,2025-06-26,CUST0552,P016,2,5.0,COD,Delivered,CMP003,7713,5310.71,15426,771.3,14654.7,10621.42,4033.2800000000007,27.52209188860912
ORD01399,2025-03-21,CUST0497,P022,1,0.0,Net Banking,Returned,CMP005,5915,3970.45,5915,0.0,5915.0,3970.45,1944.5500000000002,32.8748943364328
ORD01400,2025-07-04,CUST0694,P023,1,25.0,Credit Card,Delivered,CMP006,5137,3830.78,5137,1284.25,3852.75,3830.78,21.9699999999998,0.5702420349101239
ORD01401,2025-01-27,CUST0503,P009,1,15.0,Net Banking,Delivered,CMP002,1097,712.85,1097,164.55,932.45,712.85,219.60000000000002,23.550860635959033
ORD01402,2025-07-14,CUST0782,P012,1,20.0,Net Banking,Shipped,CMP002,5080,2793.69,5080,1016.0,4064.0,2793.69,1270.31,31.257627952755907
ORD01403,2025-08-02,CUST0699,P016,2,0.0,Debit Card,Delivered,CMP005,7713,5310.71,15426,0.0,15426.0,10621.42,4804.58,31.145987294178656
ORD01404,2025-12-08,CUST0245,P004,1,5.0,Credit Card,Delivered,CMP003,2776,1530.45,2776,138.8,2637.2,1530.45,1106.7499999999998,41.966858789625356
ORD01405,2025-04-24,CUST0478,P005,1,15.0,Net Banking,Delivered,CMP006,1046,807.54,1046,156.9,889.1,807.54,81.56000000000006,9.173321336182664
ORD01406,2025-08-30,CUST0309,P008,3,0.0,Net Banking,Delivered,CMP005,3129,1758.81,9387,0.0,9387.0,5276.43,4110.57,43.790028763183116
ORD01407,2025-05-04,CUST0231,P001,1,10.0,COD,Delivered,CMP005,6748,4695.17,6748,674.8,6073.2,4695.17,1378.0299999999997,22.69034446420338
ORD01408,2025-11-01,CUST0383,P006,3,5.0,Debit Card,Delivered,CMP001,4933,3611.45,14799,739.95,14059.05,10834.349999999999,3224.7000000000007,22.936827168265285
ORD01409,2025-03-17,CUST0155,P015,1,0.0,Net Banking,Delivered,CMP001,5978,4066.66,5978,0.0,5978.0,4066.66,1911.3400000000001,31.972900635664104
ORD01410,2025-11-07,CUST0175,P004,1,0.0,Credit Card,Delivered,CMP002,2776,1530.45,2776,0.0,2776.0,1530.45,1245.55,44.86851585014409
ORD01411,2025-11-08,CUST0848,P021,4,5.0,UPI,Delivered,CMP002,5045,2967.68,20180,1009.0,19171.0,11870.72,7300.280000000001,38.07980804339889
ORD01412,2025-07-15,CUST0115,P011,2,0.0,UPI,Shipped,CMP005,7881,6026.38,15762,0.0,15762.0,12052.76,3709.24,23.53280040603984
ORD01413,2025-12-17,CUST0390,P005,2,10.0,Debit Card,Delivered,CMP003,1046,807.54,2092,209.2,1882.8,1615.08,267.72,14.219247928616955
ORD01414,2025-02-13,CUST0311,P018,1,0.0,UPI,Delivered,CMP003,6660,5091.78,6660,0.0,6660.0,5091.78,1568.2200000000003,23.54684684684685
ORD01415,2025-07-05,CUST0993,P024,3,5.0,COD,Cancelled,CMP005,972,537.49,2916,145.8,2770.2,1612.47,1157.7299999999998,41.792289365388775
ORD01416,2025-12-09,CUST0300,P015,1,20.0,COD,Delivered,CMP003,5978,4066.66,5978,1195.6,4782.4,4066.66,715.7399999999998,14.966125794580124
ORD01417,2025-09-03,CUST0018,P018,4,10.0,Credit Card,Delivered,CMP003,6660,5091.78,26640,2664.0,23976.0,20367.12,3608.880000000001,15.052052052052057
ORD01418,2025-03-25,CUST0784,P020,1,5.0,Debit Card,Delivered,CMP005,7452,4168.44,7452,372.6,7079.4,4168.44,2910.96,41.11873887617595
ORD01419,2025-07-26,CUST0012,P013,4,15.0,Debit Card,Cancelled,CMP003,6435,4995.55,25740,3861.0,21879.0,19982.2,1896.7999999999993,8.669500434206313
ORD01420,2025-05-31,CUST0404,P005,2,20.0,UPI,Delivered,CMP001,1046,807.54,2092,418.4,1673.6,1615.08,58.51999999999998,3.496653919694072
ORD01421,2025-06-05,CUST0813,P001,1,0.0,Net Banking,Shipped,CMP003,6748,4695.17,6748,0.0,6748.0,4695.17,2052.83,30.421310017783043
ORD01422,2025-01-16,CUST0704,P022,2,10.0,Net Banking,Delivered,CMP004,5915,3970.45,11830,1183.0,10647.0,7940.9,2706.1000000000004,25.416549262703114
ORD01423,2025-06-14,CUST0232,P018,1,10.0,Net Banking,Delivered,CMP003,6660,5091.78,6660,666.0,5994.0,5091.78,902.2200000000003,15.052052052052057
ORD01424,2025-05-25,CUST0955,P014,1,5.0,Credit Card,Delivered,CMP002,6801,4221.32,6801,340.05,6460.95,4221.32,2239.63,34.66409738505948
ORD01425,2025-02-06,CUST0605,P005,3,15.0,Debit Card,Delivered,CMP002,1046,807.54,3138,470.7,2667.3,2422.62,244.6800000000003,9.173321336182667
ORD01426,2025-11-29,CUST0990,P006,4,25.0,UPI,Delivered,CMP002,4933,3611.45,19732,4933.0,14799.0,14445.8,353.2000000000007,2.386647746469361
ORD01427,2025-02-14,CUST0730,P024,1,20.0,Credit Card,Cancelled,CMP001,972,537.49,972,194.4,777.6,537.49,240.11,30.87834362139918
ORD01428,2025-07-25,CUST0278,P025,3,5.0,COD,Delivered,CMP004,7392,5142.33,22176,1108.8,21067.2,15426.99,5640.210000000001,26.772470950102534
ORD01429,2025-03-03,CUST0353,P016,2,,COD,Delivered,CMP004,7713,5310.71,15426,0.0,15426.0,10621.42,4804.58,31.145987294178656
ORD01430,2025-12-22,CUST0999,P022,1,25.0,COD,Shipped,CMP004,5915,3970.45,5915,1478.75,4436.25,3970.45,465.8000000000002,10.499859115243733
ORD01431,2025-11-04,CUST0303,P021,2,10.0,Debit Card,Delivered,CMP002,5045,2967.68,10090,1009.0,9081.0,5935.36,3145.6400000000003,34.639797379143275
ORD01432,2025-01-19,CUST0541,P012,2,0.0,COD,Shipped,CMP002,5080,2793.69,10160,0.0,10160.0,5587.38,4572.62,45.00610236220473
ORD01433,2025-12-31,CUST0470,P020,1,15.0,Net Banking,Delivered,CMP005,7452,4168.44,7452,1117.8,6334.2,4168.44,2165.76,34.191531685137825
ORD01434,2025-10-27,CUST0813,P018,1,5.0,COD,Delivered,CMP004,6660,5091.78,6660,333.0,6327.0,5091.78,1235.2200000000003,19.52299668089142
ORD01435,2025-01-07,CUST0077,P002,2,5.0,Credit Card,Cancelled,CMP006,6053,3796.4,12106,605.3,11500.7,7592.8,3907.9000000000005,33.9796708026468
ORD01436,2025-09-06,CUST0521,P023,2,20.0,COD,Cancelled,CMP003,5137,3830.78,10274,2054.8,8219.2,7661.56,557.6400000000003,6.784601907728249
ORD01437,2025-04-27,CUST0024,P021,2,0.0,Net Banking,Delivered,CMP003,5045,2967.68,10090,0.0,10090.0,5935.36,4154.64,41.17581764122894
ORD01438,2025-03-09,CUST0015,P023,3,0.0,COD,Delivered,CMP005,5137,3830.78,15411,0.0,15411.0,11492.34,3918.66,25.427681526182592
ORD01439,2025-02-03,CUST0676,P013,2,5.0,UPI,Delivered,CMP006,6435,4995.55,12870,643.5,12226.5,9991.1,2235.3999999999996,18.283237230605646
ORD01440,2025-07-13,CUST0525,P017,1,10.0,Net Banking,Delivered,CMP006,4817,3075.17,4817,481.7,4335.3,3075.17,1260.13,29.066731252739142
ORD01441,2025-11-21,CUST0347,P017,2,0.0,Debit Card,Cancelled,CMP006,4817,3075.17,9634,0.0,9634.0,6150.34,3483.66,36.16005812746523
ORD01442,2025-02-24,CUST0172,P016,2,10.0,COD,Delivered,CMP006,7713,5310.71,15426,1542.6,13883.4,10621.42,3261.9799999999996,23.495541437976286
ORD01443,2025-09-23,CUST0869,P021,4,10.0,Credit Card,Cancelled,CMP004,5045,2967.68,20180,2018.0,18162.0,11870.72,6291.280000000001,34.639797379143275
ORD01444,2025-02-11,CUST0327,P018,1,20.0,COD,Delivered,CMP001,6660,5091.78,6660,1332.0,5328.0,5091.78,236.22000000000025,4.4335585585585635
ORD01445,2025-10-24,CUST0712,P008,3,0.0,Credit Card,Delivered,CMP004,3129,1758.81,9387,0.0,9387.0,5276.43,4110.57,43.790028763183116
ORD01446,2025-08-19,CUST0485,P003,3,15.0,UPI,Cancelled,CMP002,5857,3883.91,17571,2635.65,14935.35,11651.73,3283.620000000001,21.985557753919398
ORD01447,2025-01-10,CUST0489,P017,1,0.0,Debit Card,Delivered,CMP001,4817,3075.17,4817,0.0,4817.0,3075.17,1741.83,36.16005812746523
ORD01448,2025-12-24,CUST0462,P018,2,10.0,Net Banking,Cancelled,CMP004,6660,5091.78,13320,1332.0,11988.0,10183.56,1804.4400000000005,15.052052052052057
ORD01449,2025-05-08,CUST0378,P023,3,10.0,Net Banking,Delivered,CMP005,5137,3830.78,15411,1541.1,13869.9,11492.34,2377.5599999999995,17.141868362425107
ORD01450,2025-06-28,CUST0588,P006,4,0.0,Debit Card,Delivered,CMP004,4933,3611.45,19732,0.0,19732.0,14445.8,5286.200000000001,26.78998580985202
ORD01451,2025-07-12,CUST0164,P008,4,15.0,UPI,Delivered,CMP002,3129,1758.81,12516,1877.4,10638.6,7035.24,3603.3600000000006,33.8706220743331
ORD01452,2025-04-02,CUST0372,P023,1,0.0,UPI,Returned,CMP003,5137,3830.78,5137,0.0,5137.0,3830.78,1306.2199999999998,25.427681526182592
ORD01453,2025-08-19,CUST0573,P013,1,0.0,COD,Delivered,CMP006,6435,4995.55,6435,0.0,6435.0,4995.55,1439.4499999999998,22.369075369075368
ORD01454,2025-03-19,CUST1000,P008,1,5.0,UPI,Delivered,CMP005,3129,1758.81,3129,156.45,2972.55,1758.81,1213.7400000000002,40.831609224403294
ORD01455,2025-03-26,CUST0977,P019,2,10.0,COD,Delivered,CMP003,7745,4299.97,15490,1549.0,13941.0,8599.94,5341.0599999999995,38.31188580446165
ORD01456,2025-01-30,CUST0424,P006,2,0.0,Credit Card,Delivered,CMP004,4933,3611.45,9866,0.0,9866.0,7222.9,2643.1000000000004,26.78998580985202
ORD01457,2025-08-01,CUST0757,P023,4,0.0,Debit Card,Delivered,CMP006,5137,3830.78,20548,0.0,20548.0,15323.12,5224.879999999999,25.427681526182592
ORD01458,2025-02-18,CUST0477,P015,4,0.0,Credit Card,Delivered,CMP003,5978,4066.66,23912,0.0,23912.0,16266.64,7645.360000000001,31.972900635664104
ORD01459,2025-09-22,CUST0382,P010,1,10.0,Credit Card,Delivered,CMP001,3310,2109.97,3310,331.0,2979.0,2109.97,869.0300000000002,29.171869754951334
ORD01460,2025-05-25,CUST0155,P017,1,5.0,Credit Card,Delivered,CMP002,4817,3075.17,4817,240.85,4576.15,3075.17,1500.9799999999996,32.80006118680549
ORD01461,2025-03-10,CUST0257,P001,4,0.0,Credit Card,Delivered,CMP003,6748,4695.17,26992,0.0,26992.0,18780.68,8211.32,30.421310017783043
ORD01462,2025-02-27,CUST0756,P007,1,0.0,Net Banking,Cancelled,CMP002,5886,3178.13,5886,0.0,5886.0,3178.13,2707.87,46.005266734624534
ORD01463,2025-07-04,CUST0674,P013,3,5.0,UPI,Delivered,CMP003,6435,4995.55,19305,965.25,18339.75,14986.650000000001,3353.0999999999985,18.283237230605646
ORD01464,2025-03-03,CUST0068,P003,3,15.0,Debit Card,Delivered,CMP002,5857,3883.91,17571,2635.65,14935.35,11651.73,3283.620000000001,21.985557753919398
ORD01465,2025-11-04,CUST0344,P019,4,15.0,Debit Card,Delivered,CMP001,7745,4299.97,30980,4647.0,26333.0,17199.88,9133.119999999999,34.683173204724106
ORD01466,2025-10-23,CUST0277,P015,3,20.0,Credit Card,Delivered,CMP002,5978,4066.66,17934,3586.8,14347.2,12199.98,2147.220000000001,14.966125794580135
ORD01467,2025-06-15,CUST0673,P005,1,0.0,Debit Card,Shipped,CMP006,1046,807.54,1046,0.0,1046.0,807.54,238.46000000000004,22.797323135755263
ORD01468,2025-06-20,CUST0391,P011,2,25.0,COD,Delivered,CMP004,7881,6026.38,15762,3940.5,11821.5,12052.76,-231.26000000000022,-1.9562661252802118
ORD01469,2025-03-04,CUST0449,P022,3,5.0,Debit Card,Delivered,CMP002,5915,3970.45,17745,887.25,16857.75,11911.349999999999,4946.4000000000015,29.34199403835032
ORD01470,2025-05-27,CUST0259,P018,1,25.0,Credit Card,Delivered,CMP002,6660,5091.78,6660,1665.0,4995.0,5091.78,-96.77999999999975,-1.9375375375375326
ORD01471,2025-11-02,CUST0307,P003,4,5.0,Debit Card,Delivered,CMP003,5857,3883.91,23428,1171.4,22256.6,15535.64,6720.959999999999,30.197604306138402
ORD01472,2025-06-10,CUST0847,P006,3,,UPI,Delivered,CMP004,4933,3611.45,14799,1479.9,13319.1,10834.349999999999,2484.750000000002,18.655539788724475
ORD01473,2025-05-21,CUST0095,P003,2,5.0,Credit Card,Delivered,CMP004,5857,3883.91,11714,585.7,11128.3,7767.82,3360.4799999999996,30.197604306138402
ORD01474,2025-11-30,CUST0950,P005,4,5.0,Net Banking,Delivered,CMP006,1046,807.54,4184,209.2,3974.8,3230.16,744.6400000000003,18.734024353426594
ORD01475,2025-04-07,CUST0464,P009,1,20.0,UPI,Delivered,CMP004,1097,712.85,1097,219.4,877.6,712.85,164.75,18.77278942570647
ORD01476,2025-08-09,CUST0970,P019,1,15.0,Debit Card,Delivered,CMP006,7745,4299.97,7745,1161.75,6583.25,4299.97,2283.2799999999997,34.683173204724106
ORD01477,2025-02-12,CUST0246,P013,1,25.0,Net Banking,Delivered,CMP001,6435,4995.55,6435,1608.75,4826.25,4995.55,-169.30000000000018,-3.507899507899512
ORD01478,2025-10-19,CUST0733,P006,2,10.0,UPI,Cancelled,CMP006,4933,3611.45,9866,986.6,8879.4,7222.9,1656.5,18.655539788724465
ORD01479,2025-04-18,CUST0635,P011,1,10.0,COD,Delivered,CMP005,7881,6026.38,7881,788.1,7092.9,6026.38,1066.5199999999995,15.036444895599818
ORD01480,2025-09-23,CUST0187,P021,2,0.0,UPI,Delivered,CMP001,5045,2967.68,10090,0.0,10090.0,5935.36,4154.64,41.17581764122894
ORD01481,2025-04-05,CUST0774,P021,1,25.0,Net Banking,Delivered,CMP002,5045,2967.68,5045,1261.25,3783.75,2967.68,816.0700000000002,21.567756854971922
ORD01482,2025-09-19,CUST0925,P014,1,10.0,COD,Delivered,CMP003,6801,4221.32,6801,680.1,6120.9,4221.32,1899.58,31.034325017562775
ORD01483,2025-11-09,CUST0785,P006,2,15.0,Debit Card,Delivered,CMP001,4933,3611.45,9866,1479.9,8386.1,7222.9,1163.2000000000007,13.87057154100238
ORD01484,2025-03-12,CUST0373,P006,4,5.0,Credit Card,Delivered,CMP005,4933,3611.45,19732,986.6,18745.4,14445.8,4299.600000000002,22.936827168265292
ORD01485,2025-08-07,CUST0572,P017,2,10.0,Debit Card,Delivered,CMP005,4817,3075.17,9634,963.4,8670.6,6150.34,2520.26,29.066731252739142
ORD01486,2025-01-21,CUST0406,P011,2,20.0,Credit Card,Delivered,CMP002,7881,6026.38,15762,3152.4,12609.6,12052.76,556.8400000000001,4.416000507549804
ORD01487,2025-04-02,CUST0408,P015,4,0.0,Credit Card,Delivered,CMP001,5978,4066.66,23912,0.0,23912.0,16266.64,7645.360000000001,31.972900635664104
ORD01488,2025-05-07,CUST0125,P009,1,5.0,Net Banking,Returned,CMP006,1097,712.85,1097,54.85,1042.15,712.85,329.30000000000007,31.59813846375282
ORD01489,2025-03-21,CUST0337,P021,4,0.0,COD,Delivered,CMP002,5045,2967.68,20180,0.0,20180.0,11870.72,8309.28,41.17581764122894
ORD01490,2025-11-08,CUST0341,P017,4,15.0,COD,Cancelled,CMP001,4817,3075.17,19268,2890.2,16377.8,12300.68,4077.119999999999,24.894186032312028
ORD01491,2025-08-26,CUST0563,P024,3,0.0,UPI,Delivered,CMP002,972,537.49,2916,0.0,2916.0,1612.47,1303.53,44.702674897119344
ORD01492,2025-07-01,CUST0178,P007,1,0.0,Debit Card,Delivered,CMP006,5886,3178.13,5886,0.0,5886.0,3178.13,2707.87,46.005266734624534
ORD01493,2025-01-25,CUST0651,P007,1,5.0,Net Banking,Delivered,CMP005,5886,3178.13,5886,294.3,5591.7,3178.13,2413.5699999999997,43.16343866802582
ORD01494,2025-06-05,CUST0952,P021,1,10.0,Debit Card,Returned,CMP003,5045,2967.68,5045,504.5,4540.5,2967.68,1572.8200000000002,34.639797379143275
ORD01495,2025-01-05,CUST0839,P001,1,5.0,UPI,Cancelled,CMP002,6748,4695.17,6748,337.4,6410.6,4695.17,1715.4300000000003,26.759273702929526
ORD01496,2025-04-30,CUST0170,P025,2,0.0,UPI,Shipped,CMP003,7392,5142.33,14784,0.0,14784.0,10284.66,4499.34,30.4338474025974
ORD01497,2025-10-04,CUST0039,P025,1,25.0,Net Banking,Cancelled,CMP001,7392,5142.33,7392,1848.0,5544.0,5142.33,401.6700000000001,7.245129870129871
ORD01498,2025-01-18,CUST0069,P008,2,25.0,UPI,Delivered,CMP005,3129,1758.81,6258,1564.5,4693.5,3517.62,1175.88,25.05337168424417
ORD01499,2025-07-17,CUST0236,P005,2,5.0,Net Banking,Shipped,CMP001,1046,807.54,2092,104.6,1987.4,1615.08,372.32000000000016,18.734024353426594
ORD01500,2025-02-26,CUST0560,P019,2,15.0,UPI,Shipped,CMP003,7745,4299.97,15490,2323.5,13166.5,8599.94,4566.5599999999995,34.683173204724106
ORD01501,2025-04-03,CUST0381,P008,1,10.0,COD,Delivered,CMP004,3129,1758.81,3129,312.9,2816.1,1758.81,1057.29,37.544476403536805
ORD01502,2025-01-19,CUST0057,P017,1,0.0,Net Banking,Returned,CMP001,4817,3075.17,4817,0.0,4817.0,3075.17,1741.83,36.16005812746523
ORD01503,2025-12-19,CUST0277,P019,1,5.0,COD,Delivered,CMP006,7745,4299.97,7745,387.25,7357.75,4299.97,3057.7799999999997,41.55862865685841
ORD01504,2025-07-12,CUST0850,P012,4,10.0,COD,Returned,CMP002,5080,2793.69,20320,2032.0,18288.0,11174.76,7113.24,38.89566929133858
ORD01505,2025-08-25,CUST0099,P023,1,5.0,Net Banking,Returned,CMP001,5137,3830.78,5137,256.85,4880.15,3830.78,1049.3699999999994,21.502822659139564
ORD01506,2025-10-04,CUST0916,P015,1,5.0,Debit Card,Returned,CMP006,5978,4066.66,5978,298.9,5679.1,4066.66,1612.4400000000005,28.392526984909587
ORD01507,2025-08-15,CUST0527,P004,1,15.0,Credit Card,Returned,CMP001,2776,1530.45,2776,416.4,2359.6,1530.45,829.1499999999999,35.13943041193422
ORD01508,2025-08-21,CUST0325,P023,2,10.0,UPI,Delivered,CMP001,5137,3830.78,10274,1027.4,9246.6,7661.56,1585.04,17.141868362425107
ORD01509,2025-02-09,CUST0461,P012,1,10.0,UPI,Delivered,CMP003,5080,2793.69,5080,508.0,4572.0,2793.69,1778.31,38.89566929133858
ORD01510,2025-11-19,CUST0179,P013,3,0.0,Debit Card,Delivered,CMP001,6435,4995.55,19305,0.0,19305.0,14986.650000000001,4318.3499999999985,22.36907536907536
ORD01511,2025-06-02,CUST0844,P014,4,10.0,Credit Card,Delivered,CMP006,6801,4221.32,27204,2720.4,24483.6,16885.28,7598.32,31.034325017562775
ORD01512,2025-05-07,CUST0574,P005,1,5.0,Debit Card,Delivered,CMP001,1046,807.54,1046,52.3,993.7,807.54,186.16000000000008,18.734024353426594
ORD01513,2025-08-25,CUST0119,P022,1,10.0,Credit Card,Delivered,CMP001,5915,3970.45,5915,591.5,5323.5,3970.45,1353.0500000000002,25.416549262703114
ORD01514,2025-02-24,CUST0469,P016,4,15.0,Net Banking,Delivered,CMP005,7713,5310.71,30852,4627.8,26224.2,21242.84,4981.360000000001,18.995279169621952
ORD01515,2025-06-21,CUST0549,P007,1,15.0,Net Banking,Delivered,CMP002,5886,3178.13,5886,882.9,5003.1,3178.13,1824.9700000000003,36.47678439367592
ORD01516,2025-04-19,CUST0646,P015,4,5.0,COD,Cancelled,CMP006,5978,4066.66,23912,1195.6,22716.4,16266.64,6449.760000000002,28.392526984909587
ORD01517,2025-12-20,CUST0455,P013,2,15.0,COD,Delivered,CMP002,6435,4995.55,12870,1930.5,10939.5,9991.1,948.3999999999996,8.669500434206313
ORD01518,2025-07-03,CUST0026,P016,2,20.0,Net Banking,Delivered,CMP001,7713,5310.71,15426,3085.2,12340.8,10621.42,1719.3799999999992,13.932484117723318
ORD01519,2025-07-17,CUST0490,P012,4,10.0,COD,Delivered,CMP001,5080,2793.69,20320,2032.0,18288.0,11174.76,7113.24,38.89566929133858
ORD01520,2025-03-28,CUST0008,P007,3,0.0,Net Banking,Delivered,CMP002,5886,3178.13,17658,0.0,17658.0,9534.39,8123.610000000001,46.005266734624534
ORD01521,2025-07-20,CUST0969,P016,2,10.0,Debit Card,Delivered,CMP003,7713,5310.71,15426,1542.6,13883.4,10621.42,3261.9799999999996,23.495541437976286
ORD01522,2025-12-03,CUST0987,P023,1,0.0,UPI,Delivered,CMP001,5137,3830.78,5137,0.0,5137.0,3830.78,1306.2199999999998,25.427681526182592
ORD01523,2025-11-18,CUST0516,P023,2,20.0,Net Banking,Delivered,CMP004,5137,3830.78,10274,2054.8,8219.2,7661.56,557.6400000000003,6.784601907728249
ORD01524,2025-10-02,CUST0533,P013,4,10.0,Net Banking,Delivered,CMP002,6435,4995.55,25740,2574.0,23166.0,19982.2,3183.7999999999993,13.743417076750408
ORD01525,2025-07-30,CUST0927,P023,3,5.0,Net Banking,Delivered,CMP003,5137,3830.78,15411,770.55,14640.45,11492.34,3148.1100000000006,21.50282265913958
ORD01526,2025-04-28,CUST0149,P003,3,0.0,COD,Delivered,CMP002,5857,3883.91,17571,0.0,17571.0,11651.73,5919.27,33.68772409083148
ORD01527,2025-07-10,CUST0488,P015,1,5.0,COD,Cancelled,CMP003,5978,4066.66,5978,298.9,5679.1,4066.66,1612.4400000000005,28.392526984909587
ORD01528,2025-02-11,CUST0025,P003,2,20.0,COD,Delivered,CMP002,5857,3883.91,11714,2342.8,9371.2,7767.82,1603.380000000001,17.109655113539365
ORD01529,2025-02-11,CUST0999,P007,1,0.0,COD,Delivered,CMP001,5886,3178.13,5886,0.0,5886.0,3178.13,2707.87,46.005266734624534
ORD01530,2025-11-11,CUST0655,P018,1,10.0,Debit Card,Cancelled,CMP006,6660,5091.78,6660,666.0,5994.0,5091.78,902.2200000000003,15.052052052052057
ORD01531,2025-10-03,CUST0757,P014,1,20.0,Net Banking,Delivered,CMP003,6801,4221.32,6801,1360.2,5440.8,4221.32,1219.4800000000005,22.41361564475813
ORD01532,2025-11-25,CUST0931,P018,1,5.0,Debit Card,Delivered,CMP001,6660,5091.78,6660,333.0,6327.0,5091.78,1235.2200000000003,19.52299668089142
ORD01533,2025-01-17,CUST0945,P019,2,5.0,COD,Delivered,CMP002,7745,4299.97,15490,774.5,14715.5,8599.94,6115.5599999999995,41.55862865685841
ORD01534,2025-10-10,CUST0555,P014,2,10.0,Debit Card,Delivered,CMP002,6801,4221.32,13602,1360.2,12241.8,8442.64,3799.16,31.034325017562775
ORD01535,2025-09-15,CUST0425,P020,1,10.0,Net Banking,Delivered,CMP005,7452,4168.44,7452,745.2,6706.8,4168.44,2538.3600000000006,37.847557702630176
ORD01536,2025-03-04,CUST0293,P006,3,0.0,Net Banking,Cancelled,CMP001,4933,3611.45,14799,0.0,14799.0,10834.349999999999,3964.6500000000015,26.78998580985203
ORD01537,2025-03-03,CUST0185,P008,1,0.0,COD,Delivered,CMP003,3129,1758.81,3129,0.0,3129.0,1758.81,1370.19,43.79002876318312
ORD01538,2025-04-10,CUST0554,P007,1,10.0,Net Banking,Delivered,CMP003,5886,3178.13,5886,588.6,5297.4,3178.13,2119.2699999999995,40.00585192736059
ORD01539,2025-01-19,CUST0431,P020,4,20.0,Debit Card,Delivered,CMP006,7452,4168.44,29808,5961.6,23846.4,16673.76,7172.640000000003,30.078502415458946
ORD01540,2025-01-17,CUST0604,P018,4,0.0,Credit Card,Delivered,CMP002,6660,5091.78,26640,0.0,26640.0,20367.12,6272.880000000001,23.54684684684685
ORD01541,2025-11-21,CUST0317,P018,2,0.0,Net Banking,Delivered,CMP004,6660,5091.78,13320,0.0,13320.0,10183.56,3136.4400000000005,23.54684684684685
ORD01542,2025-09-03,CUST0398,P015,4,5.0,Debit Card,Delivered,CMP002,5978,4066.66,23912,1195.6,22716.4,16266.64,6449.760000000002,28.392526984909587
ORD01543,2025-09-08,CUST0324,P020,1,15.0,Debit Card,Delivered,CMP003,7452,4168.44,7452,1117.8,6334.2,4168.44,2165.76,34.191531685137825
ORD01544,2025-03-22,CUST0565,P022,1,5.0,Debit Card,Delivered,CMP003,5915,3970.45,5915,295.75,5619.25,3970.45,1648.8000000000002,29.341994038350315
ORD01545,2025-02-08,CUST0596,P019,4,20.0,Net Banking,Returned,CMP001,7745,4299.97,30980,6196.0,24784.0,17199.88,7584.119999999999,30.600871530019365
ORD01546,2025-02-05,CUST0546,P022,1,0.0,Credit Card,Delivered,CMP003,5915,3970.45,5915,0.0,5915.0,3970.45,1944.5500000000002,32.8748943364328
ORD01547,2025-07-16,CUST0076,P021,1,20.0,,Returned,CMP003,5045,2967.68,5045,1009.0,4036.0,2967.68,1068.3200000000002,26.46977205153618
ORD01548,2025-06-07,CUST0865,P021,1,10.0,COD,Cancelled,CMP002,5045,2967.68,5045,504.5,4540.5,2967.68,1572.8200000000002,34.639797379143275
ORD01549,2025-07-23,CUST0920,P002,3,10.0,Net Banking,Delivered,CMP002,6053,3796.4,18159,1815.9,16343.1,11389.2,4953.9,30.31187473612717
ORD01550,2025-07-15,CUST0916,P008,1,5.0,Net Banking,Delivered,CMP002,3129,1758.81,3129,156.45,2972.55,1758.81,1213.7400000000002,40.831609224403294
ORD01551,2025-08-04,CUST0709,P021,1,15.0,UPI,Delivered,CMP001,5045,2967.68,5045,756.75,4288.25,2967.68,1320.5700000000002,30.7950795779164
ORD01552,2025-10-12,CUST0486,P011,3,0.0,Credit Card,Shipped,CMP001,7881,6026.38,23643,0.0,23643.0,18079.14,5563.860000000001,23.532800406039843
ORD01553,2025-07-15,CUST0798,P018,1,0.0,Debit Card,Delivered,CMP004,6660,5091.78,6660,0.0,6660.0,5091.78,1568.2200000000003,23.54684684684685
ORD01554,2025-11-03,CUST0088,P023,2,5.0,Debit Card,Shipped,CMP002,5137,3830.78,10274,513.7,9760.3,7661.56,2098.739999999999,21.502822659139564
ORD01555,2025-06-01,CUST0747,P013,4,20.0,COD,Delivered,CMP001,6435,4995.55,25740,5148.0,20592.0,19982.2,609.7999999999993,2.961344211344208
ORD01556,2025-01-14,CUST0232,P009,2,15.0,Net Banking,Returned,CMP004,1097,712.85,2194,329.1,1864.9,1425.7,439.20000000000005,23.550860635959033
ORD01557,2025-11-21,CUST0007,P009,4,10.0,Credit Card,Delivered,CMP003,1097,712.85,4388,438.8,3949.2,2851.4,1097.7999999999997,27.798035045072417
ORD01558,2025-05-26,CUST0804,P017,2,10.0,COD,Cancelled,CMP006,4817,3075.17,9634,963.4,8670.6,6150.34,2520.26,29.066731252739142
ORD01559,2025-02-26,CUST0550,P007,1,0.0,Credit Card,Delivered,CMP005,5886,3178.13,5886,0.0,5886.0,3178.13,2707.87,46.005266734624534
ORD01560,2025-07-30,CUST0976,P009,2,20.0,Net Banking,Delivered,CMP005,1097,712.85,2194,438.8,1755.2,1425.7,329.5,18.77278942570647
ORD01561,2025-09-25,CUST0052,P022,1,15.0,Debit Card,Delivered,CMP001,5915,3970.45,5915,887.25,5027.75,3970.45,1057.3000000000002,21.029287454626825
ORD01562,2025-07-29,CUST0655,P001,2,10.0,UPI,Delivered,CMP004,6748,4695.17,13496,1349.6,12146.4,9390.34,2756.0599999999995,22.69034446420338
ORD01563,2025-01-17,CUST0942,P002,2,10.0,Credit Card,Delivered,CMP004,6053,3796.4,12106,1210.6,10895.4,7592.8,3302.5999999999995,30.31187473612717
ORD01564,2025-10-13,CUST0919,P004,2,25.0,Debit Card,Delivered,CMP005,2776,1530.45,5552,1388.0,4164.0,3060.9,1103.1,26.491354466858784
ORD01565,2025-12-10,CUST0396,P014,4,20.0,Credit Card,Delivered,CMP002,6801,4221.32,27204,5440.8,21763.2,16885.28,4877.920000000002,22.41361564475813
ORD01566,2025-07-22,CUST0221,P004,2,10.0,Credit Card,Delivered,CMP004,2776,1530.45,5552,555.2,4996.8,3060.9,1935.9,38.74279538904899
ORD01567,2025-04-09,CUST0428,P002,2,5.0,Credit Card,Delivered,CMP004,6053,3796.4,12106,605.3,11500.7,7592.8,3907.9000000000005,33.9796708026468
ORD01568,2025-10-06,CUST0752,P008,2,10.0,Net Banking,Delivered,CMP003,3129,1758.81,6258,625.8,5632.2,3517.62,2114.58,37.544476403536805
ORD01569,2025-07-28,CUST0143,P018,1,10.0,COD,Cancelled,CMP004,6660,5091.78,6660,666.0,5994.0,5091.78,902.2200000000003,15.052052052052057
ORD01570,2025-05-09,CUST0861,P019,1,5.0,Credit Card,Delivered,CMP001,7745,4299.97,7745,387.25,7357.75,4299.97,3057.7799999999997,41.55862865685841
ORD01571,2025-12-01,CUST0363,P014,3,5.0,Net Banking,Delivered,CMP004,6801,4221.32,20403,1020.15,19382.85,12663.96,6718.889999999999,34.66409738505947
ORD01572,2025-10-15,CUST0382,P020,1,5.0,UPI,Delivered,CMP004,7452,4168.44,7452,372.6,7079.4,4168.44,2910.96,41.11873887617595
ORD01573,2025-09-09,CUST0561,P025,1,10.0,COD,Returned,CMP002,7392,5142.33,7392,739.2,6652.8,5142.33,1510.4700000000003,22.704274891774894
ORD01574,2025-09-22,CUST0277,P010,3,5.0,Net Banking,Delivered,CMP005,3310,2109.97,9930,496.5,9433.5,6329.91,3103.59,32.8996660836381
ORD01575,2025-09-28,CUST0271,P017,2,5.0,UPI,Cancelled,CMP006,4817,3075.17,9634,481.7,9152.3,6150.34,3001.959999999999,32.80006118680549
ORD01576,2025-07-07,CUST0014,P008,1,15.0,COD,Delivered,CMP002,3129,1758.81,3129,469.35,2659.65,1758.81,900.8400000000001,33.8706220743331
ORD01577,2025-08-02,CUST0298,P014,1,10.0,Net Banking,Cancelled,CMP001,6801,4221.32,6801,680.1,6120.9,4221.32,1899.58,31.034325017562775
ORD01578,2025-10-10,CUST0464,P021,2,0.0,UPI,Delivered,CMP004,5045,2967.68,10090,0.0,10090.0,5935.36,4154.64,41.17581764122894
ORD01579,2025-07-30,CUST0527,P023,1,5.0,Net Banking,Cancelled,CMP003,5137,3830.78,5137,256.85,4880.15,3830.78,1049.3699999999994,21.502822659139564
ORD01580,2025-12-31,CUST0234,P008,1,20.0,UPI,Delivered,CMP003,3129,1758.81,3129,625.8,2503.2,1758.81,744.3899999999999,29.737535953978906
ORD01581,2025-03-17,CUST0575,P005,1,15.0,Credit Card,Delivered,CMP005,1046,807.54,1046,156.9,889.1,807.54,81.56000000000006,9.173321336182664
ORD01582,2025-05-28,CUST0708,P016,4,5.0,Credit Card,Delivered,CMP006,7713,5310.71,30852,1542.6,29309.4,21242.84,8066.560000000001,27.52209188860912
ORD01583,2025-11-17,CUST0027,P008,2,20.0,COD,Returned,CMP003,3129,1758.81,6258,1251.6,5006.4,3517.62,1488.7799999999997,29.737535953978906
ORD01584,2025-08-01,CUST0471,P010,3,0.0,UPI,Delivered,CMP001,3310,2109.97,9930,0.0,9930.0,6329.91,3600.09,36.254682779456196
ORD01585,2025-04-19,CUST0093,P008,4,25.0,Credit Card,Cancelled,CMP004,3129,1758.81,12516,3129.0,9387.0,7035.24,2351.76,25.05337168424417
ORD01586,2025-05-09,CUST0617,P009,4,0.0,COD,Delivered,CMP004,1097,712.85,4388,0.0,4388.0,2851.4,1536.6,35.018231540565175
ORD01587,2025-01-10,CUST0309,P018,2,0.0,Debit Card,Delivered,CMP005,6660,5091.78,13320,0.0,13320.0,10183.56,3136.4400000000005,23.54684684684685
ORD01588,2025-02-16,CUST0052,P003,1,10.0,Credit Card,Delivered,CMP002,5857,3883.91,5857,585.7,5271.3,3883.91,1387.3900000000003,26.319693434257207
ORD01589,2025-11-11,CUST0319,P017,2,5.0,Credit Card,Delivered,CMP003,4817,3075.17,9634,481.7,9152.3,6150.34,3001.959999999999,32.80006118680549
ORD01590,2025-04-06,CUST0969,P020,2,10.0,Net Banking,Cancelled,CMP003,7452,4168.44,14904,1490.4,13413.6,8336.88,5076.720000000001,37.847557702630176
ORD01591,2025-04-13,CUST0181,P015,4,15.0,Debit Card,Delivered,CMP004,5978,4066.66,23912,3586.8,20325.2,16266.64,4058.5600000000013,19.968118394898948
ORD01592,2025-12-08,CUST0569,P021,2,20.0,UPI,Delivered,CMP001,5045,2967.68,10090,2018.0,8072.0,5935.36,2136.6400000000003,26.46977205153618
ORD01593,2025-05-26,CUST0120,P017,2,5.0,COD,Delivered,CMP006,4817,3075.17,9634,481.7,9152.3,6150.34,3001.959999999999,32.80006118680549
ORD01594,2025-01-27,CUST0820,P008,1,5.0,Debit Card,Delivered,CMP003,3129,1758.81,3129,156.45,2972.55,1758.81,1213.7400000000002,40.831609224403294
ORD01595,2025-08-08,CUST0875,P002,1,0.0,UPI,Delivered,CMP006,6053,3796.4,6053,0.0,6053.0,3796.4,2256.6,37.280687262514455
ORD01596,2025-01-18,CUST0043,P017,2,0.0,Credit Card,Shipped,CMP002,4817,3075.17,9634,0.0,9634.0,6150.34,3483.66,36.16005812746523
ORD01597,2025-06-16,CUST0647,P018,1,10.0,COD,Delivered,CMP004,6660,5091.78,6660,666.0,5994.0,5091.78,902.2200000000003,15.052052052052057
ORD01598,2025-03-23,CUST0885,P005,2,0.0,COD,Delivered,CMP006,1046,807.54,2092,0.0,2092.0,1615.08,476.9200000000001,22.797323135755263
ORD01599,2025-03-13,CUST0938,P009,3,15.0,Debit Card,Delivered,CMP006,1097,712.85,3291,493.65,2797.35,2138.55,658.7999999999997,23.550860635959022
ORD01600,2025-11-06,CUST0260,P009,1,10.0,Net Banking,Delivered,CMP006,1097,712.85,1097,109.7,987.3,712.85,274.44999999999993,27.798035045072417
ORD01601,2025-09-11,CUST0197,P002,1,0.0,UPI,Delivered,CMP001,6053,3796.4,6053,0.0,6053.0,3796.4,2256.6,37.280687262514455
ORD01602,2025-06-11,CUST0645,P002,4,10.0,Debit Card,Delivered,CMP003,6053,3796.4,24212,2421.2,21790.8,15185.6,6605.199999999999,30.31187473612717
ORD01603,2025-11-23,CUST0971,P019,1,0.0,Net Banking,Delivered,CMP001,7745,4299.97,7745,0.0,7745.0,4299.97,3445.0299999999997,44.48069722401549
ORD01604,2025-02-07,CUST0255,P023,1,10.0,Net Banking,Delivered,CMP002,5137,3830.78,5137,513.7,4623.3,3830.78,792.52,17.141868362425107
ORD01605,2025-07-20,CUST0732,P003,3,15.0,Net Banking,Delivered,CMP001,5857,3883.91,17571,2635.65,14935.35,11651.73,3283.620000000001,21.985557753919398
ORD01606,2025-07-19,CUST0336,P017,4,10.0,COD,Cancelled,CMP004,4817,3075.17,19268,1926.8,17341.2,12300.68,5040.52,29.066731252739142
ORD01607,2025-09-12,CUST0553,P014,2,0.0,UPI,Delivered,CMP005,6801,4221.32,13602,0.0,13602.0,8442.64,5159.360000000001,37.930892515806505
ORD01608,2025-06-28,CUST0502,P014,1,15.0,UPI,Cancelled,CMP003,6801,4221.32,6801,1020.15,5780.85,4221.32,1559.5300000000007,26.977520606831185
ORD01609,2025-02-04,CUST0990,P014,3,0.0,Debit Card,Delivered,CMP005,6801,4221.32,20403,0.0,20403.0,12663.96,7739.040000000001,37.930892515806505
ORD01610,2025-03-23,CUST0900,P006,1,15.0,Credit Card,Delivered,CMP001,4933,3611.45,4933,739.95,4193.05,3611.45,581.6000000000004,13.87057154100238
ORD01611,2025-08-08,CUST0255,P003,2,10.0,Debit Card,Delivered,CMP005,5857,3883.91,11714,1171.4,10542.6,7767.82,2774.7800000000007,26.319693434257207
ORD01612,2025-06-07,CUST0514,P001,4,10.0,UPI,Returned,CMP001,6748,4695.17,26992,2699.2,24292.8,18780.68,5512.119999999999,22.69034446420338
ORD01613,2025-01-04,CUST0707,P016,2,20.0,COD,Returned,CMP003,7713,5310.71,15426,3085.2,12340.8,10621.42,1719.3799999999992,13.932484117723318
ORD01614,2025-06-16,CUST0242,P004,2,15.0,Debit Card,Delivered,CMP003,2776,1530.45,5552,832.8,4719.2,3060.9,1658.2999999999997,35.13943041193422
ORD01615,2025-07-23,CUST0149,P001,2,0.0,Credit Card,Delivered,CMP006,6748,4695.17,13496,0.0,13496.0,9390.34,4105.66,30.421310017783043
ORD01616,2025-07-13,CUST0710,P017,2,5.0,Debit Card,Delivered,CMP006,4817,3075.17,9634,481.7,9152.3,6150.34,3001.959999999999,32.80006118680549
ORD01617,2025-08-23,CUST0299,P018,1,20.0,Net Banking,Delivered,CMP002,6660,5091.78,6660,1332.0,5328.0,5091.78,236.22000000000025,4.4335585585585635
ORD01618,2025-07-25,CUST0757,P008,3,0.0,Credit Card,Cancelled,CMP001,3129,1758.81,9387,0.0,9387.0,5276.43,4110.57,43.790028763183116
ORD01619,2025-05-30,CUST0850,P002,2,10.0,Net Banking,Delivered,CMP004,6053,3796.4,12106,1210.6,10895.4,7592.8,3302.5999999999995,30.31187473612717
ORD01620,2025-06-08,CUST0620,P018,2,15.0,COD,Delivered,CMP003,6660,5091.78,13320,1998.0,11322.0,10183.56,1138.4400000000005,10.055113937466883
ORD01621,2025-10-06,CUST0453,P016,1,10.0,UPI,Delivered,CMP004,7713,5310.71,7713,771.3,6941.7,5310.71,1630.9899999999998,23.495541437976286
ORD01622,2025-10-31,CUST0393,P010,3,15.0,Debit Card,Delivered,CMP001,3310,2109.97,9930,1489.5,8440.5,6329.91,2110.59,25.005509152301407
ORD01623,2025-06-15,CUST0212,P008,4,15.0,Debit Card,Cancelled,CMP005,3129,1758.81,12516,1877.4,10638.6,7035.24,3603.3600000000006,33.8706220743331
ORD01624,2025-11-07,CUST0668,P012,2,15.0,Net Banking,Delivered,CMP002,5080,2793.69,10160,1524.0,8636.0,5587.38,3048.62,35.301296896711435
ORD01625,2025-03-09,CUST0538,P022,4,15.0,Net Banking,Cancelled,CMP002,5915,3970.45,23660,3549.0,20111.0,15881.8,4229.200000000001,21.029287454626825
ORD01626,2025-03-29,CUST0594,P016,1,10.0,UPI,Delivered,CMP002,7713,5310.71,7713,771.3,6941.7,5310.71,1630.9899999999998,23.495541437976286
ORD01627,2025-08-05,CUST0595,P012,3,5.0,Debit Card,Delivered,CMP006,5080,2793.69,15240,762.0,14478.0,8381.07,6096.93,42.11168669705761
ORD01628,2025-01-01,CUST0131,P011,3,10.0,UPI,Delivered,CMP001,7881,6026.38,23643,2364.3,21278.7,18079.14,3199.5600000000013,15.036444895599832
ORD01629,2025-05-15,CUST0329,P020,1,15.0,Net Banking,Delivered,CMP005,7452,4168.44,7452,1117.8,6334.2,4168.44,2165.76,34.191531685137825
ORD01630,2025-07-04,CUST0612,P019,1,20.0,Net Banking,Delivered,CMP002,7745,4299.97,7745,1549.0,6196.0,4299.97,1896.0299999999997,30.600871530019365
ORD01631,2025-12-17,CUST0256,P001,1,5.0,Credit Card,Delivered,CMP003,6748,4695.17,6748,337.4,6410.6,4695.17,1715.4300000000003,26.759273702929526
ORD01632,2025-05-20,CUST0479,P003,1,5.0,Net Banking,Returned,CMP006,5857,3883.91,5857,292.85,5564.15,3883.91,1680.2399999999998,30.197604306138402
ORD01633,2025-04-16,CUST0561,P012,4,20.0,Net Banking,Delivered,CMP001,5080,2793.69,20320,4064.0,16256.0,11174.76,5081.24,31.257627952755907
ORD01634,2025-05-13,CUST0913,P009,1,10.0,UPI,Cancelled,CMP006,1097,712.85,1097,109.7,987.3,712.85,274.44999999999993,27.798035045072417
ORD01635,2025-04-18,CUST0063,P021,1,0.0,Credit Card,Shipped,CMP006,5045,2967.68,5045,0.0,5045.0,2967.68,2077.32,41.17581764122894
ORD01636,2025-06-27,CUST0311,P022,1,10.0,Credit Card,Delivered,CMP004,5915,3970.45,5915,591.5,5323.5,3970.45,1353.0500000000002,25.416549262703114
ORD01637,2025-10-25,CUST0407,P005,1,25.0,Debit Card,Delivered,CMP001,1046,807.54,1046,261.5,784.5,807.54,-23.039999999999964,-2.9369024856596515
ORD01638,2025-12-24,CUST0802,P001,2,15.0,COD,Delivered,CMP005,6748,4695.17,13496,2024.4,11471.6,9390.34,2081.26,18.142717667980058
ORD01639,2025-12-25,CUST0105,P010,1,15.0,Debit Card,Delivered,CMP006,3310,2109.97,3310,496.5,2813.5,2109.97,703.5300000000002,25.005509152301407
ORD01640,2025-05-26,CUST0617,P017,1,0.0,Debit Card,Delivered,CMP006,4817,3075.17,4817,0.0,4817.0,3075.17,1741.83,36.16005812746523
ORD01641,2025-03-15,CUST0837,P004,2,20.0,Debit Card,Delivered,CMP005,2776,1530.45,5552,1110.4,4441.6,3060.9,1380.7000000000003,31.08564481268012
ORD01642,2025-04-18,CUST0015,P015,2,10.0,Credit Card,Delivered,CMP003,5978,4066.66,11956,1195.6,10760.4,8133.32,2627.08,24.41433403962678
ORD01643,2025-05-02,CUST0687,P019,4,20.0,UPI,Shipped,CMP004,7745,4299.97,30980,6196.0,24784.0,17199.88,7584.119999999999,30.600871530019365
ORD01644,2025-01-17,CUST0259,P008,3,5.0,Net Banking,Delivered,CMP003,3129,1758.81,9387,469.35,8917.65,5276.43,3641.2199999999993,40.83160922440329
ORD01645,2025-07-15,CUST0723,P023,1,0.0,Credit Card,Shipped,CMP002,5137,3830.78,5137,0.0,5137.0,3830.78,1306.2199999999998,25.427681526182592
ORD01646,2025-11-23,CUST0412,P015,2,10.0,Net Banking,Delivered,CMP004,5978,4066.66,11956,1195.6,10760.4,8133.32,2627.08,24.41433403962678
ORD01647,2025-11-14,CUST0259,P007,3,5.0,Net Banking,Cancelled,CMP005,5886,3178.13,17658,882.9,16775.1,9534.39,7240.709999999999,43.16343866802582
ORD01648,2025-10-24,CUST0614,P015,2,15.0,COD,Delivered,CMP004,5978,4066.66,11956,1793.4,10162.6,8133.32,2029.2800000000007,19.968118394898948
ORD01649,2025-09-09,CUST0260,P008,1,25.0,Debit Card,Delivered,CMP005,3129,1758.81,3129,782.25,2346.75,1758.81,587.94,25.05337168424417
ORD01650,2025-04-29,CUST0856,P023,1,15.0,COD,Delivered,CMP001,5137,3830.78,5137,770.55,4366.45,3830.78,535.6699999999996,12.267860619038341
ORD01651,2025-06-11,CUST0671,P010,4,20.0,Debit Card,Delivered,CMP002,3310,2109.97,13240,2648.0,10592.0,8439.88,2152.120000000001,20.31835347432025
ORD01652,2025-07-17,CUST0045,P018,1,10.0,Credit Card,Delivered,CMP002,6660,5091.78,6660,666.0,5994.0,5091.78,902.2200000000003,15.052052052052057
ORD01653,2025-02-14,CUST0955,P004,3,15.0,Net Banking,Returned,CMP002,2776,1530.45,8328,1249.2,7078.8,4591.35,2487.45,35.13943041193423
ORD01654,2025-11-10,CUST0813,P015,4,20.0,COD,Delivered,CMP003,5978,4066.66,23912,4782.4,19129.6,16266.64,2862.959999999999,14.966125794580124
ORD01655,2025-06-28,CUST0763,P011,1,15.0,Credit Card,Delivered,CMP006,7881,6026.38,7881,1182.15,6698.85,6026.38,672.4700000000003,10.038588712988053
ORD01656,2025-02-13,CUST0331,P022,2,10.0,Credit Card,Delivered,CMP003,5915,3970.45,11830,1183.0,10647.0,7940.9,2706.1000000000004,25.416549262703114
ORD01657,2025-09-28,CUST0165,P003,1,10.0,Debit Card,Delivered,CMP002,5857,3883.91,5857,585.7,5271.3,3883.91,1387.3900000000003,26.319693434257207
ORD01658,2025-03-19,CUST0193,P015,3,15.0,Net Banking,Delivered,CMP002,5978,4066.66,17934,2690.1,15243.9,12199.98,3043.92,19.968118394898944
ORD01659,2025-11-22,CUST0521,P003,1,5.0,Debit Card,Shipped,CMP004,5857,3883.91,5857,292.85,5564.15,3883.91,1680.2399999999998,30.197604306138402
ORD01660,2025-06-27,CUST0401,P015,4,15.0,Debit Card,Delivered,CMP002,5978,4066.66,23912,3586.8,20325.2,16266.64,4058.5600000000013,19.968118394898948
ORD01661,2025-12-23,CUST0374,P006,4,25.0,Credit Card,Delivered,CMP003,4933,3611.45,19732,4933.0,14799.0,14445.8,353.2000000000007,2.386647746469361
ORD01662,2025-01-03,CUST0065,P001,4,10.0,Debit Card,Delivered,CMP002,6748,4695.17,26992,2699.2,24292.8,18780.68,5512.119999999999,22.69034446420338
ORD01663,2025-08-02,CUST0387,P014,2,15.0,UPI,Cancelled,CMP002,6801,4221.32,13602,2040.3,11561.7,8442.64,3119.0600000000013,26.977520606831185
ORD01664,2025-12-08,CUST0495,P016,2,15.0,Net Banking,Delivered,CMP004,7713,5310.71,15426,2313.9,13112.1,10621.42,2490.6800000000003,18.995279169621952
ORD01665,2025-03-15,CUST0794,P001,2,10.0,Debit Card,Delivered,CMP004,6748,4695.17,13496,1349.6,12146.4,9390.34,2756.0599999999995,22.69034446420338
ORD01666,2025-02-20,CUST0693,P021,1,10.0,Debit Card,Delivered,CMP001,5045,2967.68,5045,504.5,4540.5,2967.68,1572.8200000000002,34.639797379143275
ORD01667,2025-03-08,CUST0415,P017,2,20.0,COD,Delivered,CMP006,4817,3075.17,9634,1926.8,7707.2,6150.34,1556.8599999999997,20.200072659331532
ORD01668,2025-11-28,CUST0794,P008,1,10.0,Net Banking,Delivered,CMP001,3129,1758.81,3129,312.9,2816.1,1758.81,1057.29,37.544476403536805
ORD01669,2025-04-03,CUST0791,P018,2,0.0,Net Banking,Delivered,CMP001,6660,5091.78,13320,0.0,13320.0,10183.56,3136.4400000000005,23.54684684684685
ORD01670,2025-06-25,CUST0030,P016,3,20.0,Debit Card,Delivered,CMP004,7713,5310.71,23139,4627.8,18511.2,15932.130000000001,2579.0699999999997,13.932484117723323
ORD01671,2025-05-25,CUST0266,P006,1,10.0,UPI,Shipped,CMP004,4933,3611.45,4933,493.3,4439.7,3611.45,828.25,18.655539788724465
ORD01672,2025-01-07,CUST0328,P010,2,20.0,COD,Delivered,CMP001,3310,2109.97,6620,1324.0,5296.0,4219.94,1076.0600000000004,20.31835347432025
ORD01673,2025-09-26,CUST0492,P010,4,0.0,UPI,Delivered,CMP004,3310,2109.97,13240,0.0,13240.0,8439.88,4800.120000000001,36.254682779456196
ORD01674,2025-11-18,CUST0217,P005,3,0.0,Debit Card,Delivered,CMP001,1046,807.54,3138,0.0,3138.0,2422.62,715.3800000000001,22.797323135755263
ORD01675,2025-01-04,CUST0320,P012,1,20.0,Net Banking,Delivered,CMP006,5080,2793.69,5080,1016.0,4064.0,2793.69,1270.31,31.257627952755907
ORD01676,2025-05-18,CUST0918,P020,1,0.0,Net Banking,Delivered,CMP004,7452,4168.44,7452,0.0,7452.0,4168.44,3283.5600000000004,44.06280193236716
ORD01677,2025-08-19,CUST0399,P017,4,15.0,UPI,Delivered,CMP002,4817,3075.17,19268,2890.2,16377.8,12300.68,4077.119999999999,24.894186032312028
ORD01678,2025-03-29,CUST0891,P014,3,15.0,Credit Card,Delivered,CMP001,6801,4221.32,20403,3060.45,17342.55,12663.96,4678.59,26.977520606831177
ORD01679,2025-01-17,CUST0105,P014,2,15.0,Debit Card,Delivered,CMP004,6801,4221.32,13602,2040.3,11561.7,8442.64,3119.0600000000013,26.977520606831185
ORD01680,2025-02-21,CUST0696,P003,1,0.0,Net Banking,Delivered,CMP004,5857,3883.91,5857,0.0,5857.0,3883.91,1973.0900000000001,33.68772409083148
ORD01681,2025-05-14,CUST0330,P012,1,10.0,Credit Card,Returned,CMP005,5080,2793.69,5080,508.0,4572.0,2793.69,1778.31,38.89566929133858
ORD01682,2025-07-30,CUST0660,P020,2,20.0,Net Banking,Returned,CMP006,7452,4168.44,14904,2980.8,11923.2,8336.88,3586.3200000000015,30.078502415458946
ORD01683,2025-11-21,CUST0617,P018,2,5.0,Net Banking,Delivered,CMP003,6660,5091.78,13320,666.0,12654.0,10183.56,2470.4400000000005,19.52299668089142
ORD01684,2025-08-07,CUST0047,P012,4,5.0,Credit Card,Returned,CMP005,5080,2793.69,20320,1016.0,19304.0,11174.76,8129.24,42.11168669705761
ORD01685,2025-07-24,CUST0599,P002,2,10.0,UPI,Shipped,CMP003,6053,3796.4,12106,1210.6,10895.4,7592.8,3302.5999999999995,30.31187473612717
ORD01686,2025-07-30,CUST0821,P002,4,0.0,Debit Card,Cancelled,CMP003,6053,3796.4,24212,0.0,24212.0,15185.6,9026.4,37.280687262514455
ORD01687,2025-10-04,CUST0949,P017,2,20.0,Credit Card,Delivered,CMP004,4817,3075.17,9634,1926.8,7707.2,6150.34,1556.8599999999997,20.200072659331532
ORD01688,2025-01-24,CUST0641,P010,1,20.0,Credit Card,Delivered,CMP001,3310,2109.97,3310,662.0,2648.0,2109.97,538.0300000000002,20.31835347432025
ORD01689,2025-01-04,CUST0770,P018,3,25.0,Net Banking,Returned,CMP002,6660,5091.78,19980,4995.0,14985.0,15275.34,-290.34000000000015,-1.9375375375375383
ORD01690,2025-06-01,CUST0314,P022,3,10.0,Credit Card,Delivered,CMP005,5915,3970.45,17745,1774.5,15970.5,11911.349999999999,4059.1500000000015,25.41654926270312
ORD01691,2025-09-16,CUST0147,P019,3,15.0,Debit Card,Cancelled,CMP003,7745,4299.97,23235,3485.25,19749.75,12899.91,6849.84,34.68317320472411
ORD01692,2025-11-20,CUST0958,P021,1,0.0,UPI,Delivered,CMP006,5045,2967.68,5045,0.0,5045.0,2967.68,2077.32,41.17581764122894
ORD01693,2025-12-23,CUST0462,P001,1,10.0,UPI,Delivered,CMP001,6748,4695.17,6748,674.8,6073.2,4695.17,1378.0299999999997,22.69034446420338
ORD01694,2025-06-17,CUST0584,P024,1,10.0,UPI,Delivered,CMP002,972,537.49,972,97.2,874.8,537.49,337.30999999999995,38.55852766346593
ORD01695,2025-06-25,CUST0486,P004,1,20.0,Debit Card,Delivered,CMP002,2776,1530.45,2776,555.2,2220.8,1530.45,690.3500000000001,31.08564481268012
ORD01696,2025-11-06,CUST0652,P025,2,20.0,Net Banking,Returned,CMP003,7392,5142.33,14784,2956.8,11827.2,10284.66,1542.5400000000009,13.042309253246758
ORD01697,2025-10-18,CUST0410,P004,3,20.0,Debit Card,Delivered,CMP006,2776,1530.45,8328,1665.6,6662.4,4591.35,2071.0499999999993,31.08564481268011
ORD01698,2025-02-25,CUST0027,P002,2,20.0,Credit Card,Delivered,CMP002,6053,3796.4,12106,2421.2,9684.8,7592.8,2091.999999999999,21.60085907814306
ORD01699,2025-04-18,CUST0029,P019,1,20.0,COD,Delivered,CMP003,7745,4299.97,7745,1549.0,6196.0,4299.97,1896.0299999999997,30.600871530019365
ORD01700,2025-10-23,CUST0271,P021,1,0.0,COD,Delivered,CMP003,5045,2967.68,5045,0.0,5045.0,2967.68,2077.32,41.17581764122894
ORD01701,2025-11-20,CUST0686,P012,1,20.0,COD,Delivered,CMP005,5080,2793.69,5080,1016.0,4064.0,2793.69,1270.31,31.257627952755907
ORD01702,2025-10-29,CUST0501,P010,2,10.0,UPI,Shipped,CMP003,3310,2109.97,6620,662.0,5958.0,4219.94,1738.0600000000004,29.171869754951334
ORD01703,2025-11-30,CUST0253,P013,1,5.0,Debit Card,Cancelled,CMP004,6435,4995.55,6435,321.75,6113.25,4995.55,1117.6999999999998,18.283237230605646
ORD01704,2025-05-21,CUST0385,P022,1,0.0,Debit Card,Delivered,CMP005,5915,3970.45,5915,0.0,5915.0,3970.45,1944.5500000000002,32.8748943364328
ORD01705,2025-06-04,CUST0060,P023,4,10.0,UPI,Returned,CMP001,5137,3830.78,20548,2054.8,18493.2,15323.12,3170.08,17.141868362425107
ORD01706,2025-09-19,CUST0107,P020,2,5.0,Credit Card,Shipped,CMP006,7452,4168.44,14904,745.2,14158.8,8336.88,5821.92,41.11873887617595
ORD01707,2025-09-30,CUST0220,P023,4,10.0,COD,Delivered,CMP005,5137,3830.78,20548,2054.8,18493.2,15323.12,3170.08,17.141868362425107
ORD01708,2025-08-20,CUST0441,P015,2,15.0,COD,Delivered,CMP003,5978,4066.66,11956,1793.4,10162.6,8133.32,2029.2800000000007,19.968118394898948
ORD01709,2025-08-29,CUST0771,P003,2,20.0,UPI,Delivered,CMP005,5857,3883.91,11714,2342.8,9371.2,7767.82,1603.380000000001,17.109655113539365
ORD01710,2025-12-21,CUST0883,P023,1,15.0,COD,Delivered,CMP005,5137,3830.78,5137,770.55,4366.45,3830.78,535.6699999999996,12.267860619038341
ORD01711,2025-12-03,CUST0658,P020,1,10.0,Net Banking,Delivered,CMP006,7452,4168.44,7452,745.2,6706.8,4168.44,2538.3600000000006,37.847557702630176
ORD01712,2025-09-15,CUST0564,P013,1,5.0,Debit Card,Delivered,CMP002,6435,4995.55,6435,321.75,6113.25,4995.55,1117.6999999999998,18.283237230605646
ORD01713,2025-09-06,CUST0572,P008,4,0.0,COD,Delivered,CMP004,3129,1758.81,12516,0.0,12516.0,7035.24,5480.76,43.79002876318312
ORD01714,2025-03-18,CUST0546,P025,2,5.0,COD,Returned,CMP001,7392,5142.33,14784,739.2,14044.8,10284.66,3760.1399999999994,26.772470950102527
ORD01715,2025-06-29,CUST0096,P007,4,0.0,Net Banking,Cancelled,CMP001,5886,3178.13,23544,0.0,23544.0,12712.52,10831.48,46.005266734624534
ORD01716,2025-03-07,CUST0989,P024,1,25.0,Credit Card,Delivered,CMP005,972,537.49,972,243.0,729.0,537.49,191.51,26.270233196159122
ORD01717,2025-11-04,CUST0089,P008,2,10.0,Credit Card,Cancelled,CMP005,3129,1758.81,6258,625.8,5632.2,3517.62,2114.58,37.544476403536805
ORD01718,2025-12-14,CUST0828,P018,1,0.0,Net Banking,Cancelled,CMP004,6660,5091.78,6660,0.0,6660.0,5091.78,1568.2200000000003,23.54684684684685
ORD01719,2025-06-20,CUST0922,P009,1,5.0,Credit Card,Delivered,CMP004,1097,712.85,1097,54.85,1042.15,712.85,329.30000000000007,31.59813846375282
ORD01720,2025-01-22,CUST0231,P006,2,10.0,UPI,Delivered,CMP005,4933,3611.45,9866,986.6,8879.4,7222.9,1656.5,18.655539788724465
ORD01721,2025-04-17,CUST0968,P004,1,10.0,Net Banking,Delivered,CMP006,2776,1530.45,2776,277.6,2498.4,1530.45,967.95,38.74279538904899
ORD01722,2025-11-19,CUST0275,P015,1,0.0,Debit Card,Delivered,CMP003,5978,4066.66,5978,0.0,5978.0,4066.66,1911.3400000000001,31.972900635664104
ORD01723,2025-08-15,CUST0246,P005,1,25.0,Debit Card,Delivered,CMP001,1046,807.54,1046,261.5,784.5,807.54,-23.039999999999964,-2.9369024856596515
ORD01724,2025-08-04,CUST0111,P005,3,,Debit Card,Delivered,CMP005,1046,807.54,3138,156.9,2981.1,2422.62,558.48,18.73402435342659
ORD01725,2025-03-10,CUST0234,P007,2,0.0,,Delivered,CMP002,5886,3178.13,11772,0.0,11772.0,6356.26,5415.74,46.005266734624534
ORD01726,2025-03-25,CUST0278,P009,2,0.0,Net Banking,Delivered,CMP001,1097,712.85,2194,0.0,2194.0,1425.7,768.3,35.018231540565175
ORD01727,2025-04-13,CUST0477,P007,3,10.0,Net Banking,Shipped,CMP004,5886,3178.13,17658,1765.8,15892.2,9534.39,6357.810000000001,40.005851927360595
ORD01728,2025-02-08,CUST0417,P009,2,0.0,Credit Card,Delivered,CMP004,1097,712.85,2194,0.0,2194.0,1425.7,768.3,35.018231540565175
ORD01729,2025-01-13,CUST0678,P020,3,0.0,Net Banking,Delivered,CMP003,7452,4168.44,22356,0.0,22356.0,12505.32,9850.68,44.06280193236715
ORD01730,2025-10-24,CUST0128,P010,1,5.0,Net Banking,Delivered,CMP006,3310,2109.97,3310,165.5,3144.5,2109.97,1034.5300000000002,32.89966608363811
ORD01731,2025-11-09,CUST0237,P004,1,10.0,Credit Card,Delivered,CMP002,2776,1530.45,2776,277.6,2498.4,1530.45,967.95,38.74279538904899
ORD01732,2025-06-30,CUST0803,P006,1,0.0,Net Banking,Delivered,CMP001,4933,3611.45,4933,0.0,4933.0,3611.45,1321.5500000000002,26.78998580985202
ORD01733,2025-09-25,CUST0619,P024,1,5.0,Net Banking,Returned,CMP002,972,537.49,972,48.6,923.4,537.49,385.90999999999997,41.79228936538878
ORD01734,2025-01-13,CUST0128,P014,2,5.0,UPI,Cancelled,CMP001,6801,4221.32,13602,680.1,12921.9,8442.64,4479.26,34.66409738505948
ORD01735,2025-04-30,CUST0707,P009,2,0.0,Credit Card,Delivered,CMP003,1097,712.85,2194,0.0,2194.0,1425.7,768.3,35.018231540565175
ORD01736,2025-12-19,CUST0851,P001,1,10.0,UPI,Delivered,CMP002,6748,4695.17,6748,674.8,6073.2,4695.17,1378.0299999999997,22.69034446420338
ORD01737,2025-02-26,CUST0394,P017,1,0.0,COD,Delivered,CMP005,4817,3075.17,4817,0.0,4817.0,3075.17,1741.83,36.16005812746523
ORD01738,2025-02-09,CUST0475,P013,1,0.0,Credit Card,Delivered,CMP005,6435,4995.55,6435,0.0,6435.0,4995.55,1439.4499999999998,22.369075369075368
ORD01739,2025-12-02,CUST0655,P024,3,10.0,Net Banking,Delivered,CMP003,972,537.49,2916,291.6,2624.4,1612.47,1011.9300000000001,38.55852766346594
ORD01740,2025-05-08,CUST0395,P007,2,0.0,Net Banking,Delivered,CMP002,5886,3178.13,11772,0.0,11772.0,6356.26,5415.74,46.005266734624534
ORD01741,2025-06-22,CUST0111,P009,4,0.0,UPI,Cancelled,CMP003,1097,712.85,4388,0.0,4388.0,2851.4,1536.6,35.018231540565175
ORD01742,2025-02-04,CUST0090,P011,1,5.0,UPI,Delivered,CMP004,7881,6026.38,7881,394.05,7486.95,6026.38,1460.5699999999997,19.508210953726145
ORD01743,2025-09-16,CUST0763,P003,2,20.0,COD,Delivered,CMP002,5857,3883.91,11714,2342.8,9371.2,7767.82,1603.380000000001,17.109655113539365
ORD01744,2025-01-05,CUST0280,P012,4,15.0,COD,Delivered,CMP005,5080,2793.69,20320,3048.0,17272.0,11174.76,6097.24,35.301296896711435
ORD01745,2025-08-06,CUST0333,P021,1,15.0,Net Banking,Cancelled,CMP002,5045,2967.68,5045,756.75,4288.25,2967.68,1320.5700000000002,30.7950795779164
ORD01746,2025-01-11,CUST0224,P003,1,20.0,Debit Card,Returned,CMP006,5857,3883.91,5857,1171.4,4685.6,3883.91,801.6900000000005,17.109655113539365
ORD01747,2025-11-23,CUST0101,P015,4,25.0,COD,Delivered,CMP003,5978,4066.66,23912,5978.0,17934.0,16266.64,1667.3600000000006,9.297200847552139
ORD01748,2025-04-27,CUST0132,P021,1,15.0,Net Banking,Delivered,CMP005,5045,2967.68,5045,756.75,4288.25,2967.68,1320.5700000000002,30.7950795779164
ORD01749,2025-07-03,CUST0013,P010,2,10.0,COD,Delivered,CMP004,3310,2109.97,6620,662.0,5958.0,4219.94,1738.0600000000004,29.171869754951334
ORD01750,2025-12-28,CUST0457,P001,1,5.0,Credit Card,Cancelled,CMP003,6748,4695.17,6748,337.4,6410.6,4695.17,1715.4300000000003,26.759273702929526
ORD01751,2025-04-26,CUST0441,P014,3,0.0,UPI,Delivered,CMP004,6801,4221.32,20403,0.0,20403.0,12663.96,7739.040000000001,37.930892515806505
ORD01752,2025-06-11,CUST0098,P020,4,15.0,Net Banking,Delivered,CMP005,7452,4168.44,29808,4471.2,25336.8,16673.76,8663.04,34.191531685137825
ORD01753,2025-03-08,CUST0120,P006,4,25.0,COD,Delivered,CMP004,4933,3611.45,19732,4933.0,14799.0,14445.8,353.2000000000007,2.386647746469361
ORD01754,2025-07-19,CUST0293,P002,1,10.0,UPI,Delivered,CMP005,6053,3796.4,6053,605.3,5447.7,3796.4,1651.2999999999997,30.31187473612717
ORD01755,2025-01-31,CUST0816,P023,1,15.0,Debit Card,Delivered,CMP002,5137,3830.78,5137,770.55,4366.45,3830.78,535.6699999999996,12.267860619038341
ORD01756,2025-03-16,CUST0711,P008,1,10.0,COD,Shipped,CMP002,3129,1758.81,3129,312.9,2816.1,1758.81,1057.29,37.544476403536805
ORD01757,2025-08-25,CUST0001,P001,4,10.0,Net Banking,Delivered,CMP002,6748,4695.17,26992,2699.2,24292.8,18780.68,5512.119999999999,22.69034446420338
ORD01758,2025-11-23,CUST0572,P004,1,5.0,Credit Card,Delivered,CMP005,2776,1530.45,2776,138.8,2637.2,1530.45,1106.7499999999998,41.966858789625356
ORD01759,2025-03-07,CUST0250,P004,1,10.0,UPI,Returned,CMP001,2776,1530.45,2776,277.6,2498.4,1530.45,967.95,38.74279538904899
ORD01760,2025-03-11,CUST0652,P005,1,5.0,UPI,Cancelled,CMP005,1046,807.54,1046,52.3,993.7,807.54,186.16000000000008,18.734024353426594
ORD01761,2025-10-24,CUST0149,P020,3,15.0,Credit Card,Delivered,CMP003,7452,4168.44,22356,3353.4,19002.6,12505.32,6497.279999999999,34.19153168513782
ORD01762,2025-01-20,CUST0395,P009,1,20.0,Net Banking,Delivered,CMP001,1097,712.85,1097,219.4,877.6,712.85,164.75,18.77278942570647
ORD01763,2025-08-14,CUST0044,P023,3,20.0,Debit Card,Returned,CMP003,5137,3830.78,15411,3082.2,12328.8,11492.34,836.4599999999991,6.78460190772824
ORD01764,2025-07-18,CUST0883,P013,1,0.0,Credit Card,Shipped,CMP002,6435,4995.55,6435,0.0,6435.0,4995.55,1439.4499999999998,22.369075369075368
ORD01765,2025-02-08,CUST0698,P018,2,20.0,Debit Card,Delivered,CMP004,6660,5091.78,13320,2664.0,10656.0,10183.56,472.4400000000005,4.4335585585585635
ORD01766,2025-05-25,CUST0620,P017,1,5.0,Net Banking,Returned,CMP003,4817,3075.17,4817,240.85,4576.15,3075.17,1500.9799999999996,32.80006118680549
ORD01767,2025-02-14,CUST0044,P025,2,5.0,COD,Delivered,CMP002,7392,5142.33,14784,739.2,14044.8,10284.66,3760.1399999999994,26.772470950102527
ORD01768,2025-11-22,CUST0078,P001,1,15.0,COD,Delivered,CMP006,6748,4695.17,6748,1012.2,5735.8,4695.17,1040.63,18.142717667980058
ORD01769,2025-04-01,CUST0226,P022,2,5.0,Net Banking,Delivered,CMP003,5915,3970.45,11830,591.5,11238.5,7940.9,3297.6000000000004,29.341994038350315
ORD01770,2025-08-26,CUST0162,P015,1,0.0,Debit Card,Cancelled,CMP003,5978,4066.66,5978,0.0,5978.0,4066.66,1911.3400000000001,31.972900635664104
ORD01771,2025-03-11,CUST0793,P002,1,5.0,Credit Card,Delivered,CMP005,6053,3796.4,6053,302.65,5750.35,3796.4,1953.9500000000003,33.9796708026468
ORD01772,2025-06-15,CUST0253,P016,1,15.0,Net Banking,Delivered,CMP001,7713,5310.71,7713,1156.95,6556.05,5310.71,1245.3400000000001,18.995279169621952
ORD01773,2025-05-10,CUST0132,P020,2,5.0,Net Banking,Delivered,CMP003,7452,4168.44,14904,745.2,14158.8,8336.88,5821.92,41.11873887617595
ORD01774,2025-08-02,CUST0448,P022,2,10.0,COD,Delivered,CMP003,5915,3970.45,11830,1183.0,10647.0,7940.9,2706.1000000000004,25.416549262703114
ORD01775,2025-12-06,CUST0884,P005,2,10.0,Credit Card,Returned,CMP003,1046,807.54,2092,209.2,1882.8,1615.08,267.72,14.219247928616955
ORD01776,2025-03-30,CUST0887,P022,3,15.0,COD,Delivered,CMP001,5915,3970.45,17745,2661.75,15083.25,11911.349999999999,3171.9000000000015,21.02928745462683
ORD01777,2025-12-01,CUST0474,P019,3,20.0,Debit Card,Delivered,CMP001,7745,4299.97,23235,4647.0,18588.0,12899.91,5688.09,30.60087153001937
ORD01778,2025-09-09,CUST0656,P005,2,10.0,Debit Card,Delivered,CMP003,1046,807.54,2092,209.2,1882.8,1615.08,267.72,14.219247928616955
ORD01779,2025-12-15,CUST0778,P002,2,,UPI,Delivered,CMP001,6053,3796.4,12106,0.0,12106.0,7592.8,4513.2,37.280687262514455
ORD01780,2025-03-13,CUST0109,P007,1,5.0,Net Banking,Shipped,CMP002,5886,3178.13,5886,294.3,5591.7,3178.13,2413.5699999999997,43.16343866802582
ORD01781,2025-06-14,CUST0706,P003,2,10.0,Credit Card,Delivered,CMP002,5857,3883.91,11714,1171.4,10542.6,7767.82,2774.7800000000007,26.319693434257207
ORD01782,2025-02-18,CUST0035,P017,3,15.0,Credit Card,Delivered,CMP003,4817,3075.17,14451,2167.65,12283.35,9225.51,3057.84,24.89418603231203
ORD01783,2025-02-21,CUST0467,P024,1,0.0,COD,Delivered,CMP001,972,537.49,972,0.0,972.0,537.49,434.51,44.702674897119344
ORD01784,2025-10-16,CUST0902,P024,2,5.0,COD,Delivered,CMP004,972,537.49,1944,97.2,1846.8,1074.98,771.8199999999999,41.79228936538878
ORD01785,2025-10-05,CUST0275,P003,2,15.0,Credit Card,Delivered,CMP006,5857,3883.91,11714,1757.1,9956.9,7767.82,2189.08,21.985557753919394
ORD01786,2025-04-24,CUST0187,P013,3,10.0,COD,Delivered,CMP004,6435,4995.55,19305,1930.5,17374.5,14986.650000000001,2387.8499999999985,13.743417076750402
ORD01787,2025-08-27,CUST0949,P007,2,15.0,UPI,Returned,CMP005,5886,3178.13,11772,1765.8,10006.2,6356.26,3649.9400000000005,36.47678439367592
ORD01788,2025-05-13,CUST0243,P025,2,15.0,Net Banking,Delivered,CMP004,7392,5142.33,14784,2217.6,12566.4,10284.66,2281.74,18.157467532467532
ORD01789,2025-10-01,CUST0264,P024,1,15.0,UPI,Delivered,CMP003,972,537.49,972,145.8,826.2,537.49,288.71000000000004,34.9443234083757
ORD01790,2025-06-15,CUST0974,P003,2,15.0,Debit Card,Delivered,CMP002,5857,3883.91,11714,1757.1,9956.9,7767.82,2189.08,21.985557753919394
ORD01791,2025-10-20,CUST0522,P015,2,10.0,Credit Card,Delivered,CMP002,5978,4066.66,11956,1195.6,10760.4,8133.32,2627.08,24.41433403962678
ORD01792,2025-08-31,CUST0963,P018,3,25.0,UPI,Delivered,CMP002,6660,5091.78,19980,4995.0,14985.0,15275.34,-290.34000000000015,-1.9375375375375383
ORD01793,2025-11-16,CUST0678,P010,1,10.0,UPI,Cancelled,CMP001,3310,2109.97,3310,331.0,2979.0,2109.97,869.0300000000002,29.171869754951334
ORD01794,2025-05-18,CUST0541,P023,1,0.0,COD,Delivered,CMP006,5137,3830.78,5137,0.0,5137.0,3830.78,1306.2199999999998,25.427681526182592
ORD01795,2025-03-20,CUST0783,P007,2,5.0,COD,Delivered,CMP006,5886,3178.13,11772,588.6,11183.4,6356.26,4827.139999999999,43.16343866802582
ORD01796,2025-06-19,CUST0087,P009,2,15.0,COD,Delivered,CMP001,1097,712.85,2194,329.1,1864.9,1425.7,439.20000000000005,23.550860635959033
ORD01797,2025-05-03,CUST0535,P005,2,20.0,Debit Card,Delivered,CMP003,1046,807.54,2092,418.4,1673.6,1615.08,58.51999999999998,3.496653919694072
ORD01798,2025-06-25,CUST0210,P020,4,0.0,UPI,Delivered,CMP003,7452,4168.44,29808,0.0,29808.0,16673.76,13134.240000000002,44.06280193236716
ORD01799,2025-10-27,CUST0046,P008,1,0.0,Net Banking,Delivered,CMP004,3129,1758.81,3129,0.0,3129.0,1758.81,1370.19,43.79002876318312
ORD01800,2025-03-23,CUST0467,P014,3,20.0,COD,Delivered,CMP004,6801,4221.32,20403,4080.6,16322.4,12663.96,3658.4400000000005,22.413615644758128
ORD01801,2025-03-28,CUST0540,P004,4,20.0,Debit Card,Delivered,CMP001,2776,1530.45,11104,2220.8,8883.2,6121.8,2761.4000000000005,31.08564481268012
ORD01802,2025-08-13,CUST0026,P020,1,5.0,Debit Card,Delivered,CMP004,7452,4168.44,7452,372.6,7079.4,4168.44,2910.96,41.11873887617595
ORD01803,2025-01-16,CUST0266,P014,1,5.0,COD,Delivered,CMP004,6801,4221.32,6801,340.05,6460.95,4221.32,2239.63,34.66409738505948
ORD01804,2025-11-06,CUST0175,P012,2,10.0,Credit Card,Cancelled,CMP003,5080,2793.69,10160,1016.0,9144.0,5587.38,3556.62,38.89566929133858
ORD01805,2025-12-24,CUST0516,P002,1,5.0,UPI,Delivered,CMP003,6053,3796.4,6053,302.65,5750.35,3796.4,1953.9500000000003,33.9796708026468
ORD01806,2025-06-12,CUST0311,P013,1,20.0,COD,Delivered,CMP006,6435,4995.55,6435,1287.0,5148.0,4995.55,152.44999999999982,2.961344211344208
ORD01807,2025-04-08,CUST0322,P001,1,0.0,Net Banking,Delivered,CMP005,6748,4695.17,6748,0.0,6748.0,4695.17,2052.83,30.421310017783043
ORD01808,2025-06-05,CUST0579,P020,2,0.0,UPI,Delivered,CMP004,7452,4168.44,14904,0.0,14904.0,8336.88,6567.120000000001,44.06280193236716
ORD01809,2025-01-02,CUST0135,P007,2,0.0,Debit Card,Delivered,CMP001,5886,3178.13,11772,0.0,11772.0,6356.26,5415.74,46.005266734624534
ORD01810,2025-12-16,CUST0055,P025,3,5.0,Net Banking,Delivered,CMP003,7392,5142.33,22176,1108.8,21067.2,15426.99,5640.210000000001,26.772470950102534
ORD01811,2025-06-18,CUST0976,P009,1,0.0,UPI,Delivered,CMP004,1097,712.85,1097,0.0,1097.0,712.85,384.15,35.018231540565175
ORD01812,2025-11-11,CUST0543,P017,2,0.0,Net Banking,Delivered,CMP001,4817,3075.17,9634,0.0,9634.0,6150.34,3483.66,36.16005812746523
ORD01813,2025-11-21,CUST0586,P021,2,15.0,Debit Card,Delivered,CMP003,5045,2967.68,10090,1513.5,8576.5,5935.36,2641.1400000000003,30.7950795779164
ORD01814,2025-04-02,CUST0531,P023,4,0.0,COD,Delivered,CMP002,5137,3830.78,20548,0.0,20548.0,15323.12,5224.879999999999,25.427681526182592
ORD01815,2025-06-30,CUST0156,P013,3,20.0,Net Banking,Cancelled,CMP002,6435,4995.55,19305,3861.0,15444.0,14986.650000000001,457.34999999999854,2.961344211344202
ORD01816,2025-08-19,CUST0849,P023,4,5.0,COD,Delivered,CMP001,5137,3830.78,20548,1027.4,19520.6,15323.12,4197.479999999998,21.502822659139564
ORD01817,2025-10-28,CUST0668,P010,3,10.0,Debit Card,Delivered,CMP001,3310,2109.97,9930,993.0,8937.0,6329.91,2607.09,29.17186975495133
ORD01818,2025-05-28,CUST0147,P016,3,0.0,Debit Card,Delivered,CMP003,7713,5310.71,23139,0.0,23139.0,15932.130000000001,7206.869999999999,31.145987294178656
ORD01819,2025-10-07,CUST0485,P006,4,0.0,Net Banking,Delivered,CMP006,4933,3611.45,19732,0.0,19732.0,14445.8,5286.200000000001,26.78998580985202
ORD01820,2025-07-08,CUST0599,P016,3,10.0,Net Banking,Delivered,CMP003,7713,5310.71,23139,2313.9,20825.1,15932.130000000001,4892.9699999999975,23.49554143797628
ORD01821,2025-12-13,CUST0020,P011,1,10.0,Debit Card,Delivered,CMP003,7881,6026.38,7881,788.1,7092.9,6026.38,1066.5199999999995,15.036444895599818
ORD01822,2025-12-16,CUST0269,P020,1,15.0,Net Banking,Cancelled,CMP005,7452,4168.44,7452,1117.8,6334.2,4168.44,2165.76,34.191531685137825
ORD01823,2025-11-10,CUST0333,P003,2,15.0,Net Banking,Delivered,CMP002,5857,3883.91,11714,1757.1,9956.9,7767.82,2189.08,21.985557753919394
ORD01824,2025-05-08,CUST0555,P009,2,10.0,Net Banking,Delivered,CMP001,1097,712.85,2194,219.4,1974.6,1425.7,548.8999999999999,27.798035045072417
ORD01825,2025-01-07,CUST0907,P015,3,10.0,Net Banking,Delivered,CMP002,5978,4066.66,17934,1793.4,16140.6,12199.98,3940.620000000001,24.414334039626784
ORD01826,2025-02-16,CUST0944,P013,1,20.0,UPI,Cancelled,CMP005,6435,4995.55,6435,1287.0,5148.0,4995.55,152.44999999999982,2.961344211344208
ORD01827,2025-02-22,CUST0911,P010,3,10.0,Debit Card,Delivered,CMP004,3310,2109.97,9930,993.0,8937.0,6329.91,2607.09,29.17186975495133
ORD01828,2025-07-06,CUST0401,P020,1,25.0,Debit Card,Delivered,CMP001,7452,4168.44,7452,1863.0,5589.0,4168.44,1420.5600000000004,25.41706924315621
ORD01829,2025-02-07,CUST0950,P024,2,15.0,Credit Card,Delivered,CMP004,972,537.49,1944,291.6,1652.4,1074.98,577.4200000000001,34.9443234083757
ORD01830,2025-08-14,CUST0306,P013,1,0.0,COD,Delivered,CMP006,6435,4995.55,6435,0.0,6435.0,4995.55,1439.4499999999998,22.369075369075368
ORD01831,2025-02-22,CUST0028,P017,1,5.0,Credit Card,Shipped,CMP001,4817,3075.17,4817,240.85,4576.15,3075.17,1500.9799999999996,32.80006118680549
ORD01832,2025-08-12,CUST0467,P007,2,10.0,Net Banking,Delivered,CMP004,5886,3178.13,11772,1177.2,10594.8,6356.26,4238.539999999999,40.00585192736059
ORD01833,2025-06-03,CUST0260,P006,1,15.0,Net Banking,Delivered,CMP002,4933,3611.45,4933,739.95,4193.05,3611.45,581.6000000000004,13.87057154100238
ORD01834,2025-02-17,CUST0534,P013,4,10.0,UPI,Delivered,CMP003,6435,4995.55,25740,2574.0,23166.0,19982.2,3183.7999999999993,13.743417076750408
ORD01835,2025-12-17,CUST0982,P017,2,15.0,UPI,Delivered,CMP003,4817,3075.17,9634,1445.1,8188.9,6150.34,2038.5599999999995,24.894186032312028
ORD01836,2025-05-27,CUST0887,P015,1,5.0,UPI,Delivered,CMP005,5978,4066.66,5978,298.9,5679.1,4066.66,1612.4400000000005,28.392526984909587
ORD01837,2025-03-05,CUST0101,P004,1,0.0,UPI,Delivered,CMP003,2776,1530.45,2776,0.0,2776.0,1530.45,1245.55,44.86851585014409
ORD01838,2025-12-15,CUST0551,P015,1,0.0,UPI,Delivered,CMP004,5978,4066.66,5978,0.0,5978.0,4066.66,1911.3400000000001,31.972900635664104
ORD01839,2025-07-01,CUST0802,P014,2,10.0,UPI,Delivered,CMP002,6801,4221.32,13602,1360.2,12241.8,8442.64,3799.16,31.034325017562775
ORD01840,2025-05-05,CUST0353,P021,3,15.0,UPI,Delivered,CMP001,5045,2967.68,15135,2270.25,12864.75,8903.039999999999,3961.710000000001,30.795079577916407
ORD01841,2025-06-28,CUST0300,P011,3,5.0,UPI,Delivered,CMP004,7881,6026.38,23643,1182.15,22460.85,18079.14,4381.709999999999,19.50821095372615
ORD01842,2025-02-08,CUST0682,P024,4,10.0,UPI,Delivered,CMP001,972,537.49,3888,388.8,3499.2,2149.96,1349.2399999999998,38.55852766346593
ORD01843,2025-09-17,CUST0296,P004,3,0.0,Debit Card,Delivered,CMP002,2776,1530.45,8328,0.0,8328.0,4591.35,3736.6499999999996,44.868515850144085
ORD01844,2025-01-03,CUST0353,P003,1,0.0,UPI,Delivered,CMP002,5857,3883.91,5857,0.0,5857.0,3883.91,1973.0900000000001,33.68772409083148
ORD01845,2025-03-05,CUST0908,P002,2,15.0,COD,Delivered,CMP003,6053,3796.4,12106,1815.9,10290.1,7592.8,2697.3,26.21257325001701
ORD01846,2025-01-29,CUST0130,P020,1,5.0,UPI,Cancelled,CMP002,7452,4168.44,7452,372.6,7079.4,4168.44,2910.96,41.11873887617595
ORD01847,2025-01-11,CUST0156,P010,4,10.0,Net Banking,Delivered,CMP004,3310,2109.97,13240,1324.0,11916.0,8439.88,3476.120000000001,29.171869754951334
ORD01848,2025-04-07,CUST0074,P013,4,20.0,Net Banking,Delivered,CMP002,6435,4995.55,25740,5148.0,20592.0,19982.2,609.7999999999993,2.961344211344208
ORD01849,2025-12-24,CUST0342,P020,1,20.0,UPI,Delivered,CMP004,7452,4168.44,7452,1490.4,5961.6,4168.44,1793.1600000000008,30.078502415458946
ORD01850,2025-07-22,CUST0465,P021,1,0.0,UPI,Delivered,CMP003,5045,2967.68,5045,0.0,5045.0,2967.68,2077.32,41.17581764122894
ORD01851,2025-01-21,CUST0090,P023,3,10.0,Net Banking,Delivered,CMP005,5137,3830.78,15411,1541.1,13869.9,11492.34,2377.5599999999995,17.141868362425107
ORD01852,2025-02-08,CUST0579,P025,1,15.0,COD,Delivered,CMP003,7392,5142.33,7392,1108.8,6283.2,5142.33,1140.87,18.157467532467532
ORD01853,2025-08-11,CUST0455,P018,1,15.0,,Returned,CMP006,6660,5091.78,6660,999.0,5661.0,5091.78,569.2200000000003,10.055113937466883
ORD01854,2025-04-12,CUST0748,P021,2,15.0,Debit Card,Delivered,CMP001,5045,2967.68,10090,1513.5,8576.5,5935.36,2641.1400000000003,30.7950795779164
ORD01855,2025-02-15,CUST0712,P016,1,0.0,Net Banking,Delivered,CMP004,7713,5310.71,7713,0.0,7713.0,5310.71,2402.29,31.145987294178656
ORD01856,2025-03-07,CUST0980,P011,4,0.0,UPI,Delivered,CMP001,7881,6026.38,31524,0.0,31524.0,24105.52,7418.48,23.53280040603984
ORD01857,2025-04-01,CUST0332,P010,1,10.0,Debit Card,Delivered,CMP005,3310,2109.97,3310,331.0,2979.0,2109.97,869.0300000000002,29.171869754951334
ORD01858,2025-06-13,CUST0739,P009,1,15.0,UPI,Delivered,CMP002,1097,712.85,1097,164.55,932.45,712.85,219.60000000000002,23.550860635959033
ORD01859,2025-04-21,CUST0977,P012,3,5.0,Credit Card,Delivered,CMP002,5080,2793.69,15240,762.0,14478.0,8381.07,6096.93,42.11168669705761
ORD01860,2025-12-04,CUST0348,P019,1,0.0,Credit Card,Cancelled,CMP003,7745,4299.97,7745,0.0,7745.0,4299.97,3445.0299999999997,44.48069722401549
ORD01861,2025-05-03,CUST0233,P001,3,15.0,Net Banking,Delivered,CMP005,6748,4695.17,20244,3036.6,17207.4,14085.51,3121.8900000000012,18.14271766798006
ORD01862,2025-07-12,CUST0778,P018,2,5.0,Debit Card,Delivered,CMP001,6660,5091.78,13320,666.0,12654.0,10183.56,2470.4400000000005,19.52299668089142
ORD01863,2025-04-09,CUST0598,P014,2,0.0,Debit Card,Delivered,CMP004,6801,4221.32,13602,0.0,13602.0,8442.64,5159.360000000001,37.930892515806505
ORD01864,2025-10-18,CUST0102,P022,2,0.0,Credit Card,Delivered,CMP006,5915,3970.45,11830,0.0,11830.0,7940.9,3889.1000000000004,32.8748943364328
ORD01865,2025-06-08,CUST0953,P021,3,5.0,UPI,Delivered,CMP001,5045,2967.68,15135,756.75,14378.25,8903.039999999999,5475.210000000001,38.07980804339889
ORD01866,2025-04-13,CUST0481,P001,4,10.0,,Delivered,CMP006,6748,4695.17,26992,2699.2,24292.8,18780.68,5512.119999999999,22.69034446420338
ORD01867,2025-10-08,CUST0214,P017,2,5.0,COD,Delivered,CMP001,4817,3075.17,9634,481.7,9152.3,6150.34,3001.959999999999,32.80006118680549
ORD01868,2025-02-12,CUST0108,P011,3,0.0,Credit Card,Returned,CMP005,7881,6026.38,23643,0.0,23643.0,18079.14,5563.860000000001,23.532800406039843
ORD01869,2025-03-25,CUST0165,P020,4,0.0,Credit Card,Delivered,CMP006,7452,4168.44,29808,0.0,29808.0,16673.76,13134.240000000002,44.06280193236716
ORD01870,2025-07-10,CUST0973,P015,4,5.0,Net Banking,Delivered,CMP006,5978,4066.66,23912,1195.6,22716.4,16266.64,6449.760000000002,28.392526984909587
ORD01871,2025-02-20,CUST0603,P004,1,10.0,UPI,Cancelled,CMP003,2776,1530.45,2776,277.6,2498.4,1530.45,967.95,38.74279538904899
ORD01872,2025-07-29,CUST0704,P015,2,0.0,Debit Card,Delivered,CMP006,5978,4066.66,11956,0.0,11956.0,8133.32,3822.6800000000003,31.972900635664104
ORD01873,2025-05-06,CUST0335,P022,1,10.0,Credit Card,Delivered,CMP001,5915,3970.45,5915,591.5,5323.5,3970.45,1353.0500000000002,25.416549262703114
ORD01874,2025-03-10,CUST0086,P022,1,0.0,Net Banking,Delivered,CMP003,5915,3970.45,5915,0.0,5915.0,3970.45,1944.5500000000002,32.8748943364328
ORD01875,2025-09-22,CUST0734,P014,1,0.0,Net Banking,Delivered,CMP002,6801,4221.32,6801,0.0,6801.0,4221.32,2579.6800000000003,37.930892515806505
ORD01876,2025-09-15,CUST0875,P022,2,0.0,Net Banking,Delivered,CMP003,5915,3970.45,11830,0.0,11830.0,7940.9,3889.1000000000004,32.8748943364328
ORD01877,2025-07-07,CUST0424,P001,3,0.0,Debit Card,Cancelled,CMP004,6748,4695.17,20244,0.0,20244.0,14085.51,6158.49,30.421310017783043
ORD01878,2025-08-18,CUST0613,P009,3,10.0,Credit Card,Delivered,CMP001,1097,712.85,3291,329.1,2961.9,2138.55,823.3499999999999,27.798035045072417
ORD01879,2025-07-08,CUST0738,P007,3,10.0,Net Banking,Shipped,CMP006,5886,3178.13,17658,1765.8,15892.2,9534.39,6357.810000000001,40.005851927360595
ORD01880,2025-01-10,CUST0364,P023,1,20.0,Debit Card,Delivered,CMP004,5137,3830.78,5137,1027.4,4109.6,3830.78,278.82000000000016,6.784601907728249
ORD01881,2025-04-24,CUST0060,P011,4,0.0,UPI,Shipped,CMP006,7881,6026.38,31524,0.0,31524.0,24105.52,7418.48,23.53280040603984
ORD01882,2025-03-17,CUST0482,P023,1,0.0,COD,Delivered,CMP005,5137,3830.78,5137,0.0,5137.0,3830.78,1306.2199999999998,25.427681526182592
ORD01883,2025-06-13,CUST0250,P002,2,5.0,Credit Card,Delivered,CMP005,6053,3796.4,12106,605.3,11500.7,7592.8,3907.9000000000005,33.9796708026468
ORD01884,2025-03-26,CUST0560,P002,3,15.0,Debit Card,Delivered,CMP001,6053,3796.4,18159,2723.85,15435.15,11389.2,4045.949999999999,26.212573250017
ORD01885,2025-02-18,CUST0117,P006,2,5.0,COD,Cancelled,CMP003,4933,3611.45,9866,493.3,9372.7,7222.9,2149.800000000001,22.936827168265292
ORD01886,2025-11-22,CUST0739,P023,1,5.0,COD,Cancelled,CMP002,5137,3830.78,5137,256.85,4880.15,3830.78,1049.3699999999994,21.502822659139564
ORD01887,2025-06-26,CUST0874,P019,1,5.0,Debit Card,Delivered,CMP001,7745,4299.97,7745,387.25,7357.75,4299.97,3057.7799999999997,41.55862865685841
ORD01888,2025-08-06,CUST0915,P020,3,0.0,Debit Card,Delivered,CMP002,7452,4168.44,22356,0.0,22356.0,12505.32,9850.68,44.06280193236715
ORD01889,2025-07-08,CUST0968,P014,1,20.0,Debit Card,Cancelled,CMP004,6801,4221.32,6801,1360.2,5440.8,4221.32,1219.4800000000005,22.41361564475813
ORD01890,2025-12-12,CUST0999,P003,1,10.0,Net Banking,Cancelled,CMP002,5857,3883.91,5857,585.7,5271.3,3883.91,1387.3900000000003,26.319693434257207
ORD01891,2025-08-18,CUST0545,P007,2,15.0,UPI,Delivered,CMP003,5886,3178.13,11772,1765.8,10006.2,6356.26,3649.9400000000005,36.47678439367592
ORD01892,2025-09-12,CUST0044,P007,3,10.0,Net Banking,Delivered,CMP003,5886,3178.13,17658,1765.8,15892.2,9534.39,6357.810000000001,40.005851927360595
ORD01893,2025-08-24,CUST0509,P004,1,10.0,COD,Delivered,CMP001,2776,1530.45,2776,277.6,2498.4,1530.45,967.95,38.74279538904899
ORD01894,2025-01-26,CUST0988,P023,1,0.0,COD,Delivered,CMP004,5137,3830.78,5137,0.0,5137.0,3830.78,1306.2199999999998,25.427681526182592
ORD01895,2025-03-13,CUST0165,P005,2,10.0,COD,Returned,CMP004,1046,807.54,2092,209.2,1882.8,1615.08,267.72,14.219247928616955
ORD01896,2025-09-18,CUST0368,P017,1,0.0,Debit Card,Delivered,CMP006,4817,3075.17,4817,0.0,4817.0,3075.17,1741.83,36.16005812746523
ORD01897,2025-09-11,CUST0857,P004,2,5.0,Credit Card,Delivered,CMP002,2776,1530.45,5552,277.6,5274.4,3060.9,2213.4999999999995,41.966858789625356
ORD01898,2025-09-28,CUST0292,P023,1,10.0,Net Banking,Returned,CMP003,5137,3830.78,5137,513.7,4623.3,3830.78,792.52,17.141868362425107
ORD01899,2025-05-03,CUST0849,P013,4,15.0,Credit Card,Delivered,CMP003,6435,4995.55,25740,3861.0,21879.0,19982.2,1896.7999999999993,8.669500434206313
ORD01900,2025-05-24,CUST0856,P016,2,15.0,UPI,Cancelled,CMP006,7713,5310.71,15426,2313.9,13112.1,10621.42,2490.6800000000003,18.995279169621952
ORD01901,2025-09-14,CUST0917,P016,1,10.0,UPI,Delivered,CMP003,7713,5310.71,7713,771.3,6941.7,5310.71,1630.9899999999998,23.495541437976286
ORD01902,2025-05-24,CUST0898,P002,1,0.0,Net Banking,Cancelled,CMP003,6053,3796.4,6053,0.0,6053.0,3796.4,2256.6,37.280687262514455
ORD01903,2025-09-16,CUST0799,P018,4,5.0,COD,Delivered,CMP002,6660,5091.78,26640,1332.0,25308.0,20367.12,4940.880000000001,19.52299668089142
ORD01904,2025-02-16,CUST0876,P001,2,0.0,UPI,Delivered,CMP001,6748,4695.17,13496,0.0,13496.0,9390.34,4105.66,30.421310017783043
ORD01905,2025-12-17,CUST0737,P018,1,15.0,Credit Card,Delivered,CMP001,6660,5091.78,6660,999.0,5661.0,5091.78,569.2200000000003,10.055113937466883
ORD01906,2025-01-13,CUST0286,P008,1,25.0,Credit Card,Delivered,CMP004,3129,1758.81,3129,782.25,2346.75,1758.81,587.94,25.05337168424417
ORD01907,2025-07-27,CUST0204,P011,2,5.0,Debit Card,Delivered,CMP004,7881,6026.38,15762,788.1,14973.9,12052.76,2921.1399999999994,19.508210953726145
ORD01908,2025-11-07,CUST0684,P024,1,0.0,COD,Delivered,CMP002,972,537.49,972,0.0,972.0,537.49,434.51,44.702674897119344
ORD01909,2025-08-23,CUST0524,P024,2,10.0,Debit Card,Delivered,CMP003,972,537.49,1944,194.4,1749.6,1074.98,674.6199999999999,38.55852766346593
ORD01910,2025-05-29,CUST0819,P015,3,20.0,Net Banking,Delivered,CMP002,5978,4066.66,17934,3586.8,14347.2,12199.98,2147.220000000001,14.966125794580135
ORD01911,2025-11-18,CUST0121,P016,1,10.0,UPI,Delivered,CMP005,7713,5310.71,7713,771.3,6941.7,5310.71,1630.9899999999998,23.495541437976286
ORD01912,2025-06-04,CUST0945,P017,1,0.0,Debit Card,Cancelled,CMP005,4817,3075.17,4817,0.0,4817.0,3075.17,1741.83,36.16005812746523
ORD01913,2025-06-15,CUST0756,P017,2,25.0,Debit Card,Delivered,CMP006,4817,3075.17,9634,2408.5,7225.5,6150.34,1075.1599999999999,14.880077503286968
ORD01914,2025-03-31,CUST0664,P012,1,15.0,Net Banking,Cancelled,CMP001,5080,2793.69,5080,762.0,4318.0,2793.69,1524.31,35.301296896711435
ORD01915,2025-07-05,CUST0664,P010,1,0.0,Credit Card,Delivered,CMP004,3310,2109.97,3310,0.0,3310.0,2109.97,1200.0300000000002,36.254682779456196
ORD01916,2025-11-14,CUST0188,P020,4,20.0,Credit Card,Cancelled,CMP006,7452,4168.44,29808,5961.6,23846.4,16673.76,7172.640000000003,30.078502415458946
ORD01917,2025-12-24,CUST0907,P006,1,,Net Banking,Delivered,CMP004,4933,3611.45,4933,493.3,4439.7,3611.45,828.25,18.655539788724465
ORD01918,2025-06-23,CUST0013,P008,1,5.0,Credit Card,Delivered,CMP002,3129,1758.81,3129,156.45,2972.55,1758.81,1213.7400000000002,40.831609224403294
ORD01919,2025-08-05,CUST0603,P013,4,,Net Banking,Delivered,CMP004,6435,4995.55,25740,2574.0,23166.0,19982.2,3183.7999999999993,13.743417076750408
ORD01920,2025-09-21,CUST0200,P002,4,20.0,Credit Card,Delivered,CMP004,6053,3796.4,24212,4842.4,19369.6,15185.6,4183.999999999998,21.60085907814306
ORD01921,2025-04-07,CUST0586,P019,3,10.0,Net Banking,Delivered,CMP003,7745,4299.97,23235,2323.5,20911.5,12899.91,8011.59,38.31188580446166
ORD01922,2025-04-27,CUST0768,P022,3,0.0,Credit Card,Delivered,CMP001,5915,3970.45,17745,0.0,17745.0,11911.349999999999,5833.6500000000015,32.87489433643281
ORD01923,2025-07-18,CUST0456,P010,4,25.0,Debit Card,Delivered,CMP004,3310,2109.97,13240,3310.0,9930.0,8439.88,1490.1200000000008,15.0062437059416
ORD01924,2025-11-16,CUST0448,P004,4,0.0,Debit Card,Delivered,CMP005,2776,1530.45,11104,0.0,11104.0,6121.8,4982.2,44.86851585014409
ORD01925,2025-01-21,CUST0788,P012,1,15.0,Credit Card,Delivered,CMP006,5080,2793.69,5080,762.0,4318.0,2793.69,1524.31,35.301296896711435
ORD01926,2025-07-19,CUST0840,P018,3,10.0,Net Banking,Delivered,CMP002,6660,5091.78,19980,1998.0,17982.0,15275.34,2706.66,15.052052052052051
ORD01927,2025-12-07,CUST0841,P007,1,0.0,Debit Card,Delivered,CMP004,5886,3178.13,5886,0.0,5886.0,3178.13,2707.87,46.005266734624534
ORD01928,2025-09-05,CUST0071,P020,1,0.0,UPI,Delivered,CMP001,7452,4168.44,7452,0.0,7452.0,4168.44,3283.5600000000004,44.06280193236716
ORD01929,2025-10-03,CUST0590,P024,2,20.0,Credit Card,Returned,CMP006,972,537.49,1944,388.8,1555.2,1074.98,480.22,30.87834362139918
ORD01930,2025-09-21,CUST0796,P024,2,5.0,UPI,Delivered,CMP001,972,537.49,1944,97.2,1846.8,1074.98,771.8199999999999,41.79228936538878
ORD01931,2025-02-27,CUST0130,P023,2,10.0,UPI,Returned,CMP002,5137,3830.78,10274,1027.4,9246.6,7661.56,1585.04,17.141868362425107
ORD01932,2025-10-29,CUST0889,P025,2,10.0,COD,Delivered,CMP001,7392,5142.33,14784,1478.4,13305.6,10284.66,3020.9400000000005,22.704274891774894
ORD01933,2025-01-31,CUST0043,P004,2,15.0,UPI,Cancelled,CMP004,2776,1530.45,5552,832.8,4719.2,3060.9,1658.2999999999997,35.13943041193422
ORD01934,2025-09-06,CUST0520,P007,2,10.0,UPI,Delivered,CMP002,5886,3178.13,11772,1177.2,10594.8,6356.26,4238.539999999999,40.00585192736059
ORD01935,2025-04-03,CUST0013,P010,4,5.0,COD,Delivered,CMP005,3310,2109.97,13240,662.0,12578.0,8439.88,4138.120000000001,32.89966608363811
ORD01936,2025-09-22,CUST0725,P015,1,5.0,COD,Delivered,CMP003,5978,4066.66,5978,298.9,5679.1,4066.66,1612.4400000000005,28.392526984909587
ORD01937,2025-09-28,CUST0623,P012,1,20.0,COD,Delivered,CMP003,5080,2793.69,5080,1016.0,4064.0,2793.69,1270.31,31.257627952755907
ORD01938,2025-04-04,CUST0988,P001,2,10.0,Net Banking,Delivered,CMP002,6748,4695.17,13496,1349.6,12146.4,9390.34,2756.0599999999995,22.69034446420338
ORD01939,2025-06-03,CUST0803,P020,2,0.0,COD,Returned,CMP001,7452,4168.44,14904,0.0,14904.0,8336.88,6567.120000000001,44.06280193236716
ORD01940,2025-10-12,CUST0535,P018,3,20.0,Net Banking,Cancelled,CMP002,6660,5091.78,19980,3996.0,15984.0,15275.34,708.6599999999999,4.433558558558557
ORD01941,2025-03-21,CUST0302,P025,2,15.0,Credit Card,Delivered,CMP004,7392,5142.33,14784,2217.6,12566.4,10284.66,2281.74,18.157467532467532
ORD01942,2025-10-19,CUST0766,P016,2,0.0,Net Banking,Shipped,CMP003,7713,5310.71,15426,0.0,15426.0,10621.42,4804.58,31.145987294178656
ORD01943,2025-03-25,CUST0527,P005,1,25.0,Credit Card,Shipped,CMP001,1046,807.54,1046,261.5,784.5,807.54,-23.039999999999964,-2.9369024856596515
ORD01944,2025-12-31,CUST0642,P019,2,15.0,COD,Delivered,CMP003,7745,4299.97,15490,2323.5,13166.5,8599.94,4566.5599999999995,34.683173204724106
ORD01945,2025-02-06,CUST0573,P004,2,0.0,COD,Cancelled,CMP001,2776,1530.45,5552,0.0,5552.0,3060.9,2491.1,44.86851585014409
ORD01946,2025-12-08,CUST0115,P006,4,0.0,Credit Card,Delivered,CMP003,4933,3611.45,19732,0.0,19732.0,14445.8,5286.200000000001,26.78998580985202
ORD01947,2025-11-23,CUST0460,P017,2,15.0,Debit Card,Delivered,CMP006,4817,3075.17,9634,1445.1,8188.9,6150.34,2038.5599999999995,24.894186032312028
ORD01948,2025-08-20,CUST0832,P007,2,15.0,Net Banking,Delivered,CMP002,5886,3178.13,11772,1765.8,10006.2,6356.26,3649.9400000000005,36.47678439367592
ORD01949,2025-04-03,CUST0505,P024,1,0.0,UPI,Cancelled,CMP005,972,537.49,972,0.0,972.0,537.49,434.51,44.702674897119344
ORD01950,2025-12-02,CUST0308,P023,2,5.0,COD,Delivered,CMP005,5137,3830.78,10274,513.7,9760.3,7661.56,2098.739999999999,21.502822659139564
ORD01951,2025-04-12,CUST0932,P007,1,5.0,Net Banking,Delivered,CMP003,5886,3178.13,5886,294.3,5591.7,3178.13,2413.5699999999997,43.16343866802582
ORD01952,2025-06-15,CUST0963,P009,1,10.0,Net Banking,Delivered,CMP004,1097,712.85,1097,109.7,987.3,712.85,274.44999999999993,27.798035045072417
ORD01953,2025-06-08,CUST0325,P013,3,0.0,COD,Delivered,CMP003,6435,4995.55,19305,0.0,19305.0,14986.650000000001,4318.3499999999985,22.36907536907536
ORD01954,2025-01-14,CUST0579,P020,1,0.0,Credit Card,Delivered,CMP002,7452,4168.44,7452,0.0,7452.0,4168.44,3283.5600000000004,44.06280193236716
ORD01955,2025-08-13,CUST0761,P014,1,10.0,COD,Delivered,CMP005,6801,4221.32,6801,680.1,6120.9,4221.32,1899.58,31.034325017562775
ORD01956,2025-03-14,CUST0175,P016,1,15.0,Net Banking,Delivered,CMP004,7713,5310.71,7713,1156.95,6556.05,5310.71,1245.3400000000001,18.995279169621952
ORD01957,2025-09-06,CUST0851,P023,2,10.0,Debit Card,Delivered,CMP006,5137,3830.78,10274,1027.4,9246.6,7661.56,1585.04,17.141868362425107
ORD01958,2025-04-01,CUST0514,P009,1,5.0,Credit Card,Delivered,CMP004,1097,712.85,1097,54.85,1042.15,712.85,329.30000000000007,31.59813846375282
ORD01959,2025-08-04,CUST0172,P015,1,10.0,COD,Cancelled,CMP003,5978,4066.66,5978,597.8,5380.2,4066.66,1313.54,24.41433403962678
ORD01960,2025-03-31,CUST0997,P005,3,5.0,UPI,Shipped,CMP005,1046,807.54,3138,156.9,2981.1,2422.62,558.48,18.73402435342659
ORD01961,2025-01-29,CUST0960,P018,2,25.0,COD,Delivered,CMP004,6660,5091.78,13320,3330.0,9990.0,10183.56,-193.5599999999995,-1.9375375375375326
ORD01962,2025-11-01,CUST0502,P021,4,15.0,Net Banking,Delivered,CMP004,5045,2967.68,20180,3027.0,17153.0,11870.72,5282.280000000001,30.7950795779164
ORD01963,2025-08-08,CUST0977,P020,4,0.0,Net Banking,Returned,CMP005,7452,4168.44,29808,0.0,29808.0,16673.76,13134.240000000002,44.06280193236716
ORD01964,2025-11-24,CUST0334,P008,2,5.0,UPI,Delivered,CMP006,3129,1758.81,6258,312.9,5945.1,3517.62,2427.4800000000005,40.831609224403294
ORD01965,2025-08-03,CUST0284,P015,2,10.0,Credit Card,Delivered,CMP002,5978,4066.66,11956,1195.6,10760.4,8133.32,2627.08,24.41433403962678
ORD01966,2025-08-09,CUST0475,P021,3,10.0,Net Banking,Delivered,CMP002,5045,2967.68,15135,1513.5,13621.5,8903.039999999999,4718.460000000001,34.639797379143275
ORD01967,2025-02-11,CUST0054,P025,2,10.0,Credit Card,Delivered,CMP004,7392,5142.33,14784,1478.4,13305.6,10284.66,3020.9400000000005,22.704274891774894
ORD01968,2025-05-15,CUST0458,P009,2,15.0,Credit Card,Delivered,CMP003,1097,712.85,2194,329.1,1864.9,1425.7,439.20000000000005,23.550860635959033
ORD01969,2025-02-11,CUST0579,P019,4,15.0,COD,Delivered,CMP004,7745,4299.97,30980,4647.0,26333.0,17199.88,9133.119999999999,34.683173204724106
ORD01970,2025-06-13,CUST0420,P022,4,10.0,Credit Card,Delivered,CMP003,5915,3970.45,23660,2366.0,21294.0,15881.8,5412.200000000001,25.416549262703114
ORD01971,2025-12-27,CUST0614,P006,1,20.0,Net Banking,Delivered,CMP003,4933,3611.45,4933,986.6,3946.4,3611.45,334.9500000000003,8.487482262315028
ORD01972,2025-10-10,CUST0632,P004,3,15.0,Net Banking,Cancelled,CMP001,2776,1530.45,8328,1249.2,7078.8,4591.35,2487.45,35.13943041193423
ORD01973,2025-02-27,CUST0703,P011,1,15.0,Debit Card,Delivered,CMP004,7881,6026.38,7881,1182.15,6698.85,6026.38,672.4700000000003,10.038588712988053
ORD01974,2025-10-29,CUST0409,P010,2,25.0,Credit Card,Delivered,CMP001,3310,2109.97,6620,1655.0,4965.0,4219.94,745.0600000000004,15.0062437059416
ORD01975,2025-11-18,CUST0982,P003,3,5.0,Debit Card,Delivered,CMP004,5857,3883.91,17571,878.55,16692.45,11651.73,5040.720000000001,30.19760430613841
ORD01976,2025-01-25,CUST0304,P001,1,5.0,COD,Delivered,CMP006,6748,4695.17,6748,337.4,6410.6,4695.17,1715.4300000000003,26.759273702929526
ORD01977,2025-03-14,CUST0935,P012,2,20.0,Debit Card,Delivered,CMP002,5080,2793.69,10160,2032.0,8128.0,5587.38,2540.62,31.257627952755907
ORD01978,2025-05-09,CUST0559,P023,1,15.0,Credit Card,Delivered,CMP001,5137,3830.78,5137,770.55,4366.45,3830.78,535.6699999999996,12.267860619038341
ORD01979,2025-03-28,CUST0222,P015,4,20.0,Net Banking,Delivered,CMP001,5978,4066.66,23912,4782.4,19129.6,16266.64,2862.959999999999,14.966125794580124
ORD01980,2025-11-26,CUST0533,P015,1,0.0,COD,Delivered,CMP002,5978,4066.66,5978,0.0,5978.0,4066.66,1911.3400000000001,31.972900635664104
ORD01981,2025-06-02,CUST0158,P021,1,10.0,Credit Card,Delivered,CMP002,5045,2967.68,5045,504.5,4540.5,2967.68,1572.8200000000002,34.639797379143275
ORD01982,2025-07-01,CUST0348,P014,3,0.0,COD,Shipped,CMP003,6801,4221.32,20403,0.0,20403.0,12663.96,7739.040000000001,37.930892515806505
ORD01983,2025-05-05,CUST0159,P007,1,10.0,UPI,Shipped,CMP003,5886,3178.13,5886,588.6,5297.4,3178.13,2119.2699999999995,40.00585192736059
ORD01984,2025-03-08,CUST0889,P017,3,0.0,Credit Card,Delivered,CMP002,4817,3075.17,14451,0.0,14451.0,9225.51,5225.49,36.16005812746523
ORD01985,2025-01-06,CUST0884,P024,2,0.0,UPI,Shipped,CMP005,972,537.49,1944,0.0,1944.0,1074.98,869.02,44.702674897119344
ORD01986,2025-05-05,CUST0922,P019,2,0.0,Debit Card,Delivered,CMP006,7745,4299.97,15490,0.0,15490.0,8599.94,6890.0599999999995,44.48069722401549
ORD01987,2025-11-10,CUST0235,P007,4,10.0,Credit Card,Shipped,CMP002,5886,3178.13,23544,2354.4,21189.6,12712.52,8477.079999999998,40.00585192736059
ORD01988,2025-11-22,CUST0662,P003,1,5.0,UPI,Delivered,CMP005,5857,3883.91,5857,292.85,5564.15,3883.91,1680.2399999999998,30.197604306138402
ORD01989,2025-02-22,CUST0405,P003,2,0.0,Net Banking,Delivered,CMP001,5857,3883.91,11714,0.0,11714.0,7767.82,3946.1800000000003,33.68772409083148
ORD01990,2025-03-07,CUST0257,P025,3,5.0,Debit Card,Delivered,CMP002,7392,5142.33,22176,1108.8,21067.2,15426.99,5640.210000000001,26.772470950102534
ORD01991,2025-11-10,CUST0677,P018,4,0.0,Credit Card,Shipped,CMP004,6660,5091.78,26640,0.0,26640.0,20367.12,6272.880000000001,23.54684684684685
ORD01992,2025-03-23,CUST0589,P020,2,20.0,Credit Card,Delivered,CMP002,7452,4168.44,14904,2980.8,11923.2,8336.88,3586.3200000000015,30.078502415458946
ORD01993,2025-03-28,CUST0597,P022,4,5.0,Net Banking,Delivered,CMP001,5915,3970.45,23660,1183.0,22477.0,15881.8,6595.200000000001,29.341994038350315
ORD01994,2025-01-02,CUST0558,P014,1,5.0,Net Banking,Shipped,CMP002,6801,4221.32,6801,340.05,6460.95,4221.32,2239.63,34.66409738505948
ORD01995,2025-07-23,CUST0905,P003,3,20.0,UPI,Delivered,CMP006,5857,3883.91,17571,3514.2,14056.8,11651.73,2405.0699999999997,17.109655113539354
ORD01996,2025-05-30,CUST0913,P007,4,10.0,UPI,Delivered,CMP001,5886,3178.13,23544,2354.4,21189.6,12712.52,8477.079999999998,40.00585192736059
ORD01997,2025-10-20,CUST0047,P007,2,15.0,UPI,Delivered,CMP005,5886,3178.13,11772,1765.8,10006.2,6356.26,3649.9400000000005,36.47678439367592
ORD01998,2025-04-13,CUST0213,P005,2,10.0,COD,Cancelled,CMP005,1046,807.54,2092,209.2,1882.8,1615.08,267.72,14.219247928616955
ORD01999,2025-01-24,CUST0479,P003,2,20.0,Debit Card,Shipped,CMP001,5857,3883.91,11714,2342.8,9371.2,7767.82,1603.380000000001,17.109655113539365
ORD02000,2025-07-31,CUST0487,P018,3,0.0,Credit Card,Shipped,CMP002,6660,5091.78,19980,0.0,19980.0,15275.34,4704.66,23.546846846846847
ORD02001,2025-03-06,CUST0571,P015,1,25.0,Debit Card,Delivered,CMP002,5978,4066.66,5978,1494.5,4483.5,4066.66,416.84000000000015,9.297200847552139
ORD02002,2025-07-28,CUST0566,P020,2,20.0,Net Banking,Delivered,CMP001,7452,4168.44,14904,2980.8,11923.2,8336.88,3586.3200000000015,30.078502415458946
ORD02003,2025-09-08,CUST0342,P014,4,10.0,Debit Card,Delivered,CMP001,6801,4221.32,27204,2720.4,24483.6,16885.28,7598.32,31.034325017562775
ORD02004,2025-04-27,CUST0524,P004,2,10.0,Debit Card,Delivered,CMP002,2776,1530.45,5552,555.2,4996.8,3060.9,1935.9,38.74279538904899
ORD02005,2025-04-26,CUST0704,P024,4,10.0,UPI,Delivered,CMP001,972,537.49,3888,388.8,3499.2,2149.96,1349.2399999999998,38.55852766346593
ORD02006,2025-08-25,CUST0503,P008,2,0.0,Net Banking,Delivered,CMP001,3129,1758.81,6258,0.0,6258.0,3517.62,2740.38,43.79002876318312
ORD02007,2025-04-15,CUST0006,P021,1,0.0,Debit Card,Cancelled,CMP003,5045,2967.68,5045,0.0,5045.0,2967.68,2077.32,41.17581764122894
ORD02008,2025-09-16,CUST0821,P013,1,25.0,Credit Card,Returned,CMP002,6435,4995.55,6435,1608.75,4826.25,4995.55,-169.30000000000018,-3.507899507899512
ORD02009,2025-02-15,CUST0144,P022,1,10.0,UPI,Delivered,CMP006,5915,3970.45,5915,591.5,5323.5,3970.45,1353.0500000000002,25.416549262703114
ORD02010,2025-11-07,CUST0858,P008,1,5.0,Debit Card,Delivered,CMP002,3129,1758.81,3129,156.45,2972.55,1758.81,1213.7400000000002,40.831609224403294
ORD02011,2025-11-27,CUST0261,P015,2,15.0,Net Banking,Delivered,CMP004,5978,4066.66,11956,1793.4,10162.6,8133.32,2029.2800000000007,19.968118394898948
ORD02012,2025-08-04,CUST0585,P017,2,10.0,Credit Card,Delivered,CMP006,4817,3075.17,9634,963.4,8670.6,6150.34,2520.26,29.066731252739142
ORD02013,2025-10-28,CUST0686,P005,2,0.0,Net Banking,Delivered,CMP001,1046,807.54,2092,0.0,2092.0,1615.08,476.9200000000001,22.797323135755263
ORD02014,2025-11-29,CUST0232,P020,4,15.0,Net Banking,Delivered,CMP003,7452,4168.44,29808,4471.2,25336.8,16673.76,8663.04,34.191531685137825
ORD02015,2025-01-24,CUST0270,P004,3,15.0,Net Banking,Shipped,CMP003,2776,1530.45,8328,1249.2,7078.8,4591.35,2487.45,35.13943041193423
ORD02016,2025-02-04,CUST0940,P011,1,0.0,COD,Delivered,CMP006,7881,6026.38,7881,0.0,7881.0,6026.38,1854.62,23.53280040603984
ORD02017,2025-01-24,CUST0447,P018,1,25.0,Credit Card,Delivered,CMP004,6660,5091.78,6660,1665.0,4995.0,5091.78,-96.77999999999975,-1.9375375375375326
ORD02018,2025-01-28,CUST0874,P010,1,0.0,Net Banking,Delivered,CMP002,3310,2109.97,3310,0.0,3310.0,2109.97,1200.0300000000002,36.254682779456196
ORD02019,2025-01-16,CUST0222,P017,1,10.0,COD,Delivered,CMP005,4817,3075.17,4817,481.7,4335.3,3075.17,1260.13,29.066731252739142
ORD02020,2025-02-28,CUST0052,P015,2,0.0,UPI,Delivered,CMP004,5978,4066.66,11956,0.0,11956.0,8133.32,3822.6800000000003,31.972900635664104
ORD02021,2025-08-31,CUST0116,P006,3,10.0,COD,Cancelled,CMP002,4933,3611.45,14799,1479.9,13319.1,10834.349999999999,2484.750000000002,18.655539788724475
ORD02022,2025-07-26,CUST0538,P023,1,5.0,UPI,Delivered,CMP005,5137,3830.78,5137,256.85,4880.15,3830.78,1049.3699999999994,21.502822659139564
ORD02023,2025-09-28,CUST0565,P021,4,5.0,COD,Returned,CMP004,5045,2967.68,20180,1009.0,19171.0,11870.72,7300.280000000001,38.07980804339889
ORD02024,2025-09-06,CUST0877,P016,1,15.0,Net Banking,Delivered,CMP001,7713,5310.71,7713,1156.95,6556.05,5310.71,1245.3400000000001,18.995279169621952
ORD02025,2025-09-24,CUST0541,P015,1,0.0,COD,Delivered,CMP006,5978,4066.66,5978,0.0,5978.0,4066.66,1911.3400000000001,31.972900635664104
ORD02026,2025-07-12,CUST0019,P008,1,15.0,COD,Cancelled,CMP003,3129,1758.81,3129,469.35,2659.65,1758.81,900.8400000000001,33.8706220743331
ORD02027,2025-12-01,CUST0815,P009,2,10.0,Net Banking,Delivered,CMP004,1097,712.85,2194,219.4,1974.6,1425.7,548.8999999999999,27.798035045072417
ORD02028,2025-08-06,CUST0392,P011,2,25.0,UPI,Delivered,CMP003,7881,6026.38,15762,3940.5,11821.5,12052.76,-231.26000000000022,-1.9562661252802118
ORD02029,2025-04-25,CUST0791,P002,2,10.0,Net Banking,Delivered,CMP006,6053,3796.4,12106,1210.6,10895.4,7592.8,3302.5999999999995,30.31187473612717
ORD02030,2025-03-09,CUST0629,P013,2,0.0,Credit Card,Delivered,CMP004,6435,4995.55,12870,0.0,12870.0,9991.1,2878.8999999999996,22.369075369075368
ORD02031,2025-10-26,CUST0618,P004,1,0.0,COD,Delivered,CMP004,2776,1530.45,2776,0.0,2776.0,1530.45,1245.55,44.86851585014409
ORD02032,2025-11-21,CUST0419,P009,4,20.0,Credit Card,Returned,CMP006,1097,712.85,4388,877.6,3510.4,2851.4,659.0,18.77278942570647
ORD02033,2025-03-16,CUST0991,P005,1,20.0,Net Banking,Returned,CMP002,1046,807.54,1046,209.2,836.8,807.54,29.25999999999999,3.496653919694072
ORD02034,2025-04-13,CUST0309,P019,1,5.0,Net Banking,Delivered,CMP001,7745,4299.97,7745,387.25,7357.75,4299.97,3057.7799999999997,41.55862865685841
ORD02035,2025-10-24,CUST0739,P022,2,10.0,Debit Card,Delivered,CMP003,5915,3970.45,11830,1183.0,10647.0,7940.9,2706.1000000000004,25.416549262703114
ORD02036,2025-06-27,CUST0864,P003,1,10.0,Credit Card,Returned,CMP003,5857,3883.91,5857,585.7,5271.3,3883.91,1387.3900000000003,26.319693434257207
ORD02037,2025-08-03,CUST0186,P021,4,25.0,Debit Card,Delivered,CMP003,5045,2967.68,20180,5045.0,15135.0,11870.72,3264.2800000000007,21.567756854971922
ORD02038,2025-11-11,CUST0261,P003,1,20.0,Credit Card,Delivered,CMP004,5857,3883.91,5857,1171.4,4685.6,3883.91,801.6900000000005,17.109655113539365
ORD02039,2025-02-08,CUST0528,P006,2,25.0,Debit Card,Delivered,CMP004,4933,3611.45,9866,2466.5,7399.5,7222.9,176.60000000000036,2.386647746469361
ORD02040,2025-09-16,CUST0273,P010,2,20.0,Debit Card,Delivered,CMP003,3310,2109.97,6620,1324.0,5296.0,4219.94,1076.0600000000004,20.31835347432025
ORD02041,2025-07-23,CUST0160,P005,1,20.0,Credit Card,Delivered,CMP006,1046,807.54,1046,209.2,836.8,807.54,29.25999999999999,3.496653919694072
ORD02042,2025-01-07,CUST0870,P025,4,0.0,Net Banking,Delivered,CMP004,7392,5142.33,29568,0.0,29568.0,20569.32,8998.68,30.4338474025974
ORD02043,2025-02-18,CUST0762,P003,4,20.0,UPI,Shipped,CMP006,5857,3883.91,23428,4685.6,18742.4,15535.64,3206.760000000002,17.109655113539365
ORD02044,2025-01-26,CUST0224,P022,1,15.0,Net Banking,Delivered,CMP006,5915,3970.45,5915,887.25,5027.75,3970.45,1057.3000000000002,21.029287454626825
ORD02045,2025-06-10,CUST0256,P024,1,25.0,UPI,Cancelled,CMP001,972,537.49,972,243.0,729.0,537.49,191.51,26.270233196159122
ORD02046,2025-12-23,CUST0180,P007,1,10.0,Credit Card,Delivered,CMP004,5886,3178.13,5886,588.6,5297.4,3178.13,2119.2699999999995,40.00585192736059
ORD02047,2025-06-25,CUST0020,P022,1,0.0,COD,Delivered,CMP002,5915,3970.45,5915,0.0,5915.0,3970.45,1944.5500000000002,32.8748943364328
ORD02048,2025-03-20,CUST0624,P018,1,10.0,Net Banking,Delivered,CMP005,6660,5091.78,6660,666.0,5994.0,5091.78,902.2200000000003,15.052052052052057
ORD02049,2025-01-02,CUST0632,P023,1,15.0,Debit Card,Shipped,CMP005,5137,3830.78,5137,770.55,4366.45,3830.78,535.6699999999996,12.267860619038341
ORD02050,2025-05-12,CUST0706,P008,1,0.0,Net Banking,Delivered,CMP002,3129,1758.81,3129,0.0,3129.0,1758.81,1370.19,43.79002876318312
ORD02051,2025-10-03,CUST0468,P001,3,5.0,Credit Card,Delivered,CMP006,6748,4695.17,20244,1012.2,19231.8,14085.51,5146.289999999999,26.75927370292952
ORD02052,2025-04-27,CUST0623,P025,3,10.0,COD,Delivered,CMP004,7392,5142.33,22176,2217.6,19958.4,15426.99,4531.410000000002,22.704274891774897
ORD02053,2025-06-13,CUST0210,P004,4,5.0,COD,Delivered,CMP006,2776,1530.45,11104,555.2,10548.8,6121.8,4426.999999999999,41.966858789625356
ORD02054,2025-10-15,CUST0513,P024,4,5.0,Net Banking,Delivered,CMP002,972,537.49,3888,194.4,3693.6,2149.96,1543.6399999999999,41.79228936538878
ORD02055,2025-01-28,CUST0058,P007,1,0.0,Net Banking,Delivered,CMP006,5886,3178.13,5886,0.0,5886.0,3178.13,2707.87,46.005266734624534
ORD02056,2025-11-29,CUST0093,P014,3,20.0,Net Banking,Returned,CMP004,6801,4221.32,20403,4080.6,16322.4,12663.96,3658.4400000000005,22.413615644758128
ORD02057,2025-01-01,CUST0221,P013,2,15.0,Credit Card,Delivered,CMP003,6435,4995.55,12870,1930.5,10939.5,9991.1,948.3999999999996,8.669500434206313
ORD02058,2025-07-07,CUST0723,P010,2,0.0,UPI,Delivered,CMP005,3310,2109.97,6620,0.0,6620.0,4219.94,2400.0600000000004,36.254682779456196
ORD02059,2025-02-25,CUST0940,P023,1,15.0,UPI,Returned,CMP004,5137,3830.78,5137,770.55,4366.45,3830.78,535.6699999999996,12.267860619038341
ORD02060,2025-02-04,CUST0232,P018,1,15.0,Debit Card,Delivered,CMP004,6660,5091.78,6660,999.0,5661.0,5091.78,569.2200000000003,10.055113937466883
ORD02061,2025-04-22,CUST0774,P001,4,0.0,Credit Card,Cancelled,CMP002,6748,4695.17,26992,0.0,26992.0,18780.68,8211.32,30.421310017783043
ORD02062,2025-10-13,CUST0364,P004,1,5.0,COD,Delivered,CMP005,2776,1530.45,2776,138.8,2637.2,1530.45,1106.7499999999998,41.966858789625356
ORD02063,2025-11-06,CUST0615,P016,3,10.0,Debit Card,Cancelled,CMP004,7713,5310.71,23139,2313.9,20825.1,15932.130000000001,4892.9699999999975,23.49554143797628
ORD02064,2025-02-05,CUST0562,P016,1,10.0,COD,Delivered,CMP005,7713,5310.71,7713,771.3,6941.7,5310.71,1630.9899999999998,23.495541437976286
ORD02065,2025-08-05,CUST0374,P018,3,15.0,COD,Delivered,CMP002,6660,5091.78,19980,2997.0,16983.0,15275.34,1707.6599999999999,10.055113937466878
ORD02066,2025-03-21,CUST0622,P008,4,5.0,Net Banking,Delivered,CMP002,3129,1758.81,12516,625.8,11890.2,7035.24,4854.960000000001,40.831609224403294
ORD02067,2025-11-10,CUST0456,P010,2,0.0,COD,Delivered,CMP001,3310,2109.97,6620,0.0,6620.0,4219.94,2400.0600000000004,36.254682779456196
ORD02068,2025-03-24,CUST0088,P016,1,25.0,COD,Delivered,CMP005,7713,5310.71,7713,1928.25,5784.75,5310.71,474.03999999999996,8.194649725571546
ORD02069,2025-03-06,CUST0020,P023,4,0.0,Credit Card,Cancelled,CMP002,5137,3830.78,20548,0.0,20548.0,15323.12,5224.879999999999,25.427681526182592
ORD02070,2025-11-21,CUST0014,P024,4,15.0,Net Banking,Delivered,CMP002,972,537.49,3888,583.2,3304.8,2149.96,1154.8400000000001,34.9443234083757
ORD02071,2025-05-08,CUST0133,P011,2,0.0,Net Banking,Shipped,CMP004,7881,6026.38,15762,0.0,15762.0,12052.76,3709.24,23.53280040603984
ORD02072,2025-11-03,CUST0937,P006,3,5.0,Debit Card,Delivered,CMP002,4933,3611.45,14799,739.95,14059.05,10834.349999999999,3224.7000000000007,22.936827168265285
ORD02073,2025-01-22,CUST0808,P001,2,10.0,Net Banking,Delivered,CMP006,6748,4695.17,13496,1349.6,12146.4,9390.34,2756.0599999999995,22.69034446420338
ORD02074,2025-08-04,CUST0034,P012,2,0.0,UPI,Delivered,CMP003,5080,2793.69,10160,0.0,10160.0,5587.38,4572.62,45.00610236220473
ORD02075,2025-04-17,CUST0892,P025,4,10.0,Credit Card,Delivered,CMP006,7392,5142.33,29568,2956.8,26611.2,20569.32,6041.880000000001,22.704274891774894
ORD02076,2025-04-19,CUST0208,P006,4,0.0,Debit Card,Delivered,CMP001,4933,3611.45,19732,0.0,19732.0,14445.8,5286.200000000001,26.78998580985202
ORD02077,2025-12-23,CUST0813,P013,1,10.0,UPI,Cancelled,CMP002,6435,4995.55,6435,643.5,5791.5,4995.55,795.9499999999998,13.743417076750408
ORD02078,2025-06-30,CUST0199,P017,3,10.0,COD,Delivered,CMP003,4817,3075.17,14451,1445.1,13005.9,9225.51,3780.3899999999994,29.066731252739135
ORD02079,2025-12-22,CUST0592,P001,1,0.0,UPI,Delivered,CMP005,6748,4695.17,6748,0.0,6748.0,4695.17,2052.83,30.421310017783043
ORD02080,2025-06-13,CUST0583,P008,2,,Debit Card,Delivered,CMP002,3129,1758.81,6258,1251.6,5006.4,3517.62,1488.7799999999997,29.737535953978906
ORD02081,2025-03-09,CUST0155,P022,1,0.0,Net Banking,Delivered,CMP002,5915,3970.45,5915,0.0,5915.0,3970.45,1944.5500000000002,32.8748943364328
ORD02082,2025-10-19,CUST0590,P008,4,0.0,Credit Card,Cancelled,CMP006,3129,1758.81,12516,0.0,12516.0,7035.24,5480.76,43.79002876318312
ORD02083,2025-06-29,CUST0078,P024,3,10.0,Debit Card,Delivered,CMP001,972,537.49,2916,291.6,2624.4,1612.47,1011.9300000000001,38.55852766346594
ORD02084,2025-06-30,CUST0172,P011,1,10.0,UPI,Delivered,CMP005,7881,6026.38,7881,788.1,7092.9,6026.38,1066.5199999999995,15.036444895599818
ORD02085,2025-06-18,CUST0289,P014,3,10.0,UPI,Delivered,CMP004,6801,4221.32,20403,2040.3,18362.7,12663.96,5698.740000000002,31.034325017562786
ORD02086,2025-01-22,CUST0545,P024,3,0.0,Debit Card,Delivered,CMP001,972,537.49,2916,0.0,2916.0,1612.47,1303.53,44.702674897119344
ORD02087,2025-03-07,CUST0812,P010,2,15.0,Debit Card,Delivered,CMP004,3310,2109.97,6620,993.0,5627.0,4219.94,1407.0600000000004,25.005509152301407
ORD02088,2025-01-21,CUST0788,P015,1,10.0,Debit Card,Delivered,CMP004,5978,4066.66,5978,597.8,5380.2,4066.66,1313.54,24.41433403962678
ORD02089,2025-04-10,CUST0879,P007,1,0.0,Net Banking,Cancelled,CMP002,5886,3178.13,5886,0.0,5886.0,3178.13,2707.87,46.005266734624534
ORD02090,2025-10-27,CUST0420,P007,1,5.0,Debit Card,Delivered,CMP002,5886,3178.13,5886,294.3,5591.7,3178.13,2413.5699999999997,43.16343866802582
ORD02091,2025-04-13,CUST0007,P010,3,15.0,COD,Delivered,CMP005,3310,2109.97,9930,1489.5,8440.5,6329.91,2110.59,25.005509152301407
ORD02092,2025-02-16,CUST0160,P004,2,10.0,Credit Card,Cancelled,CMP002,2776,1530.45,5552,555.2,4996.8,3060.9,1935.9,38.74279538904899
ORD02093,2025-02-08,CUST0240,P025,1,0.0,Credit Card,Delivered,CMP003,7392,5142.33,7392,0.0,7392.0,5142.33,2249.67,30.4338474025974
ORD02094,2025-10-12,CUST0963,P018,1,5.0,COD,Cancelled,CMP004,6660,5091.78,6660,333.0,6327.0,5091.78,1235.2200000000003,19.52299668089142
ORD02095,2025-11-06,CUST0423,P025,1,0.0,UPI,Delivered,CMP001,7392,5142.33,7392,0.0,7392.0,5142.33,2249.67,30.4338474025974
ORD02096,2025-03-31,CUST0989,P010,2,10.0,UPI,Delivered,CMP006,3310,2109.97,6620,662.0,5958.0,4219.94,1738.0600000000004,29.171869754951334
ORD02097,2025-03-26,CUST0536,P019,1,20.0,UPI,Delivered,CMP002,7745,4299.97,7745,1549.0,6196.0,4299.97,1896.0299999999997,30.600871530019365
ORD02098,2025-09-30,CUST0726,P014,3,10.0,UPI,Delivered,CMP002,6801,4221.32,20403,2040.3,18362.7,12663.96,5698.740000000002,31.034325017562786
ORD02099,2025-12-02,CUST0070,P013,3,10.0,Net Banking,Cancelled,CMP004,6435,4995.55,19305,1930.5,17374.5,14986.650000000001,2387.8499999999985,13.743417076750402
ORD02100,2025-07-07,CUST0880,P015,1,20.0,COD,Delivered,CMP001,5978,4066.66,5978,1195.6,4782.4,4066.66,715.7399999999998,14.966125794580124
ORD02101,2025-06-08,CUST0216,P016,2,10.0,Credit Card,Shipped,CMP004,7713,5310.71,15426,1542.6,13883.4,10621.42,3261.9799999999996,23.495541437976286
ORD02102,2025-08-31,CUST0104,P002,2,10.0,COD,Delivered,CMP006,6053,3796.4,12106,1210.6,10895.4,7592.8,3302.5999999999995,30.31187473612717
ORD02103,2025-03-14,CUST0727,P004,1,5.0,Credit Card,Delivered,CMP002,2776,1530.45,2776,138.8,2637.2,1530.45,1106.7499999999998,41.966858789625356
ORD02104,2025-02-18,CUST0054,P021,2,10.0,UPI,Shipped,CMP002,5045,2967.68,10090,1009.0,9081.0,5935.36,3145.6400000000003,34.639797379143275
ORD02105,2025-04-11,CUST0806,P018,1,10.0,Net Banking,Delivered,CMP002,6660,5091.78,6660,666.0,5994.0,5091.78,902.2200000000003,15.052052052052057
ORD02106,2025-01-02,CUST0330,P017,1,5.0,Debit Card,Delivered,CMP005,4817,3075.17,4817,240.85,4576.15,3075.17,1500.9799999999996,32.80006118680549
ORD02107,2025-09-01,CUST0848,P010,3,25.0,Debit Card,Delivered,CMP001,3310,2109.97,9930,2482.5,7447.5,6329.91,1117.5900000000001,15.006243705941595
ORD02108,2025-06-25,CUST0203,P021,2,20.0,UPI,Delivered,CMP002,5045,2967.68,10090,2018.0,8072.0,5935.36,2136.6400000000003,26.46977205153618
ORD02109,2025-08-26,CUST0288,P009,1,15.0,UPI,Shipped,CMP004,1097,712.85,1097,164.55,932.45,712.85,219.60000000000002,23.550860635959033
ORD02110,2025-02-28,CUST0045,P015,1,10.0,COD,Shipped,CMP003,5978,4066.66,5978,597.8,5380.2,4066.66,1313.54,24.41433403962678
ORD02111,2025-12-19,CUST0829,P012,1,10.0,Net Banking,Returned,CMP001,5080,2793.69,5080,508.0,4572.0,2793.69,1778.31,38.89566929133858
ORD02112,2025-04-09,CUST0198,P021,4,0.0,Net Banking,Shipped,CMP006,5045,2967.68,20180,0.0,20180.0,11870.72,8309.28,41.17581764122894
ORD02113,2025-12-25,CUST0216,P009,2,5.0,COD,Delivered,CMP002,1097,712.85,2194,109.7,2084.3,1425.7,658.6000000000001,31.59813846375282
ORD02114,2025-01-02,CUST0481,P014,4,15.0,Net Banking,Delivered,CMP003,6801,4221.32,27204,4080.6,23123.4,16885.28,6238.120000000003,26.977520606831185
ORD02115,2025-08-31,CUST0309,P013,2,10.0,Net Banking,Delivered,CMP001,6435,4995.55,12870,1287.0,11583.0,9991.1,1591.8999999999996,13.743417076750408
ORD02116,2025-10-24,CUST0896,P006,1,20.0,Debit Card,Delivered,CMP006,4933,3611.45,4933,986.6,3946.4,3611.45,334.9500000000003,8.487482262315028
ORD02117,2025-07-30,CUST0435,P019,1,0.0,Net Banking,Delivered,CMP002,7745,4299.97,7745,0.0,7745.0,4299.97,3445.0299999999997,44.48069722401549
ORD02118,2025-05-03,CUST0332,P004,1,10.0,UPI,Cancelled,CMP001,2776,1530.45,2776,277.6,2498.4,1530.45,967.95,38.74279538904899
ORD02119,2025-08-17,CUST0696,P020,2,10.0,Debit Card,Shipped,CMP002,7452,4168.44,14904,1490.4,13413.6,8336.88,5076.720000000001,37.847557702630176
ORD02120,2025-03-23,CUST0027,P017,2,10.0,UPI,Delivered,CMP006,4817,3075.17,9634,963.4,8670.6,6150.34,2520.26,29.066731252739142
ORD02121,2025-05-24,CUST0166,P019,2,20.0,UPI,Delivered,CMP001,7745,4299.97,15490,3098.0,12392.0,8599.94,3792.0599999999995,30.600871530019365
ORD02122,2025-05-20,CUST0318,P003,3,25.0,COD,Delivered,CMP001,5857,3883.91,17571,4392.75,13178.25,11651.73,1526.5200000000004,11.583632121108648
ORD02123,2025-01-29,CUST0274,P014,1,0.0,Net Banking,Cancelled,CMP004,6801,4221.32,6801,0.0,6801.0,4221.32,2579.6800000000003,37.930892515806505
ORD02124,2025-09-27,CUST0383,P017,1,0.0,Net Banking,Cancelled,CMP002,4817,3075.17,4817,0.0,4817.0,3075.17,1741.83,36.16005812746523
ORD02125,2025-09-04,CUST0365,P013,4,0.0,Net Banking,Delivered,CMP005,6435,4995.55,25740,0.0,25740.0,19982.2,5757.799999999999,22.369075369075368
ORD02126,2025-01-12,CUST0103,P009,1,15.0,Net Banking,Cancelled,CMP005,1097,712.85,1097,164.55,932.45,712.85,219.60000000000002,23.550860635959033
ORD02127,2025-12-21,CUST0960,P001,1,5.0,Debit Card,Delivered,CMP002,6748,4695.17,6748,337.4,6410.6,4695.17,1715.4300000000003,26.759273702929526
ORD02128,2025-12-03,CUST0503,P025,3,15.0,Credit Card,Delivered,CMP004,7392,5142.33,22176,3326.4,18849.6,15426.99,3422.6099999999988,18.15746753246753
ORD02129,2025-04-16,CUST0845,P017,1,5.0,UPI,Delivered,CMP001,4817,3075.17,4817,240.85,4576.15,3075.17,1500.9799999999996,32.80006118680549
ORD02130,2025-02-01,CUST0373,P016,2,10.0,Credit Card,Delivered,CMP003,7713,5310.71,15426,1542.6,13883.4,10621.42,3261.9799999999996,23.495541437976286
ORD02131,2025-03-15,CUST0616,P018,1,15.0,Credit Card,Delivered,CMP005,6660,5091.78,6660,999.0,5661.0,5091.78,569.2200000000003,10.055113937466883
ORD02132,2025-06-20,CUST0926,P002,2,10.0,Credit Card,Cancelled,CMP003,6053,3796.4,12106,1210.6,10895.4,7592.8,3302.5999999999995,30.31187473612717
ORD02133,2025-12-03,CUST0245,P014,2,10.0,Debit Card,Shipped,CMP001,6801,4221.32,13602,1360.2,12241.8,8442.64,3799.16,31.034325017562775
ORD02134,2025-03-10,CUST0817,P022,1,0.0,Credit Card,Delivered,CMP001,5915,3970.45,5915,0.0,5915.0,3970.45,1944.5500000000002,32.8748943364328
ORD02135,2025-10-28,CUST0169,P023,1,5.0,Debit Card,Returned,CMP006,5137,3830.78,5137,256.85,4880.15,3830.78,1049.3699999999994,21.502822659139564
ORD02136,2025-12-28,CUST0628,P017,1,10.0,COD,Delivered,CMP006,4817,3075.17,4817,481.7,4335.3,3075.17,1260.13,29.066731252739142
ORD02137,2025-05-17,CUST0653,P003,4,10.0,COD,Shipped,CMP002,5857,3883.91,23428,2342.8,21085.2,15535.64,5549.560000000001,26.319693434257207
ORD02138,2025-04-10,CUST0418,P002,4,20.0,COD,Delivered,CMP001,6053,3796.4,24212,4842.4,19369.6,15185.6,4183.999999999998,21.60085907814306
ORD02139,2025-05-26,CUST0356,P008,3,20.0,Debit Card,Delivered,CMP006,3129,1758.81,9387,1877.4,7509.6,5276.43,2233.17,29.737535953978906
ORD02140,2025-01-09,CUST0478,P025,2,15.0,Debit Card,Delivered,CMP003,7392,5142.33,14784,2217.6,12566.4,10284.66,2281.74,18.157467532467532
ORD02141,2025-03-03,CUST0125,P002,4,5.0,UPI,Cancelled,CMP003,6053,3796.4,24212,1210.6,23001.4,15185.6,7815.800000000001,33.9796708026468
ORD02142,2025-07-04,CUST0537,P002,3,15.0,Credit Card,Delivered,CMP005,6053,3796.4,18159,2723.85,15435.15,11389.2,4045.949999999999,26.212573250017
ORD02143,2025-01-29,CUST0706,P009,1,5.0,Net Banking,Delivered,CMP001,1097,712.85,1097,54.85,1042.15,712.85,329.30000000000007,31.59813846375282
ORD02144,2025-04-24,CUST0896,P020,3,0.0,Net Banking,Delivered,CMP004,7452,4168.44,22356,0.0,22356.0,12505.32,9850.68,44.06280193236715
ORD02145,2025-05-23,CUST0612,P021,3,5.0,Credit Card,Delivered,CMP006,5045,2967.68,15135,756.75,14378.25,8903.039999999999,5475.210000000001,38.07980804339889
ORD02146,2025-04-30,CUST0402,P025,1,0.0,Net Banking,Delivered,CMP001,7392,5142.33,7392,0.0,7392.0,5142.33,2249.67,30.4338474025974
ORD02147,2025-06-19,CUST0517,P006,1,5.0,Net Banking,Delivered,CMP004,4933,3611.45,4933,246.65,4686.35,3611.45,1074.9000000000005,22.936827168265292
ORD02148,2025-06-06,CUST0531,P012,1,10.0,Net Banking,Delivered,CMP003,5080,2793.69,5080,508.0,4572.0,2793.69,1778.31,38.89566929133858
ORD02149,2025-12-01,CUST0682,P025,2,25.0,Debit Card,Delivered,CMP006,7392,5142.33,14784,3696.0,11088.0,10284.66,803.3400000000001,7.245129870129871
ORD02150,2025-12-15,CUST0786,P009,2,5.0,Debit Card,Delivered,CMP002,1097,712.85,2194,109.7,2084.3,1425.7,658.6000000000001,31.59813846375282
ORD02151,2025-09-17,CUST0254,P007,1,20.0,Debit Card,Delivered,CMP006,5886,3178.13,5886,1177.2,4708.8,3178.13,1530.67,32.50658341828066
ORD02152,2025-03-23,CUST0121,P012,1,0.0,Credit Card,Delivered,CMP002,5080,2793.69,5080,0.0,5080.0,2793.69,2286.31,45.00610236220473
ORD02153,2025-08-30,CUST0032,P025,2,0.0,COD,Delivered,CMP003,7392,5142.33,14784,0.0,14784.0,10284.66,4499.34,30.4338474025974
ORD02154,2025-06-21,CUST0661,P005,2,10.0,Net Banking,Delivered,CMP002,1046,807.54,2092,209.2,1882.8,1615.08,267.72,14.219247928616955
ORD02155,2025-08-19,CUST0778,P016,1,10.0,UPI,Delivered,CMP006,7713,5310.71,7713,771.3,6941.7,5310.71,1630.9899999999998,23.495541437976286
ORD02156,2025-07-27,CUST0037,P005,4,0.0,Debit Card,Delivered,CMP002,1046,807.54,4184,0.0,4184.0,3230.16,953.8400000000001,22.797323135755263
ORD02157,2025-03-16,CUST0689,P012,2,0.0,UPI,Delivered,CMP006,5080,2793.69,10160,0.0,10160.0,5587.38,4572.62,45.00610236220473
ORD02158,2025-09-27,CUST0342,P024,3,10.0,Net Banking,Delivered,CMP003,972,537.49,2916,291.6,2624.4,1612.47,1011.9300000000001,38.55852766346594
ORD02159,2025-04-24,CUST0013,P020,4,5.0,COD,Delivered,CMP005,7452,4168.44,29808,1490.4,28317.6,16673.76,11643.84,41.11873887617595
ORD02160,2025-03-03,CUST0183,P009,1,15.0,UPI,Delivered,CMP002,1097,712.85,1097,164.55,932.45,712.85,219.60000000000002,23.550860635959033
ORD02161,2025-12-28,CUST0657,P023,4,10.0,Net Banking,Delivered,CMP001,5137,3830.78,20548,2054.8,18493.2,15323.12,3170.08,17.141868362425107
ORD02162,2025-11-16,CUST0265,P007,1,0.0,Net Banking,Delivered,CMP003,5886,3178.13,5886,0.0,5886.0,3178.13,2707.87,46.005266734624534
ORD02163,2025-04-12,CUST0088,P019,1,20.0,Debit Card,Delivered,CMP003,7745,4299.97,7745,1549.0,6196.0,4299.97,1896.0299999999997,30.600871530019365
ORD02164,2025-12-28,CUST0940,P020,3,5.0,COD,Delivered,CMP002,7452,4168.44,22356,1117.8,21238.2,12505.32,8732.880000000001,41.118738876175954
ORD02165,2025-07-29,CUST0462,P023,1,15.0,Net Banking,Delivered,CMP004,5137,3830.78,5137,770.55,4366.45,3830.78,535.6699999999996,12.267860619038341
ORD02166,2025-09-12,CUST0046,P011,2,15.0,COD,Shipped,CMP001,7881,6026.38,15762,2364.3,13397.7,12052.76,1344.9400000000005,10.038588712988053
ORD02167,2025-01-20,CUST0392,P021,1,25.0,Debit Card,Delivered,CMP004,5045,2967.68,5045,1261.25,3783.75,2967.68,816.0700000000002,21.567756854971922
ORD02168,2025-02-27,CUST0119,P012,4,10.0,UPI,Delivered,CMP002,5080,2793.69,20320,2032.0,18288.0,11174.76,7113.24,38.89566929133858
ORD02169,2025-04-22,CUST0933,P003,2,10.0,Credit Card,Delivered,CMP001,5857,3883.91,11714,1171.4,10542.6,7767.82,2774.7800000000007,26.319693434257207
ORD02170,2025-11-09,CUST0531,P017,3,5.0,Credit Card,Delivered,CMP006,4817,3075.17,14451,722.55,13728.45,9225.51,4502.9400000000005,32.80006118680551
ORD02171,2025-07-15,CUST0447,P007,3,10.0,Credit Card,Delivered,CMP003,5886,3178.13,17658,1765.8,15892.2,9534.39,6357.810000000001,40.005851927360595
ORD02172,2025-12-19,CUST0732,P022,2,10.0,COD,Delivered,CMP005,5915,3970.45,11830,1183.0,10647.0,7940.9,2706.1000000000004,25.416549262703114
ORD02173,2025-04-02,CUST0942,P010,1,10.0,Credit Card,Delivered,CMP001,3310,2109.97,3310,331.0,2979.0,2109.97,869.0300000000002,29.171869754951334
ORD02174,2025-02-21,CUST0745,P023,1,20.0,UPI,Cancelled,CMP001,5137,3830.78,5137,1027.4,4109.6,3830.78,278.82000000000016,6.784601907728249
ORD02175,2025-10-20,CUST0606,P015,2,0.0,Net Banking,Delivered,CMP003,5978,4066.66,11956,0.0,11956.0,8133.32,3822.6800000000003,31.972900635664104
ORD02176,2025-01-08,CUST0967,P002,4,20.0,COD,Delivered,CMP002,6053,3796.4,24212,4842.4,19369.6,15185.6,4183.999999999998,21.60085907814306
ORD02177,2025-10-27,CUST0763,P013,2,20.0,UPI,Delivered,CMP001,6435,4995.55,12870,2574.0,10296.0,9991.1,304.89999999999964,2.961344211344208
ORD02178,2025-04-08,CUST0762,P004,4,10.0,COD,Delivered,CMP002,2776,1530.45,11104,1110.4,9993.6,6121.8,3871.8,38.74279538904899
ORD02179,2025-08-24,CUST0794,P018,1,10.0,COD,Delivered,CMP002,6660,5091.78,6660,666.0,5994.0,5091.78,902.2200000000003,15.052052052052057
ORD02180,2025-03-10,CUST0744,P024,1,5.0,COD,Delivered,CMP002,972,537.49,972,48.6,923.4,537.49,385.90999999999997,41.79228936538878
ORD02181,2025-02-14,CUST0046,P023,3,25.0,Debit Card,Delivered,CMP006,5137,3830.78,15411,3852.75,11558.25,11492.34,65.90999999999985,0.5702420349101279
ORD02182,2025-05-17,CUST0886,P001,3,0.0,Net Banking,Delivered,CMP003,6748,4695.17,20244,0.0,20244.0,14085.51,6158.49,30.421310017783043
ORD02183,2025-08-22,CUST0508,P002,1,10.0,Credit Card,Delivered,CMP004,6053,3796.4,6053,605.3,5447.7,3796.4,1651.2999999999997,30.31187473612717
ORD02184,2025-02-01,CUST0558,P002,2,15.0,Debit Card,Delivered,CMP001,6053,3796.4,12106,1815.9,10290.1,7592.8,2697.3,26.21257325001701
ORD02185,2025-10-16,CUST0971,P004,3,20.0,Net Banking,Delivered,CMP005,2776,1530.45,8328,1665.6,6662.4,4591.35,2071.0499999999993,31.08564481268011
ORD02186,2025-05-06,CUST0526,P003,2,15.0,Credit Card,Shipped,CMP002,5857,3883.91,11714,1757.1,9956.9,7767.82,2189.08,21.985557753919394
ORD02187,2025-03-08,CUST0597,P017,1,10.0,Debit Card,Returned,CMP002,4817,3075.17,4817,481.7,4335.3,3075.17,1260.13,29.066731252739142
ORD02188,2025-01-30,CUST0831,P014,4,0.0,Debit Card,Delivered,CMP001,6801,4221.32,27204,0.0,27204.0,16885.28,10318.720000000001,37.930892515806505
ORD02189,2025-04-24,CUST0840,P002,1,5.0,UPI,Delivered,CMP003,6053,3796.4,6053,302.65,5750.35,3796.4,1953.9500000000003,33.9796708026468
ORD02190,2025-07-23,CUST0003,P016,2,0.0,Debit Card,Delivered,CMP006,7713,5310.71,15426,0.0,15426.0,10621.42,4804.58,31.145987294178656
ORD02191,2025-01-29,CUST0028,P011,3,20.0,COD,Delivered,CMP002,7881,6026.38,23643,4728.6,18914.4,18079.14,835.260000000002,4.416000507549814
ORD02192,2025-05-11,CUST0381,P025,4,15.0,Debit Card,Delivered,CMP006,7392,5142.33,29568,4435.2,25132.8,20569.32,4563.48,18.157467532467532
ORD02193,2025-07-04,CUST0157,P013,2,15.0,COD,Delivered,CMP006,6435,4995.55,12870,1930.5,10939.5,9991.1,948.3999999999996,8.669500434206313
ORD02194,2025-09-10,CUST0855,P001,1,10.0,Net Banking,Delivered,CMP001,6748,4695.17,6748,674.8,6073.2,4695.17,1378.0299999999997,22.69034446420338
ORD02195,2025-10-13,CUST0914,P025,3,10.0,Net Banking,Delivered,CMP002,7392,5142.33,22176,2217.6,19958.4,15426.99,4531.410000000002,22.704274891774897
ORD02196,2025-03-03,CUST0931,P023,2,0.0,COD,Delivered,CMP006,5137,3830.78,10274,0.0,10274.0,7661.56,2612.4399999999996,25.427681526182592
ORD02197,2025-01-03,CUST0511,P002,4,5.0,UPI,Delivered,CMP001,6053,3796.4,24212,1210.6,23001.4,15185.6,7815.800000000001,33.9796708026468
ORD02198,2025-03-09,CUST0333,P002,2,0.0,UPI,Delivered,CMP005,6053,3796.4,12106,0.0,12106.0,7592.8,4513.2,37.280687262514455
ORD02199,2025-01-25,CUST0844,P021,3,15.0,Net Banking,Delivered,CMP006,5045,2967.68,15135,2270.25,12864.75,8903.039999999999,3961.710000000001,30.795079577916407
ORD02200,2025-06-28,CUST0687,P005,1,0.0,Debit Card,Delivered,CMP005,1046,807.54,1046,0.0,1046.0,807.54,238.46000000000004,22.797323135755263
ORD02201,2025-05-21,CUST0114,P004,1,15.0,Net Banking,Delivered,CMP005,2776,1530.45,2776,416.4,2359.6,1530.45,829.1499999999999,35.13943041193422
ORD02202,2025-08-19,CUST0389,P012,4,15.0,Net Banking,Delivered,CMP005,5080,2793.69,20320,3048.0,17272.0,11174.76,6097.24,35.301296896711435
ORD02203,2025-10-27,CUST0487,P003,4,10.0,COD,Cancelled,CMP004,5857,3883.91,23428,2342.8,21085.2,15535.64,5549.560000000001,26.319693434257207
ORD02204,2025-06-12,CUST0843,P020,2,0.0,UPI,Delivered,CMP003,7452,4168.44,14904,0.0,14904.0,8336.88,6567.120000000001,44.06280193236716
ORD02205,2025-11-07,CUST0250,P010,3,5.0,COD,Delivered,CMP001,3310,2109.97,9930,496.5,9433.5,6329.91,3103.59,32.8996660836381
ORD02206,2025-05-10,CUST0571,P020,1,5.0,Net Banking,Delivered,CMP005,7452,4168.44,7452,372.6,7079.4,4168.44,2910.96,41.11873887617595
ORD02207,2025-09-03,CUST0715,P018,3,15.0,Credit Card,Returned,CMP006,6660,5091.78,19980,2997.0,16983.0,15275.34,1707.6599999999999,10.055113937466878
ORD02208,2025-10-24,CUST0315,P021,1,0.0,Debit Card,Delivered,CMP003,5045,2967.68,5045,0.0,5045.0,2967.68,2077.32,41.17581764122894
ORD02209,2025-06-21,CUST0239,P021,2,15.0,Net Banking,Delivered,CMP003,5045,2967.68,10090,1513.5,8576.5,5935.36,2641.1400000000003,30.7950795779164
ORD02210,2025-03-05,CUST0234,P021,1,15.0,COD,Delivered,CMP003,5045,2967.68,5045,756.75,4288.25,2967.68,1320.5700000000002,30.7950795779164
ORD02211,2025-01-31,CUST0303,P010,4,0.0,Credit Card,Shipped,CMP006,3310,2109.97,13240,0.0,13240.0,8439.88,4800.120000000001,36.254682779456196
ORD02212,2025-02-16,CUST0607,P001,1,15.0,Credit Card,Delivered,CMP001,6748,4695.17,6748,1012.2,5735.8,4695.17,1040.63,18.142717667980058
ORD02213,2025-05-10,CUST0991,P006,1,10.0,Net Banking,Delivered,CMP004,4933,3611.45,4933,493.3,4439.7,3611.45,828.25,18.655539788724465
ORD02214,2025-12-18,CUST0653,P011,2,15.0,UPI,Delivered,CMP006,7881,6026.38,15762,2364.3,13397.7,12052.76,1344.9400000000005,10.038588712988053
ORD02215,2025-11-29,CUST0334,P002,2,0.0,Credit Card,Delivered,CMP001,6053,3796.4,12106,0.0,12106.0,7592.8,4513.2,37.280687262514455
ORD02216,2025-04-20,CUST0113,P007,2,0.0,Debit Card,Delivered,CMP006,5886,3178.13,11772,0.0,11772.0,6356.26,5415.74,46.005266734624534
ORD02217,2025-03-10,CUST0621,P020,1,0.0,COD,Delivered,CMP006,7452,4168.44,7452,0.0,7452.0,4168.44,3283.5600000000004,44.06280193236716
ORD02218,2025-02-27,CUST0362,P021,1,5.0,COD,Cancelled,CMP006,5045,2967.68,5045,252.25,4792.75,2967.68,1825.0700000000002,38.07980804339889
ORD02219,2025-04-16,CUST0857,P021,1,15.0,COD,Delivered,CMP003,5045,2967.68,5045,756.75,4288.25,2967.68,1320.5700000000002,30.7950795779164
ORD02220,2025-10-27,CUST0801,P021,2,15.0,Net Banking,Delivered,CMP003,5045,2967.68,10090,1513.5,8576.5,5935.36,2641.1400000000003,30.7950795779164
ORD02221,2025-11-26,CUST0097,P018,1,20.0,COD,Delivered,CMP004,6660,5091.78,6660,1332.0,5328.0,5091.78,236.22000000000025,4.4335585585585635
ORD02222,2025-09-13,CUST0958,P021,1,0.0,COD,Delivered,CMP002,5045,2967.68,5045,0.0,5045.0,2967.68,2077.32,41.17581764122894
ORD02223,2025-11-08,CUST0847,P019,1,0.0,Debit Card,Delivered,CMP001,7745,4299.97,7745,0.0,7745.0,4299.97,3445.0299999999997,44.48069722401549
ORD02224,2025-06-20,CUST0016,P004,1,15.0,UPI,Delivered,CMP006,2776,1530.45,2776,416.4,2359.6,1530.45,829.1499999999999,35.13943041193422
ORD02225,2025-06-11,CUST0556,P013,1,5.0,Net Banking,Delivered,CMP004,6435,4995.55,6435,321.75,6113.25,4995.55,1117.6999999999998,18.283237230605646
ORD02226,2025-10-13,CUST0954,P018,2,5.0,Net Banking,Delivered,CMP002,6660,5091.78,13320,666.0,12654.0,10183.56,2470.4400000000005,19.52299668089142
ORD02227,2025-03-12,CUST0376,P020,3,10.0,COD,Shipped,CMP001,7452,4168.44,22356,2235.6,20120.4,12505.32,7615.080000000002,37.847557702630176
ORD02228,2025-09-12,CUST0742,P025,2,0.0,Debit Card,Cancelled,CMP005,7392,5142.33,14784,0.0,14784.0,10284.66,4499.34,30.4338474025974
ORD02229,2025-02-24,CUST0390,P024,1,10.0,Credit Card,Delivered,CMP006,972,537.49,972,97.2,874.8,537.49,337.30999999999995,38.55852766346593
ORD02230,2025-11-19,CUST0620,P013,1,5.0,COD,Delivered,CMP003,6435,4995.55,6435,321.75,6113.25,4995.55,1117.6999999999998,18.283237230605646
ORD02231,2025-01-03,CUST0217,P019,3,10.0,COD,Returned,CMP001,7745,4299.97,23235,2323.5,20911.5,12899.91,8011.59,38.31188580446166
ORD02232,2025-01-26,CUST0399,P017,1,20.0,Net Banking,Delivered,CMP004,4817,3075.17,4817,963.4,3853.6,3075.17,778.4299999999998,20.200072659331532
ORD02233,2025-11-09,CUST0260,P001,2,0.0,Net Banking,Delivered,CMP002,6748,4695.17,13496,0.0,13496.0,9390.34,4105.66,30.421310017783043
ORD02234,2025-05-06,CUST0824,P006,1,20.0,COD,Delivered,CMP001,4933,3611.45,4933,986.6,3946.4,3611.45,334.9500000000003,8.487482262315028
ORD02235,2025-02-22,CUST0320,P019,1,10.0,Net Banking,Delivered,CMP003,7745,4299.97,7745,774.5,6970.5,4299.97,2670.5299999999997,38.31188580446165
ORD02236,2025-07-17,CUST0196,P020,1,20.0,Debit Card,Returned,CMP003,7452,4168.44,7452,1490.4,5961.6,4168.44,1793.1600000000008,30.078502415458946
ORD02237,2025-10-26,CUST0478,P001,2,0.0,Credit Card,Returned,CMP003,6748,4695.17,13496,0.0,13496.0,9390.34,4105.66,30.421310017783043
ORD02238,2025-07-07,CUST0418,P008,2,10.0,Credit Card,Delivered,CMP005,3129,1758.81,6258,625.8,5632.2,3517.62,2114.58,37.544476403536805
ORD02239,2025-07-05,CUST0475,P017,4,5.0,Credit Card,Delivered,CMP003,4817,3075.17,19268,963.4,18304.6,12300.68,6003.919999999998,32.80006118680549
ORD02240,2025-11-01,CUST0607,P021,2,15.0,COD,Delivered,CMP006,5045,2967.68,10090,1513.5,8576.5,5935.36,2641.1400000000003,30.7950795779164
ORD02241,2025-10-25,CUST0568,P022,4,10.0,COD,Delivered,CMP005,5915,3970.45,23660,2366.0,21294.0,15881.8,5412.200000000001,25.416549262703114
ORD02242,2025-07-23,CUST0544,P015,3,10.0,COD,Delivered,CMP004,5978,4066.66,17934,1793.4,16140.6,12199.98,3940.620000000001,24.414334039626784
ORD02243,2025-01-11,CUST0231,P018,1,20.0,Debit Card,Shipped,CMP001,6660,5091.78,6660,1332.0,5328.0,5091.78,236.22000000000025,4.4335585585585635
ORD02244,2025-12-25,CUST0884,P007,4,5.0,Credit Card,Delivered,CMP006,5886,3178.13,23544,1177.2,22366.8,12712.52,9654.279999999999,43.16343866802582
ORD02245,2025-12-20,CUST0521,P016,2,0.0,Net Banking,Delivered,CMP006,7713,5310.71,15426,0.0,15426.0,10621.42,4804.58,31.145987294178656
ORD02246,2025-05-26,CUST0703,P007,2,10.0,Net Banking,Delivered,CMP002,5886,3178.13,11772,1177.2,10594.8,6356.26,4238.539999999999,40.00585192736059
ORD02247,2025-03-26,CUST0873,P017,1,10.0,UPI,Shipped,CMP003,4817,3075.17,4817,481.7,4335.3,3075.17,1260.13,29.066731252739142
ORD02248,2025-04-10,CUST0200,P004,1,10.0,UPI,Delivered,CMP002,2776,1530.45,2776,277.6,2498.4,1530.45,967.95,38.74279538904899
ORD02249,2025-04-14,CUST0846,P012,4,10.0,Net Banking,Delivered,CMP001,5080,2793.69,20320,2032.0,18288.0,11174.76,7113.24,38.89566929133858
ORD02250,2025-02-15,CUST0673,P013,4,25.0,Credit Card,Delivered,CMP003,6435,4995.55,25740,6435.0,19305.0,19982.2,-677.2000000000007,-3.507899507899512
ORD02251,2025-02-13,CUST0599,P004,1,15.0,COD,Delivered,CMP001,2776,1530.45,2776,416.4,2359.6,1530.45,829.1499999999999,35.13943041193422
ORD02252,2025-10-05,CUST0021,P021,4,0.0,Net Banking,Delivered,CMP002,5045,2967.68,20180,0.0,20180.0,11870.72,8309.28,41.17581764122894
ORD02253,2025-06-30,CUST0311,P001,4,0.0,Net Banking,Returned,CMP003,6748,4695.17,26992,0.0,26992.0,18780.68,8211.32,30.421310017783043
ORD02254,2025-07-06,CUST0588,P001,1,25.0,UPI,Delivered,CMP006,6748,4695.17,6748,1687.0,5061.0,4695.17,365.8299999999999,7.228413357044062
ORD02255,2025-04-24,CUST0953,P007,2,15.0,Credit Card,Delivered,CMP005,5886,3178.13,11772,1765.8,10006.2,6356.26,3649.9400000000005,36.47678439367592
ORD02256,2025-09-12,CUST0898,P009,3,20.0,Net Banking,Cancelled,CMP006,1097,712.85,3291,658.2,2632.8,2138.55,494.25,18.77278942570647
ORD02257,2025-01-30,CUST0653,P001,1,5.0,COD,Cancelled,CMP003,6748,4695.17,6748,337.4,6410.6,4695.17,1715.4300000000003,26.759273702929526
ORD02258,2025-09-21,CUST0638,P016,1,15.0,COD,Delivered,CMP003,7713,5310.71,7713,1156.95,6556.05,5310.71,1245.3400000000001,18.995279169621952
ORD02259,2025-04-08,CUST0763,P018,1,15.0,Debit Card,Delivered,CMP005,6660,5091.78,6660,999.0,5661.0,5091.78,569.2200000000003,10.055113937466883
ORD02260,2025-11-09,CUST0900,P022,2,5.0,COD,Shipped,CMP004,5915,3970.45,11830,591.5,11238.5,7940.9,3297.6000000000004,29.341994038350315
ORD02261,2025-11-25,CUST0596,P015,1,10.0,Net Banking,Delivered,CMP002,5978,4066.66,5978,597.8,5380.2,4066.66,1313.54,24.41433403962678
ORD02262,2025-04-25,CUST0434,P006,2,10.0,Net Banking,Delivered,CMP003,4933,3611.45,9866,986.6,8879.4,7222.9,1656.5,18.655539788724465
ORD02263,2025-10-03,CUST0371,P002,1,10.0,COD,Delivered,CMP006,6053,3796.4,6053,605.3,5447.7,3796.4,1651.2999999999997,30.31187473612717
ORD02264,2025-10-08,CUST0560,P009,1,15.0,UPI,Delivered,CMP001,1097,712.85,1097,164.55,932.45,712.85,219.60000000000002,23.550860635959033
ORD02265,2025-10-02,CUST0891,P004,4,20.0,Credit Card,Delivered,CMP002,2776,1530.45,11104,2220.8,8883.2,6121.8,2761.4000000000005,31.08564481268012
ORD02266,2025-09-18,CUST0078,P013,2,20.0,Net Banking,Delivered,CMP003,6435,4995.55,12870,2574.0,10296.0,9991.1,304.89999999999964,2.961344211344208
ORD02267,2025-11-27,CUST0542,P023,2,15.0,COD,Delivered,CMP006,5137,3830.78,10274,1541.1,8732.9,7661.56,1071.3399999999992,12.267860619038341
ORD02268,2025-07-26,CUST0285,P022,3,10.0,COD,Delivered,CMP001,5915,3970.45,17745,1774.5,15970.5,11911.349999999999,4059.1500000000015,25.41654926270312
ORD02269,2025-11-24,CUST0648,P011,2,5.0,Net Banking,Returned,CMP004,7881,6026.38,15762,788.1,14973.9,12052.76,2921.1399999999994,19.508210953726145
ORD02270,2025-07-30,CUST0140,P013,3,20.0,Debit Card,Returned,CMP001,6435,4995.55,19305,3861.0,15444.0,14986.650000000001,457.34999999999854,2.961344211344202
ORD02271,2025-08-03,CUST0553,P011,3,10.0,Credit Card,Cancelled,CMP003,7881,6026.38,23643,2364.3,21278.7,18079.14,3199.5600000000013,15.036444895599832
ORD02272,2025-02-09,CUST0998,P019,1,0.0,Net Banking,Delivered,CMP003,7745,4299.97,7745,0.0,7745.0,4299.97,3445.0299999999997,44.48069722401549
ORD02273,2025-01-26,CUST0282,P008,1,10.0,COD,Delivered,CMP001,3129,1758.81,3129,312.9,2816.1,1758.81,1057.29,37.544476403536805
ORD02274,2025-01-27,CUST0562,P007,4,0.0,Debit Card,Returned,CMP006,5886,3178.13,23544,0.0,23544.0,12712.52,10831.48,46.005266734624534
ORD02275,2025-07-09,CUST0258,P025,1,15.0,Net Banking,Cancelled,CMP005,7392,5142.33,7392,1108.8,6283.2,5142.33,1140.87,18.157467532467532
ORD02276,2025-03-24,CUST0823,P016,2,5.0,Credit Card,Cancelled,CMP002,7713,5310.71,15426,771.3,14654.7,10621.42,4033.2800000000007,27.52209188860912
ORD02277,2025-06-19,CUST0360,P003,2,5.0,Debit Card,Delivered,CMP001,5857,3883.91,11714,585.7,11128.3,7767.82,3360.4799999999996,30.197604306138402
ORD02278,2025-06-16,CUST0440,P017,4,25.0,COD,Delivered,CMP002,4817,3075.17,19268,4817.0,14451.0,12300.68,2150.3199999999997,14.880077503286968
ORD02279,2025-07-07,CUST0270,P018,2,15.0,UPI,Delivered,CMP006,6660,5091.78,13320,1998.0,11322.0,10183.56,1138.4400000000005,10.055113937466883
ORD02280,2025-06-18,CUST0134,P015,2,15.0,Credit Card,Delivered,CMP001,5978,4066.66,11956,1793.4,10162.6,8133.32,2029.2800000000007,19.968118394898948
ORD02281,2025-10-16,CUST0746,P017,1,10.0,Debit Card,Delivered,CMP002,4817,3075.17,4817,481.7,4335.3,3075.17,1260.13,29.066731252739142
ORD02282,2025-08-17,CUST0640,P011,1,20.0,Net Banking,Delivered,CMP003,7881,6026.38,7881,1576.2,6304.8,6026.38,278.4200000000001,4.416000507549804
ORD02283,2025-04-07,CUST0104,P005,2,15.0,Net Banking,Delivered,CMP001,1046,807.54,2092,313.8,1778.2,1615.08,163.12000000000012,9.173321336182664
ORD02284,2025-01-16,CUST0766,P016,2,10.0,Debit Card,Cancelled,CMP002,7713,5310.71,15426,1542.6,13883.4,10621.42,3261.9799999999996,23.495541437976286
ORD02285,2025-10-06,CUST0095,P015,2,25.0,Net Banking,Delivered,CMP004,5978,4066.66,11956,2989.0,8967.0,8133.32,833.6800000000003,9.297200847552139
ORD02286,2025-05-15,CUST0849,P010,1,0.0,Debit Card,Delivered,CMP002,3310,2109.97,3310,0.0,3310.0,2109.97,1200.0300000000002,36.254682779456196
ORD02287,2025-01-26,CUST0729,P014,2,20.0,Credit Card,Delivered,CMP006,6801,4221.32,13602,2720.4,10881.6,8442.64,2438.960000000001,22.41361564475813
ORD02288,2025-12-18,CUST0573,P002,2,5.0,Net Banking,Returned,CMP006,6053,3796.4,12106,605.3,11500.7,7592.8,3907.9000000000005,33.9796708026468
ORD02289,2025-01-12,CUST0480,P016,2,10.0,Credit Card,Delivered,CMP003,7713,5310.71,15426,1542.6,13883.4,10621.42,3261.9799999999996,23.495541437976286
ORD02290,2025-03-13,CUST0780,P019,3,0.0,COD,Cancelled,CMP003,7745,4299.97,23235,0.0,23235.0,12899.91,10335.09,44.48069722401549
ORD02291,2025-05-13,CUST0241,P008,1,10.0,COD,Delivered,CMP004,3129,1758.81,3129,312.9,2816.1,1758.81,1057.29,37.544476403536805
ORD02292,2025-04-16,CUST0013,P015,2,10.0,COD,Delivered,CMP004,5978,4066.66,11956,1195.6,10760.4,8133.32,2627.08,24.41433403962678
ORD02293,2025-08-08,CUST0147,P010,3,25.0,COD,Delivered,CMP001,3310,2109.97,9930,2482.5,7447.5,6329.91,1117.5900000000001,15.006243705941595
ORD02294,2025-06-26,CUST0940,P005,2,25.0,Net Banking,Returned,CMP001,1046,807.54,2092,523.0,1569.0,1615.08,-46.07999999999993,-2.9369024856596515
ORD02295,2025-10-09,CUST0752,P020,1,25.0,Debit Card,Delivered,CMP006,7452,4168.44,7452,1863.0,5589.0,4168.44,1420.5600000000004,25.41706924315621
ORD02296,2025-05-13,CUST0601,P016,1,5.0,Net Banking,Delivered,CMP002,7713,5310.71,7713,385.65,7327.35,5310.71,2016.6400000000003,27.52209188860912
ORD02297,2025-01-22,CUST0095,P021,3,25.0,Net Banking,Delivered,CMP004,5045,2967.68,15135,3783.75,11351.25,8903.039999999999,2448.210000000001,21.56775685497193
ORD02298,2025-09-26,CUST0827,P022,1,10.0,Credit Card,Delivered,CMP004,5915,3970.45,5915,591.5,5323.5,3970.45,1353.0500000000002,25.416549262703114
ORD02299,2025-06-10,CUST0293,P012,2,20.0,Debit Card,Shipped,CMP001,5080,2793.69,10160,2032.0,8128.0,5587.38,2540.62,31.257627952755907
ORD02300,2025-04-17,CUST0025,P023,1,0.0,UPI,Delivered,CMP005,5137,3830.78,5137,0.0,5137.0,3830.78,1306.2199999999998,25.427681526182592
ORD02301,2025-10-06,CUST0272,P013,1,10.0,UPI,Delivered,CMP006,6435,4995.55,6435,643.5,5791.5,4995.55,795.9499999999998,13.743417076750408
ORD02302,2025-12-19,CUST0505,P009,1,25.0,Debit Card,Delivered,CMP002,1097,712.85,1097,274.25,822.75,712.85,109.89999999999998,13.357642054086902
ORD02303,2025-08-23,CUST0166,P017,1,20.0,UPI,Delivered,CMP006,4817,3075.17,4817,963.4,3853.6,3075.17,778.4299999999998,20.200072659331532
ORD02304,2025-01-18,CUST0939,P020,2,15.0,Debit Card,Delivered,CMP001,7452,4168.44,14904,2235.6,12668.4,8336.88,4331.52,34.191531685137825
ORD02305,2025-08-30,CUST0762,P012,4,15.0,Credit Card,Delivered,CMP005,5080,2793.69,20320,3048.0,17272.0,11174.76,6097.24,35.301296896711435
ORD02306,2025-04-27,CUST0087,P025,4,0.0,Credit Card,Delivered,CMP004,7392,5142.33,29568,0.0,29568.0,20569.32,8998.68,30.4338474025974
ORD02307,2025-10-13,CUST0654,P005,4,15.0,Net Banking,Delivered,CMP004,1046,807.54,4184,627.6,3556.4,3230.16,326.24000000000024,9.173321336182664
ORD02308,2025-10-09,CUST0646,P024,2,10.0,UPI,Cancelled,CMP002,972,537.49,1944,194.4,1749.6,1074.98,674.6199999999999,38.55852766346593
ORD02309,2025-05-24,CUST0985,P012,2,0.0,Debit Card,Delivered,CMP002,5080,2793.69,10160,0.0,10160.0,5587.38,4572.62,45.00610236220473
ORD02310,2025-07-24,CUST0791,P001,2,0.0,Credit Card,Delivered,CMP006,6748,4695.17,13496,0.0,13496.0,9390.34,4105.66,30.421310017783043
ORD02311,2025-02-08,CUST0638,P020,3,0.0,Net Banking,Delivered,CMP003,7452,4168.44,22356,0.0,22356.0,12505.32,9850.68,44.06280193236715
ORD02312,2025-06-03,CUST0828,P016,3,15.0,UPI,Delivered,CMP004,7713,5310.71,23139,3470.85,19668.15,15932.130000000001,3736.0200000000004,18.995279169621952
ORD02313,2025-06-25,CUST0491,P012,1,0.0,UPI,Delivered,CMP006,5080,2793.69,5080,0.0,5080.0,2793.69,2286.31,45.00610236220473
ORD02314,2025-08-29,CUST0908,P009,4,10.0,UPI,Delivered,CMP003,1097,712.85,4388,438.8,3949.2,2851.4,1097.7999999999997,27.798035045072417
ORD02315,2025-05-14,CUST0141,P013,1,5.0,Credit Card,Cancelled,CMP003,6435,4995.55,6435,321.75,6113.25,4995.55,1117.6999999999998,18.283237230605646
ORD02316,2025-02-15,CUST0868,P017,1,10.0,Credit Card,Returned,CMP006,4817,3075.17,4817,481.7,4335.3,3075.17,1260.13,29.066731252739142
ORD02317,2025-02-19,CUST0103,P017,1,15.0,UPI,Cancelled,CMP006,4817,3075.17,4817,722.55,4094.45,3075.17,1019.2799999999997,24.894186032312028
ORD02318,2025-06-15,CUST0226,P004,1,15.0,Credit Card,Delivered,,2776,1530.45,2776,416.4,2359.6,1530.45,829.1499999999999,35.13943041193422
ORD02319,2025-04-16,CUST0902,P014,1,10.0,UPI,Delivered,CMP004,6801,4221.32,6801,680.1,6120.9,4221.32,1899.58,31.034325017562775
ORD02320,2025-08-04,CUST0575,P019,4,10.0,COD,Shipped,CMP006,7745,4299.97,30980,3098.0,27882.0,17199.88,10682.119999999999,38.31188580446165
ORD02321,2025-05-26,CUST0294,P007,1,5.0,Credit Card,Delivered,CMP001,5886,3178.13,5886,294.3,5591.7,3178.13,2413.5699999999997,43.16343866802582
ORD02322,2025-03-13,CUST0896,P003,2,20.0,Debit Card,Delivered,CMP001,5857,3883.91,11714,2342.8,9371.2,7767.82,1603.380000000001,17.109655113539365
ORD02323,2025-11-26,CUST0306,P001,4,5.0,Credit Card,Delivered,CMP003,6748,4695.17,26992,1349.6,25642.4,18780.68,6861.720000000001,26.759273702929526
ORD02324,2025-09-30,CUST0254,P012,2,5.0,UPI,Delivered,CMP002,5080,2793.69,10160,508.0,9652.0,5587.38,4064.62,42.11168669705761
ORD02325,2025-09-04,CUST0180,P015,1,15.0,Debit Card,Delivered,CMP004,5978,4066.66,5978,896.7,5081.3,4066.66,1014.6400000000003,19.968118394898948
ORD02326,2025-07-05,CUST0040,P011,1,5.0,Net Banking,Returned,CMP005,7881,6026.38,7881,394.05,7486.95,6026.38,1460.5699999999997,19.508210953726145
ORD02327,2025-03-11,CUST0776,P010,3,20.0,Debit Card,Delivered,CMP001,3310,2109.97,9930,1986.0,7944.0,6329.91,1614.0900000000001,20.318353474320244
ORD02328,2025-05-30,CUST0701,P002,2,5.0,Debit Card,Delivered,CMP006,6053,3796.4,12106,605.3,11500.7,7592.8,3907.9000000000005,33.9796708026468
ORD02329,2025-09-03,CUST0520,P004,2,15.0,Credit Card,Delivered,CMP002,2776,1530.45,5552,832.8,4719.2,3060.9,1658.2999999999997,35.13943041193422
ORD02330,2025-09-19,CUST0616,P017,2,0.0,Debit Card,Delivered,CMP003,4817,3075.17,9634,0.0,9634.0,6150.34,3483.66,36.16005812746523
ORD02331,2025-01-26,CUST0737,P017,1,5.0,Debit Card,Delivered,CMP002,4817,3075.17,4817,240.85,4576.15,3075.17,1500.9799999999996,32.80006118680549
ORD02332,2025-05-20,CUST0546,P008,1,5.0,UPI,Delivered,CMP005,3129,1758.81,3129,156.45,2972.55,1758.81,1213.7400000000002,40.831609224403294
ORD02333,2025-04-09,CUST0236,P023,1,15.0,Credit Card,Delivered,CMP001,5137,3830.78,5137,770.55,4366.45,3830.78,535.6699999999996,12.267860619038341
ORD02334,2025-10-05,CUST0463,P014,4,25.0,UPI,Delivered,CMP001,6801,4221.32,27204,6801.0,20403.0,16885.28,3517.720000000001,17.241190021075337
ORD02335,2025-02-20,CUST0228,P024,1,10.0,Credit Card,Delivered,CMP006,972,537.49,972,97.2,874.8,537.49,337.30999999999995,38.55852766346593
ORD02336,2025-05-31,CUST0700,P004,1,15.0,Net Banking,Delivered,CMP006,2776,1530.45,2776,416.4,2359.6,1530.45,829.1499999999999,35.13943041193422
ORD02337,2025-04-14,CUST0825,P006,1,15.0,Debit Card,Delivered,CMP002,4933,3611.45,4933,739.95,4193.05,3611.45,581.6000000000004,13.87057154100238
ORD02338,2025-03-30,CUST0483,P019,1,25.0,Credit Card,Delivered,CMP001,7745,4299.97,7745,1936.25,5808.75,4299.97,1508.7799999999997,25.97426296535399
ORD02339,2025-05-21,CUST0430,P024,2,15.0,Debit Card,Delivered,CMP004,972,537.49,1944,291.6,1652.4,1074.98,577.4200000000001,34.9443234083757
ORD02340,2025-08-01,CUST0022,P004,1,0.0,Debit Card,Delivered,CMP004,2776,1530.45,2776,0.0,2776.0,1530.45,1245.55,44.86851585014409
ORD02341,2025-08-21,CUST0343,P003,3,15.0,COD,Delivered,CMP006,5857,3883.91,17571,2635.65,14935.35,11651.73,3283.620000000001,21.985557753919398
ORD02342,2025-07-02,CUST0040,P020,1,10.0,UPI,Delivered,CMP002,7452,4168.44,7452,745.2,6706.8,4168.44,2538.3600000000006,37.847557702630176
ORD02343,2025-09-08,CUST0173,P006,3,0.0,Credit Card,Delivered,CMP002,4933,3611.45,14799,0.0,14799.0,10834.349999999999,3964.6500000000015,26.78998580985203
ORD02344,2025-01-09,CUST0439,P023,2,5.0,Net Banking,Cancelled,CMP004,5137,3830.78,10274,513.7,9760.3,7661.56,2098.739999999999,21.502822659139564
ORD02345,2025-03-20,CUST0179,P007,1,20.0,COD,Delivered,CMP004,5886,3178.13,5886,1177.2,4708.8,3178.13,1530.67,32.50658341828066
ORD02346,2025-02-21,CUST0598,P014,2,20.0,UPI,Delivered,CMP005,6801,4221.32,13602,2720.4,10881.6,8442.64,2438.960000000001,22.41361564475813
ORD02347,2025-09-26,CUST0133,P012,3,15.0,Net Banking,Returned,CMP006,5080,2793.69,15240,2286.0,12954.0,8381.07,4572.93,35.30129689671144
ORD02348,2025-08-14,CUST0351,P016,4,25.0,Net Banking,Delivered,CMP003,7713,5310.71,30852,7713.0,23139.0,21242.84,1896.1599999999999,8.194649725571546
ORD02349,2025-02-20,CUST0525,P020,1,15.0,Debit Card,Delivered,CMP001,7452,4168.44,7452,1117.8,6334.2,4168.44,2165.76,34.191531685137825
ORD02350,2025-07-05,CUST0540,P008,2,0.0,UPI,Delivered,CMP004,3129,1758.81,6258,0.0,6258.0,3517.62,2740.38,43.79002876318312
ORD02351,2025-02-03,CUST0506,P023,4,5.0,COD,Delivered,CMP002,5137,3830.78,20548,1027.4,19520.6,15323.12,4197.479999999998,21.502822659139564
ORD02352,2025-10-18,CUST0084,P002,1,0.0,Credit Card,Delivered,CMP003,6053,3796.4,6053,0.0,6053.0,3796.4,2256.6,37.280687262514455
ORD02353,2025-08-18,CUST0993,P013,1,0.0,Credit Card,Delivered,CMP006,6435,4995.55,6435,0.0,6435.0,4995.55,1439.4499999999998,22.369075369075368
ORD02354,2025-05-11,CUST0464,P008,3,0.0,COD,Delivered,CMP003,3129,1758.81,9387,0.0,9387.0,5276.43,4110.57,43.790028763183116
ORD02355,2025-04-30,CUST0830,P025,2,10.0,Debit Card,Delivered,CMP001,7392,5142.33,14784,1478.4,13305.6,10284.66,3020.9400000000005,22.704274891774894
ORD02356,2025-11-22,CUST0861,P021,2,20.0,Debit Card,Delivered,CMP003,5045,2967.68,10090,2018.0,8072.0,5935.36,2136.6400000000003,26.46977205153618
ORD02357,2025-09-04,CUST0343,P020,2,20.0,Net Banking,Delivered,CMP002,7452,4168.44,14904,2980.8,11923.2,8336.88,3586.3200000000015,30.078502415458946
ORD02358,2025-07-11,CUST0280,P016,1,10.0,UPI,Delivered,CMP001,7713,5310.71,7713,771.3,6941.7,5310.71,1630.9899999999998,23.495541437976286
ORD02359,2025-11-19,CUST0866,P004,1,20.0,Net Banking,Delivered,CMP005,2776,1530.45,2776,555.2,2220.8,1530.45,690.3500000000001,31.08564481268012
ORD02360,2025-07-29,CUST0263,P016,1,10.0,Credit Card,Delivered,CMP004,7713,5310.71,7713,771.3,6941.7,5310.71,1630.9899999999998,23.495541437976286
ORD02361,2025-04-13,CUST0166,P020,2,20.0,COD,Delivered,CMP003,7452,4168.44,14904,2980.8,11923.2,8336.88,3586.3200000000015,30.078502415458946
ORD02362,2025-11-25,CUST0293,P006,1,10.0,UPI,Delivered,CMP003,4933,3611.45,4933,493.3,4439.7,3611.45,828.25,18.655539788724465
ORD02363,2025-05-13,CUST0509,P004,1,5.0,COD,Delivered,CMP002,2776,1530.45,2776,138.8,2637.2,1530.45,1106.7499999999998,41.966858789625356
ORD02364,2025-11-19,CUST0580,P016,4,20.0,UPI,Delivered,CMP001,7713,5310.71,30852,6170.4,24681.6,21242.84,3438.7599999999984,13.932484117723318
ORD02365,2025-05-19,CUST0226,P023,3,5.0,Credit Card,Delivered,CMP002,5137,3830.78,15411,770.55,14640.45,11492.34,3148.1100000000006,21.50282265913958
ORD02366,2025-05-01,CUST0170,P023,1,10.0,Credit Card,Delivered,CMP005,5137,3830.78,5137,513.7,4623.3,3830.78,792.52,17.141868362425107
ORD02367,2025-04-04,CUST0598,P021,4,5.0,UPI,Cancelled,CMP005,5045,2967.68,20180,1009.0,19171.0,11870.72,7300.280000000001,38.07980804339889
ORD02368,2025-05-09,CUST0645,P013,2,10.0,Debit Card,Returned,CMP006,6435,4995.55,12870,1287.0,11583.0,9991.1,1591.8999999999996,13.743417076750408
ORD02369,2025-04-01,CUST0448,P005,4,25.0,UPI,Cancelled,CMP004,1046,807.54,4184,1046.0,3138.0,3230.16,-92.15999999999985,-2.9369024856596515
ORD02370,2025-04-02,CUST0690,P015,1,0.0,Credit Card,Delivered,CMP003,5978,4066.66,5978,0.0,5978.0,4066.66,1911.3400000000001,31.972900635664104
ORD02371,2025-03-04,CUST0855,P008,2,20.0,COD,Shipped,CMP002,3129,1758.81,6258,1251.6,5006.4,3517.62,1488.7799999999997,29.737535953978906
ORD02372,2025-01-29,CUST0502,P007,1,0.0,Net Banking,Delivered,CMP001,5886,3178.13,5886,0.0,5886.0,3178.13,2707.87,46.005266734624534
ORD02373,2025-07-29,CUST0764,P014,1,5.0,COD,Delivered,CMP004,6801,4221.32,6801,340.05,6460.95,4221.32,2239.63,34.66409738505948
ORD02374,2025-01-12,CUST0527,P007,2,0.0,Credit Card,Shipped,CMP003,5886,3178.13,11772,0.0,11772.0,6356.26,5415.74,46.005266734624534
ORD02375,2025-11-29,CUST0735,P022,1,15.0,COD,Cancelled,CMP005,5915,3970.45,5915,887.25,5027.75,3970.45,1057.3000000000002,21.029287454626825
ORD02376,2025-10-24,CUST0379,P007,4,0.0,Debit Card,Delivered,CMP003,5886,3178.13,23544,0.0,23544.0,12712.52,10831.48,46.005266734624534
ORD02377,2025-05-10,CUST0201,P023,1,10.0,Debit Card,Cancelled,CMP006,5137,3830.78,5137,513.7,4623.3,3830.78,792.52,17.141868362425107
ORD02378,2025-10-20,CUST0619,P018,1,5.0,UPI,Delivered,CMP003,6660,5091.78,6660,333.0,6327.0,5091.78,1235.2200000000003,19.52299668089142
ORD02379,2025-06-22,CUST0250,P010,2,0.0,COD,Delivered,CMP002,3310,2109.97,6620,0.0,6620.0,4219.94,2400.0600000000004,36.254682779456196
ORD02380,2025-07-27,CUST0949,P018,2,15.0,COD,Delivered,CMP006,6660,5091.78,13320,1998.0,11322.0,10183.56,1138.4400000000005,10.055113937466883
ORD02381,2025-01-24,CUST0409,P014,2,0.0,Credit Card,Shipped,CMP003,6801,4221.32,13602,0.0,13602.0,8442.64,5159.360000000001,37.930892515806505
ORD02382,2025-04-09,CUST0601,P010,4,0.0,UPI,Delivered,CMP006,3310,2109.97,13240,0.0,13240.0,8439.88,4800.120000000001,36.254682779456196
ORD02383,2025-12-22,CUST0125,P007,1,5.0,UPI,Cancelled,CMP001,5886,3178.13,5886,294.3,5591.7,3178.13,2413.5699999999997,43.16343866802582
ORD02384,2025-05-19,CUST0113,P007,3,10.0,COD,Delivered,CMP004,5886,3178.13,17658,1765.8,15892.2,9534.39,6357.810000000001,40.005851927360595
ORD02385,2025-11-10,CUST0981,P007,2,,Net Banking,Delivered,CMP001,5886,3178.13,11772,1177.2,10594.8,6356.26,4238.539999999999,40.00585192736059
ORD02386,2025-06-23,CUST0137,P005,1,0.0,COD,Delivered,CMP001,1046,807.54,1046,0.0,1046.0,807.54,238.46000000000004,22.797323135755263
ORD02387,2025-01-29,CUST0759,P001,1,0.0,COD,Delivered,CMP004,6748,4695.17,6748,0.0,6748.0,4695.17,2052.83,30.421310017783043
ORD02388,2025-05-23,CUST0496,P014,1,10.0,COD,Cancelled,CMP002,6801,4221.32,6801,680.1,6120.9,4221.32,1899.58,31.034325017562775
ORD02389,2025-11-12,CUST0678,P018,2,5.0,Debit Card,Delivered,CMP002,6660,5091.78,13320,666.0,12654.0,10183.56,2470.4400000000005,19.52299668089142
ORD02390,2025-12-17,CUST0150,P013,2,20.0,UPI,Delivered,CMP005,6435,4995.55,12870,2574.0,10296.0,9991.1,304.89999999999964,2.961344211344208
ORD02391,2025-02-11,CUST0875,P025,2,15.0,Debit Card,Delivered,CMP006,7392,5142.33,14784,2217.6,12566.4,10284.66,2281.74,18.157467532467532
ORD02392,2025-10-26,CUST0343,P008,1,10.0,Net Banking,Delivered,CMP002,3129,1758.81,3129,312.9,2816.1,1758.81,1057.29,37.544476403536805
ORD02393,2025-07-27,CUST0945,P008,4,5.0,Credit Card,Delivered,CMP002,3129,1758.81,12516,625.8,11890.2,7035.24,4854.960000000001,40.831609224403294
ORD02394,2025-11-26,CUST0580,P010,1,15.0,Net Banking,Delivered,CMP005,3310,2109.97,3310,496.5,2813.5,2109.97,703.5300000000002,25.005509152301407
ORD02395,2025-07-11,CUST0733,P017,4,20.0,UPI,Delivered,CMP005,4817,3075.17,19268,3853.6,15414.4,12300.68,3113.7199999999993,20.200072659331532
ORD02396,2025-06-09,CUST0783,P006,1,10.0,Credit Card,Cancelled,CMP006,4933,3611.45,4933,493.3,4439.7,3611.45,828.25,18.655539788724465
ORD02397,2025-03-05,CUST0321,P015,2,15.0,Net Banking,Returned,CMP002,5978,4066.66,11956,1793.4,10162.6,8133.32,2029.2800000000007,19.968118394898948
ORD02398,2025-08-31,CUST0822,P015,4,15.0,UPI,Delivered,CMP003,5978,4066.66,23912,3586.8,20325.2,16266.64,4058.5600000000013,19.968118394898948
ORD02399,2025-09-15,CUST0926,P025,2,10.0,Net Banking,Delivered,CMP001,7392,5142.33,14784,1478.4,13305.6,10284.66,3020.9400000000005,22.704274891774894
ORD02400,2025-06-01,CUST0861,P016,1,5.0,Credit Card,Cancelled,CMP002,7713,5310.71,7713,385.65,7327.35,5310.71,2016.6400000000003,27.52209188860912
ORD02401,2025-08-03,CUST0532,P008,2,15.0,Credit Card,Delivered,CMP001,3129,1758.81,6258,938.7,5319.3,3517.62,1801.6800000000003,33.8706220743331
ORD02402,2025-11-18,CUST0289,P019,4,0.0,Net Banking,Delivered,CMP002,7745,4299.97,30980,0.0,30980.0,17199.88,13780.119999999999,44.48069722401549
ORD02403,2025-06-15,CUST0489,P020,1,15.0,Debit Card,Delivered,CMP003,7452,4168.44,7452,1117.8,6334.2,4168.44,2165.76,34.191531685137825
ORD02404,2025-01-31,CUST0492,P015,3,15.0,Net Banking,Delivered,CMP001,5978,4066.66,17934,2690.1,15243.9,12199.98,3043.92,19.968118394898944
ORD02405,2025-08-20,CUST0612,P003,2,15.0,Net Banking,Delivered,CMP006,5857,3883.91,11714,1757.1,9956.9,7767.82,2189.08,21.985557753919394
ORD02406,2025-10-09,CUST0252,P006,2,10.0,Net Banking,Delivered,CMP005,4933,3611.45,9866,986.6,8879.4,7222.9,1656.5,18.655539788724465
ORD02407,2025-01-29,CUST0982,P025,2,0.0,Debit Card,Returned,CMP001,7392,5142.33,14784,0.0,14784.0,10284.66,4499.34,30.4338474025974
ORD02408,2025-07-14,CUST0077,P008,1,0.0,COD,Delivered,CMP006,3129,1758.81,3129,0.0,3129.0,1758.81,1370.19,43.79002876318312
ORD02409,2025-11-30,CUST0647,P016,1,15.0,Credit Card,Delivered,CMP006,7713,5310.71,7713,1156.95,6556.05,5310.71,1245.3400000000001,18.995279169621952
ORD02410,2025-09-13,CUST0392,P015,3,20.0,UPI,Delivered,CMP003,5978,4066.66,17934,3586.8,14347.2,12199.98,2147.220000000001,14.966125794580135
ORD02411,2025-10-08,CUST0412,P013,2,10.0,Credit Card,Delivered,CMP002,6435,4995.55,12870,1287.0,11583.0,9991.1,1591.8999999999996,13.743417076750408
ORD02412,2025-10-31,CUST0173,P020,1,0.0,Credit Card,Delivered,CMP002,7452,4168.44,7452,0.0,7452.0,4168.44,3283.5600000000004,44.06280193236716
ORD02413,2025-11-17,CUST0875,P015,1,20.0,COD,Delivered,CMP001,5978,4066.66,5978,1195.6,4782.4,4066.66,715.7399999999998,14.966125794580124
ORD02414,2025-11-19,CUST0201,P018,1,25.0,Credit Card,Delivered,CMP003,6660,5091.78,6660,1665.0,4995.0,5091.78,-96.77999999999975,-1.9375375375375326
ORD02415,2025-12-12,CUST0217,P013,2,10.0,Credit Card,Delivered,CMP001,6435,4995.55,12870,1287.0,11583.0,9991.1,1591.8999999999996,13.743417076750408
ORD02416,2025-10-21,CUST0376,P024,2,10.0,Debit Card,Delivered,CMP003,972,537.49,1944,194.4,1749.6,1074.98,674.6199999999999,38.55852766346593
ORD02417,2025-03-28,CUST0720,P008,3,15.0,,Delivered,CMP002,3129,1758.81,9387,1408.05,7978.95,5276.43,2702.5199999999995,33.870622074333085
ORD02418,2025-05-29,CUST0586,P014,2,15.0,Debit Card,Delivered,CMP003,6801,4221.32,13602,2040.3,11561.7,8442.64,3119.0600000000013,26.977520606831185
ORD02419,2025-09-06,CUST0011,P011,2,25.0,Debit Card,Cancelled,CMP003,7881,6026.38,15762,3940.5,11821.5,12052.76,-231.26000000000022,-1.9562661252802118
ORD02420,2025-11-17,CUST0799,P006,2,0.0,Debit Card,Delivered,CMP002,4933,3611.45,9866,0.0,9866.0,7222.9,2643.1000000000004,26.78998580985202
ORD02421,2025-10-10,CUST0768,P024,2,10.0,UPI,Delivered,CMP003,972,537.49,1944,194.4,1749.6,1074.98,674.6199999999999,38.55852766346593
ORD02422,2025-12-28,CUST0012,P025,3,15.0,COD,Delivered,CMP003,7392,5142.33,22176,3326.4,18849.6,15426.99,3422.6099999999988,18.15746753246753
ORD02423,2025-07-17,CUST0892,P001,2,20.0,Net Banking,Delivered,CMP005,6748,4695.17,13496,2699.2,10796.8,9390.34,1406.4599999999991,13.026637522228802
ORD02424,2025-02-13,CUST0991,P025,1,20.0,Debit Card,Shipped,CMP004,7392,5142.33,7392,1478.4,5913.6,5142.33,771.2700000000004,13.042309253246758
ORD02425,2025-12-22,CUST0590,P002,1,25.0,COD,Delivered,CMP003,6053,3796.4,6053,1513.25,4539.75,3796.4,743.3499999999999,16.374249683352605
ORD02426,2025-01-28,CUST0435,P013,4,10.0,Net Banking,Cancelled,CMP006,6435,4995.55,25740,2574.0,23166.0,19982.2,3183.7999999999993,13.743417076750408
ORD02427,2025-01-17,CUST0684,P001,1,20.0,Credit Card,Delivered,CMP005,6748,4695.17,6748,1349.6,5398.4,4695.17,703.2299999999996,13.026637522228802
ORD02428,2025-05-07,CUST0608,P024,1,5.0,Credit Card,Delivered,CMP001,972,537.49,972,48.6,923.4,537.49,385.90999999999997,41.79228936538878
ORD02429,2025-06-17,CUST0818,P024,1,5.0,COD,Shipped,CMP001,972,537.49,972,48.6,923.4,537.49,385.90999999999997,41.79228936538878
ORD02430,2025-09-01,CUST0373,P004,2,5.0,UPI,Delivered,CMP001,2776,1530.45,5552,277.6,5274.4,3060.9,2213.4999999999995,41.966858789625356
ORD02431,2025-03-17,CUST0273,P024,3,15.0,UPI,Delivered,CMP002,972,537.49,2916,437.4,2478.6,1612.47,866.1299999999999,34.944323408375695
ORD02432,2025-08-19,CUST0931,P023,3,25.0,COD,Delivered,CMP003,5137,3830.78,15411,3852.75,11558.25,11492.34,65.90999999999985,0.5702420349101279
ORD02433,2025-07-23,CUST0897,P002,2,5.0,UPI,Shipped,CMP003,6053,3796.4,12106,605.3,11500.7,7592.8,3907.9000000000005,33.9796708026468
ORD02434,2025-09-05,CUST0925,P021,2,0.0,UPI,Delivered,CMP006,5045,2967.68,10090,0.0,10090.0,5935.36,4154.64,41.17581764122894
ORD02435,2025-10-29,CUST0691,P020,3,15.0,Credit Card,Delivered,CMP001,7452,4168.44,22356,3353.4,19002.6,12505.32,6497.279999999999,34.19153168513782
ORD02436,2025-08-02,CUST0576,P016,2,10.0,UPI,Delivered,CMP003,7713,5310.71,15426,1542.6,13883.4,10621.42,3261.9799999999996,23.495541437976286
ORD02437,2025-08-03,CUST0509,P003,1,25.0,UPI,Returned,CMP003,5857,3883.91,5857,1464.25,4392.75,3883.91,508.84000000000015,11.583632121108648
ORD02438,2025-06-07,CUST0132,P017,4,5.0,COD,Delivered,CMP006,4817,3075.17,19268,963.4,18304.6,12300.68,6003.919999999998,32.80006118680549
ORD02439,2025-03-10,CUST0855,P005,4,0.0,UPI,Cancelled,CMP002,1046,807.54,4184,0.0,4184.0,3230.16,953.8400000000001,22.797323135755263
ORD02440,2025-03-26,CUST0924,P008,4,10.0,Debit Card,Returned,CMP001,3129,1758.81,12516,1251.6,11264.4,7035.24,4229.16,37.544476403536805
ORD02441,2025-09-24,CUST0784,P012,1,0.0,Debit Card,Delivered,CMP001,5080,2793.69,5080,0.0,5080.0,2793.69,2286.31,45.00610236220473
ORD02442,2025-03-10,CUST0319,P025,2,5.0,COD,Delivered,CMP003,7392,5142.33,14784,739.2,14044.8,10284.66,3760.1399999999994,26.772470950102527
ORD02443,2025-04-09,CUST0844,P023,4,0.0,Debit Card,Delivered,CMP003,5137,3830.78,20548,0.0,20548.0,15323.12,5224.879999999999,25.427681526182592
ORD02444,2025-12-13,CUST0949,P012,1,0.0,Credit Card,Delivered,CMP005,5080,2793.69,5080,0.0,5080.0,2793.69,2286.31,45.00610236220473
ORD02445,2025-08-04,CUST0853,P001,2,0.0,COD,Delivered,CMP002,6748,4695.17,13496,0.0,13496.0,9390.34,4105.66,30.421310017783043
ORD02446,2025-06-10,CUST0621,P001,4,25.0,UPI,Delivered,CMP001,6748,4695.17,26992,6748.0,20244.0,18780.68,1463.3199999999997,7.228413357044062
ORD02447,2025-04-04,CUST0785,P015,1,5.0,Debit Card,Delivered,CMP003,5978,4066.66,5978,298.9,5679.1,4066.66,1612.4400000000005,28.392526984909587
ORD02448,2025-06-23,CUST0168,P017,2,10.0,Credit Card,Shipped,CMP006,4817,3075.17,9634,963.4,8670.6,6150.34,2520.26,29.066731252739142
ORD02449,2025-06-14,CUST0397,P002,1,20.0,COD,Delivered,CMP003,6053,3796.4,6053,1210.6,4842.4,3796.4,1045.9999999999995,21.60085907814306
ORD02450,2025-04-25,CUST0180,P017,2,10.0,COD,Delivered,CMP005,4817,3075.17,9634,963.4,8670.6,6150.34,2520.26,29.066731252739142
ORD02451,2025-08-08,CUST0058,P020,2,10.0,UPI,Delivered,CMP002,7452,4168.44,14904,1490.4,13413.6,8336.88,5076.720000000001,37.847557702630176
ORD02452,2025-01-31,CUST0480,P009,1,15.0,Net Banking,Delivered,CMP002,1097,712.85,1097,164.55,932.45,712.85,219.60000000000002,23.550860635959033
ORD02453,2025-01-11,CUST0933,P012,2,15.0,Debit Card,Delivered,CMP005,5080,2793.69,10160,1524.0,8636.0,5587.38,3048.62,35.301296896711435
ORD02454,2025-12-09,CUST0591,P004,2,20.0,Credit Card,Delivered,CMP002,2776,1530.45,5552,1110.4,4441.6,3060.9,1380.7000000000003,31.08564481268012
ORD02455,2025-05-10,CUST0460,P013,3,10.0,COD,Delivered,CMP002,6435,4995.55,19305,1930.5,17374.5,14986.650000000001,2387.8499999999985,13.743417076750402
ORD02456,2025-04-15,CUST0061,P004,4,20.0,Debit Card,Delivered,CMP001,2776,1530.45,11104,2220.8,8883.2,6121.8,2761.4000000000005,31.08564481268012
ORD02457,2025-01-27,CUST0369,P007,2,10.0,Credit Card,Delivered,CMP002,5886,3178.13,11772,1177.2,10594.8,6356.26,4238.539999999999,40.00585192736059
ORD02458,2025-08-15,CUST0121,P014,4,5.0,Credit Card,Cancelled,CMP002,6801,4221.32,27204,1360.2,25843.8,16885.28,8958.52,34.66409738505948
ORD02459,2025-01-02,CUST0719,P009,4,20.0,COD,Delivered,CMP003,1097,712.85,4388,877.6,3510.4,2851.4,659.0,18.77278942570647
ORD02460,2025-12-25,CUST0546,P023,3,10.0,Debit Card,Returned,CMP003,5137,3830.78,15411,1541.1,13869.9,11492.34,2377.5599999999995,17.141868362425107
ORD02461,2025-04-11,CUST0582,P001,2,20.0,Credit Card,Cancelled,CMP003,6748,4695.17,13496,2699.2,10796.8,9390.34,1406.4599999999991,13.026637522228802
ORD02462,2025-01-21,CUST0017,P001,2,0.0,COD,Delivered,CMP004,6748,4695.17,13496,0.0,13496.0,9390.34,4105.66,30.421310017783043
ORD02463,2025-02-27,CUST0496,P020,2,5.0,Debit Card,Delivered,CMP002,7452,4168.44,14904,745.2,14158.8,8336.88,5821.92,41.11873887617595
ORD02464,2025-06-29,CUST0497,P004,3,20.0,Debit Card,Delivered,CMP004,2776,1530.45,8328,1665.6,6662.4,4591.35,2071.0499999999993,31.08564481268011
ORD02465,2025-12-07,CUST0505,P001,1,0.0,COD,Delivered,CMP002,6748,4695.17,6748,0.0,6748.0,4695.17,2052.83,30.421310017783043
ORD02466,2025-12-15,CUST0532,P022,3,20.0,Debit Card,Delivered,CMP005,5915,3970.45,17745,3549.0,14196.0,11911.349999999999,2284.6500000000015,16.09361792054101
ORD02467,2025-01-20,CUST0969,P010,3,25.0,Net Banking,Shipped,CMP003,3310,2109.97,9930,2482.5,7447.5,6329.91,1117.5900000000001,15.006243705941595
ORD02468,2025-09-12,CUST0315,P002,3,20.0,Credit Card,Delivered,CMP003,6053,3796.4,18159,3631.8,14527.2,11389.2,3138.0,21.60085907814307
ORD02469,2025-11-13,CUST0069,P021,2,10.0,Credit Card,Cancelled,CMP004,5045,2967.68,10090,1009.0,9081.0,5935.36,3145.6400000000003,34.639797379143275
ORD02470,2025-02-07,CUST0727,P024,1,10.0,Debit Card,Delivered,CMP002,972,537.49,972,97.2,874.8,537.49,337.30999999999995,38.55852766346593
ORD02471,2025-05-28,CUST0161,P015,3,20.0,COD,Delivered,CMP003,5978,4066.66,17934,3586.8,14347.2,12199.98,2147.220000000001,14.966125794580135
ORD02472,2025-01-25,CUST0614,P003,2,15.0,UPI,Cancelled,CMP004,5857,3883.91,11714,1757.1,9956.9,7767.82,2189.08,21.985557753919394
ORD02473,2025-05-01,CUST0888,P025,1,10.0,Debit Card,Delivered,CMP003,7392,5142.33,7392,739.2,6652.8,5142.33,1510.4700000000003,22.704274891774894
ORD02474,2025-01-26,CUST0718,P023,1,25.0,UPI,Returned,CMP003,5137,3830.78,5137,1284.25,3852.75,3830.78,21.9699999999998,0.5702420349101239
ORD02475,2025-06-18,CUST0145,P009,3,15.0,Debit Card,Delivered,CMP002,1097,712.85,3291,493.65,2797.35,2138.55,658.7999999999997,23.550860635959022
ORD02476,2025-11-19,CUST0569,P017,3,25.0,UPI,Cancelled,CMP002,4817,3075.17,14451,3612.75,10838.25,9225.51,1612.7399999999998,14.880077503286968
ORD02477,2025-08-13,CUST0595,P021,1,0.0,Debit Card,Cancelled,CMP004,5045,2967.68,5045,0.0,5045.0,2967.68,2077.32,41.17581764122894
ORD02478,2025-01-01,CUST0993,P013,3,0.0,COD,Delivered,CMP001,6435,4995.55,19305,0.0,19305.0,14986.650000000001,4318.3499999999985,22.36907536907536
ORD02479,2025-11-03,CUST0385,P003,2,10.0,UPI,Cancelled,CMP001,5857,3883.91,11714,1171.4,10542.6,7767.82,2774.7800000000007,26.319693434257207
ORD02480,2025-09-18,CUST0269,P004,1,5.0,Net Banking,Delivered,CMP006,2776,1530.45,2776,138.8,2637.2,1530.45,1106.7499999999998,41.966858789625356
ORD02481,2025-01-13,CUST0923,P004,3,15.0,COD,Delivered,CMP002,2776,1530.45,8328,1249.2,7078.8,4591.35,2487.45,35.13943041193423
ORD02482,2025-02-17,CUST0454,P011,1,0.0,Debit Card,Delivered,CMP003,7881,6026.38,7881,0.0,7881.0,6026.38,1854.62,23.53280040603984
ORD02483,2025-11-09,CUST0699,P007,3,25.0,UPI,Delivered,CMP005,5886,3178.13,17658,4414.5,13243.5,9534.39,3709.1100000000006,28.007022312832714
ORD02484,2025-10-18,CUST0518,P011,2,5.0,Credit Card,Delivered,CMP001,7881,6026.38,15762,788.1,14973.9,12052.76,2921.1399999999994,19.508210953726145
ORD02485,2025-11-28,CUST0865,P024,2,5.0,COD,Returned,CMP006,972,537.49,1944,97.2,1846.8,1074.98,771.8199999999999,41.79228936538878
ORD02486,2025-04-04,CUST0350,P011,2,5.0,UPI,Delivered,CMP001,7881,6026.38,15762,788.1,14973.9,12052.76,2921.1399999999994,19.508210953726145
ORD02487,2025-09-18,CUST0110,P010,1,10.0,COD,Returned,CMP001,3310,2109.97,3310,331.0,2979.0,2109.97,869.0300000000002,29.171869754951334
ORD02488,2025-10-05,CUST0483,P005,2,0.0,UPI,Returned,CMP001,1046,807.54,2092,0.0,2092.0,1615.08,476.9200000000001,22.797323135755263
ORD02489,2025-12-25,CUST0407,P013,2,0.0,Credit Card,Delivered,CMP003,6435,4995.55,12870,0.0,12870.0,9991.1,2878.8999999999996,22.369075369075368
ORD02490,2025-07-24,CUST0650,P012,1,15.0,Net Banking,Returned,CMP006,5080,2793.69,5080,762.0,4318.0,2793.69,1524.31,35.301296896711435
ORD02491,2025-07-04,CUST0051,P010,4,0.0,Credit Card,Delivered,CMP005,3310,2109.97,13240,0.0,13240.0,8439.88,4800.120000000001,36.254682779456196
ORD02492,2025-06-24,CUST0403,P007,4,0.0,Debit Card,Delivered,CMP004,5886,3178.13,23544,0.0,23544.0,12712.52,10831.48,46.005266734624534
ORD02493,2025-11-05,CUST0563,P019,1,15.0,COD,Delivered,CMP002,7745,4299.97,7745,1161.75,6583.25,4299.97,2283.2799999999997,34.683173204724106
ORD02494,2025-03-10,CUST0476,P019,4,0.0,Net Banking,Delivered,CMP006,7745,4299.97,30980,0.0,30980.0,17199.88,13780.119999999999,44.48069722401549
ORD02495,2025-04-14,CUST0087,P019,3,10.0,COD,Delivered,CMP005,7745,4299.97,23235,2323.5,20911.5,12899.91,8011.59,38.31188580446166
ORD02496,2025-09-03,CUST0068,P012,2,0.0,UPI,Delivered,CMP002,5080,2793.69,10160,0.0,10160.0,5587.38,4572.62,45.00610236220473
ORD02497,2025-06-10,CUST0596,P020,1,5.0,Debit Card,Delivered,CMP005,7452,4168.44,7452,372.6,7079.4,4168.44,2910.96,41.11873887617595
ORD02498,2025-07-19,CUST0979,P022,1,15.0,Debit Card,Delivered,CMP006,5915,3970.45,5915,887.25,5027.75,3970.45,1057.3000000000002,21.029287454626825
ORD02499,2025-08-04,CUST0042,P015,2,0.0,COD,Shipped,CMP004,5978,4066.66,11956,0.0,11956.0,8133.32,3822.6800000000003,31.972900635664104
ORD02500,2025-07-31,CUST0731,P005,3,20.0,Debit Card,Delivered,CMP001,1046,807.54,3138,627.6,2510.4,2422.62,87.7800000000002,3.4966539196940802
ORD02501,2025-01-16,CUST0057,P024,2,20.0,COD,Delivered,CMP006,972,537.49,1944,388.8,1555.2,1074.98,480.22,30.87834362139918
ORD02502,2025-11-28,CUST0738,P014,1,0.0,UPI,Delivered,CMP001,6801,4221.32,6801,0.0,6801.0,4221.32,2579.6800000000003,37.930892515806505
ORD02503,2025-07-24,CUST0196,P012,4,25.0,UPI,Delivered,CMP004,5080,2793.69,20320,5080.0,15240.0,11174.76,4065.24,26.674803149606298
ORD02504,2025-12-31,CUST0760,P021,2,5.0,COD,Delivered,CMP001,5045,2967.68,10090,504.5,9585.5,5935.36,3650.1400000000003,38.07980804339889
ORD02505,2025-02-08,CUST0678,P011,2,0.0,Credit Card,Delivered,CMP006,7881,6026.38,15762,0.0,15762.0,12052.76,3709.24,23.53280040603984
ORD02506,2025-03-30,CUST0062,P005,2,0.0,Credit Card,Shipped,CMP002,1046,807.54,2092,0.0,2092.0,1615.08,476.9200000000001,22.797323135755263
ORD02507,2025-09-13,CUST0263,P016,3,5.0,UPI,Delivered,CMP003,7713,5310.71,23139,1156.95,21982.05,15932.130000000001,6049.919999999998,27.522091888609108
ORD02508,2025-09-11,CUST0112,P018,1,10.0,Net Banking,Delivered,CMP001,6660,5091.78,6660,666.0,5994.0,5091.78,902.2200000000003,15.052052052052057
ORD02509,2025-08-04,CUST0765,P012,2,5.0,Credit Card,Delivered,CMP003,5080,2793.69,10160,508.0,9652.0,5587.38,4064.62,42.11168669705761
ORD02510,2025-10-30,CUST0711,P005,4,20.0,COD,Returned,CMP006,1046,807.54,4184,836.8,3347.2,3230.16,117.03999999999996,3.496653919694072
ORD02511,2025-06-21,CUST0178,P016,2,15.0,UPI,Delivered,CMP006,7713,5310.71,15426,2313.9,13112.1,10621.42,2490.6800000000003,18.995279169621952
ORD02512,2025-05-17,CUST0948,P012,4,5.0,Debit Card,Delivered,CMP001,5080,2793.69,20320,1016.0,19304.0,11174.76,8129.24,42.11168669705761
ORD02513,2025-06-27,CUST0026,P023,2,15.0,Debit Card,Cancelled,CMP002,5137,3830.78,10274,1541.1,8732.9,7661.56,1071.3399999999992,12.267860619038341
ORD02514,2025-03-18,CUST0410,P002,3,20.0,Credit Card,Delivered,CMP002,6053,3796.4,18159,3631.8,14527.2,11389.2,3138.0,21.60085907814307
ORD02515,2025-07-07,CUST0758,P006,4,0.0,Net Banking,Delivered,CMP003,4933,3611.45,19732,0.0,19732.0,14445.8,5286.200000000001,26.78998580985202
ORD02516,2025-01-15,CUST0531,P023,2,5.0,Credit Card,Delivered,CMP005,5137,3830.78,10274,513.7,9760.3,7661.56,2098.739999999999,21.502822659139564
ORD02517,2025-10-19,CUST0777,P021,4,10.0,Net Banking,Delivered,CMP005,5045,2967.68,20180,2018.0,18162.0,11870.72,6291.280000000001,34.639797379143275
ORD02518,2025-11-15,CUST0317,P025,1,10.0,Credit Card,Delivered,CMP002,7392,5142.33,7392,739.2,6652.8,5142.33,1510.4700000000003,22.704274891774894
ORD02519,2025-11-21,CUST0532,P004,3,10.0,Debit Card,Delivered,CMP003,2776,1530.45,8328,832.8,7495.2,4591.35,2903.8499999999995,38.742795389048986
ORD02520,2025-08-02,CUST0106,P013,3,5.0,Net Banking,Cancelled,CMP004,6435,4995.55,19305,965.25,18339.75,14986.650000000001,3353.0999999999985,18.283237230605646
ORD02521,2025-07-27,CUST0749,P010,2,10.0,Debit Card,Delivered,CMP002,3310,2109.97,6620,662.0,5958.0,4219.94,1738.0600000000004,29.171869754951334
ORD02522,2025-06-18,CUST0818,P017,3,10.0,COD,Delivered,CMP001,4817,3075.17,14451,1445.1,13005.9,9225.51,3780.3899999999994,29.066731252739135
ORD02523,2025-11-26,CUST0464,P014,1,10.0,COD,Shipped,CMP002,6801,4221.32,6801,680.1,6120.9,4221.32,1899.58,31.034325017562775
ORD02524,2025-10-07,CUST0246,P024,2,0.0,UPI,Shipped,CMP001,972,537.49,1944,0.0,1944.0,1074.98,869.02,44.702674897119344
ORD02525,2025-11-01,CUST0081,P015,2,10.0,Debit Card,Shipped,CMP002,5978,4066.66,11956,1195.6,10760.4,8133.32,2627.08,24.41433403962678
ORD02526,2025-05-26,CUST0662,P008,4,5.0,Debit Card,Delivered,CMP006,3129,1758.81,12516,625.8,11890.2,7035.24,4854.960000000001,40.831609224403294
ORD02527,2025-09-20,CUST0909,P023,1,10.0,UPI,Delivered,CMP001,5137,3830.78,5137,513.7,4623.3,3830.78,792.52,17.141868362425107
ORD02528,2025-01-04,CUST0396,P024,2,20.0,COD,Returned,CMP005,972,537.49,1944,388.8,1555.2,1074.98,480.22,30.87834362139918
ORD02529,2025-03-31,CUST0522,P018,1,10.0,COD,Delivered,CMP003,6660,5091.78,6660,666.0,5994.0,5091.78,902.2200000000003,15.052052052052057
ORD02530,2025-03-01,CUST0833,P003,2,0.0,Net Banking,Delivered,CMP004,5857,3883.91,11714,0.0,11714.0,7767.82,3946.1800000000003,33.68772409083148
ORD02531,2025-11-07,CUST0736,P025,2,10.0,Net Banking,Delivered,CMP001,7392,5142.33,14784,1478.4,13305.6,10284.66,3020.9400000000005,22.704274891774894
ORD02532,2025-01-16,CUST0926,P017,3,15.0,COD,Delivered,CMP001,4817,3075.17,14451,2167.65,12283.35,9225.51,3057.84,24.89418603231203
ORD02533,2025-08-15,CUST0264,P024,4,15.0,Credit Card,Delivered,CMP001,972,537.49,3888,583.2,3304.8,2149.96,1154.8400000000001,34.9443234083757
ORD02534,2025-01-29,CUST0661,P024,1,10.0,Debit Card,Cancelled,CMP004,972,537.49,972,97.2,874.8,537.49,337.30999999999995,38.55852766346593
ORD02535,2025-05-31,CUST0790,P007,2,0.0,Net Banking,Delivered,CMP005,5886,3178.13,11772,0.0,11772.0,6356.26,5415.74,46.005266734624534
ORD02536,2025-09-02,CUST0274,P013,1,10.0,Credit Card,Delivered,CMP006,6435,4995.55,6435,643.5,5791.5,4995.55,795.9499999999998,13.743417076750408
ORD02537,2025-09-27,CUST0706,P016,1,10.0,Net Banking,Delivered,CMP003,7713,5310.71,7713,771.3,6941.7,5310.71,1630.9899999999998,23.495541437976286
ORD02538,2025-03-20,CUST0944,P005,1,25.0,UPI,Delivered,CMP003,1046,807.54,1046,261.5,784.5,807.54,-23.039999999999964,-2.9369024856596515
ORD02539,2025-10-16,CUST0172,P004,2,10.0,Debit Card,Shipped,CMP003,2776,1530.45,5552,555.2,4996.8,3060.9,1935.9,38.74279538904899
ORD02540,2025-06-02,CUST0265,P010,2,15.0,Net Banking,Shipped,CMP002,3310,2109.97,6620,993.0,5627.0,4219.94,1407.0600000000004,25.005509152301407
ORD02541,2025-10-04,CUST0963,P013,1,10.0,COD,Delivered,CMP002,6435,4995.55,6435,643.5,5791.5,4995.55,795.9499999999998,13.743417076750408
ORD02542,2025-10-06,CUST0822,P010,4,5.0,UPI,Shipped,CMP005,3310,2109.97,13240,662.0,12578.0,8439.88,4138.120000000001,32.89966608363811
ORD02543,2025-02-26,CUST0026,P014,4,15.0,UPI,Delivered,CMP002,6801,4221.32,27204,4080.6,23123.4,16885.28,6238.120000000003,26.977520606831185
ORD02544,2025-07-05,CUST0469,P022,1,10.0,COD,Delivered,CMP006,5915,3970.45,5915,591.5,5323.5,3970.45,1353.0500000000002,25.416549262703114
ORD02545,2025-04-03,CUST0862,P012,2,25.0,UPI,Delivered,CMP002,5080,2793.69,10160,2540.0,7620.0,5587.38,2032.62,26.674803149606298
ORD02546,2025-10-03,CUST0476,P001,3,10.0,Debit Card,Returned,CMP002,6748,4695.17,20244,2024.4,18219.6,14085.51,4134.089999999998,22.690344464203378
ORD02547,2025-06-07,CUST0356,P021,1,0.0,Net Banking,Delivered,CMP004,5045,2967.68,5045,0.0,5045.0,2967.68,2077.32,41.17581764122894
ORD02548,2025-10-02,CUST0026,P020,2,15.0,UPI,Delivered,CMP001,7452,4168.44,14904,2235.6,12668.4,8336.88,4331.52,34.191531685137825
ORD02549,2025-06-30,CUST0034,P020,1,0.0,Debit Card,Delivered,CMP006,7452,4168.44,7452,0.0,7452.0,4168.44,3283.5600000000004,44.06280193236716
ORD02550,2025-12-25,CUST0264,P007,1,5.0,COD,Delivered,CMP005,5886,3178.13,5886,294.3,5591.7,3178.13,2413.5699999999997,43.16343866802582
ORD02551,2025-03-18,CUST0138,P009,2,5.0,Net Banking,Delivered,CMP004,1097,712.85,2194,109.7,2084.3,1425.7,658.6000000000001,31.59813846375282
ORD02552,2025-05-31,CUST0816,P008,2,15.0,COD,Delivered,CMP006,3129,1758.81,6258,938.7,5319.3,3517.62,1801.6800000000003,33.8706220743331
ORD02553,2025-08-26,CUST0695,P013,2,10.0,Net Banking,Cancelled,CMP001,6435,4995.55,12870,1287.0,11583.0,9991.1,1591.8999999999996,13.743417076750408
ORD02554,2025-10-16,CUST0875,P014,2,0.0,UPI,Delivered,CMP003,6801,4221.32,13602,0.0,13602.0,8442.64,5159.360000000001,37.930892515806505
ORD02555,2025-08-19,CUST0754,P012,3,10.0,UPI,Delivered,CMP006,5080,2793.69,15240,1524.0,13716.0,8381.07,5334.93,38.895669291338585
ORD02556,2025-01-18,CUST0566,P008,1,5.0,Net Banking,Cancelled,CMP003,3129,1758.81,3129,156.45,2972.55,1758.81,1213.7400000000002,40.831609224403294
ORD02557,2025-03-14,CUST0462,P021,4,20.0,Debit Card,Delivered,CMP001,5045,2967.68,20180,4036.0,16144.0,11870.72,4273.280000000001,26.46977205153618
ORD02558,2025-07-08,CUST0168,P022,3,10.0,Debit Card,Cancelled,CMP001,5915,3970.45,17745,1774.5,15970.5,11911.349999999999,4059.1500000000015,25.41654926270312
ORD02559,2025-01-17,CUST0631,P018,4,15.0,Debit Card,Shipped,CMP003,6660,5091.78,26640,3996.0,22644.0,20367.12,2276.880000000001,10.055113937466883
ORD02560,2025-01-19,CUST0655,P016,3,0.0,Credit Card,Shipped,CMP004,7713,5310.71,23139,0.0,23139.0,15932.130000000001,7206.869999999999,31.145987294178656
ORD02561,2025-08-07,CUST0081,P011,2,15.0,Debit Card,Delivered,CMP001,7881,6026.38,15762,2364.3,13397.7,12052.76,1344.9400000000005,10.038588712988053
ORD02562,2025-11-22,CUST0757,P016,3,15.0,UPI,Delivered,CMP003,7713,5310.71,23139,3470.85,19668.15,15932.130000000001,3736.0200000000004,18.995279169621952
ORD02563,2025-04-30,CUST0914,P014,4,20.0,Credit Card,Delivered,CMP001,6801,4221.32,27204,5440.8,21763.2,16885.28,4877.920000000002,22.41361564475813
ORD02564,2025-04-11,CUST0864,P003,3,0.0,Debit Card,Delivered,CMP003,5857,3883.91,17571,0.0,17571.0,11651.73,5919.27,33.68772409083148
ORD02565,2025-02-03,CUST0870,P021,1,10.0,UPI,Shipped,CMP006,5045,2967.68,5045,504.5,4540.5,2967.68,1572.8200000000002,34.639797379143275
ORD02566,2025-03-25,CUST0407,P002,2,10.0,Credit Card,Delivered,CMP004,6053,3796.4,12106,1210.6,10895.4,7592.8,3302.5999999999995,30.31187473612717
ORD02567,2025-07-15,CUST0574,P003,1,0.0,UPI,Delivered,CMP003,5857,3883.91,5857,0.0,5857.0,3883.91,1973.0900000000001,33.68772409083148
ORD02568,2025-11-26,CUST0046,P004,4,5.0,Net Banking,Cancelled,CMP001,2776,1530.45,11104,555.2,10548.8,6121.8,4426.999999999999,41.966858789625356
ORD02569,2025-07-21,CUST0599,P022,2,20.0,UPI,Delivered,CMP002,5915,3970.45,11830,2366.0,9464.0,7940.9,1523.1000000000004,16.093617920541
ORD02570,2025-12-10,CUST0611,P005,1,10.0,Credit Card,Delivered,CMP001,1046,807.54,1046,104.6,941.4,807.54,133.86,14.219247928616955
ORD02571,2025-12-07,CUST0807,P010,1,25.0,Debit Card,Returned,CMP005,3310,2109.97,3310,827.5,2482.5,2109.97,372.5300000000002,15.0062437059416
ORD02572,2025-01-11,CUST0911,P020,2,0.0,Credit Card,Delivered,CMP001,7452,4168.44,14904,0.0,14904.0,8336.88,6567.120000000001,44.06280193236716
ORD02573,2025-12-13,CUST0053,P002,4,15.0,Debit Card,Delivered,CMP003,6053,3796.4,24212,3631.8,20580.2,15185.6,5394.6,26.21257325001701
ORD02574,2025-08-06,CUST0984,P012,1,10.0,Debit Card,Delivered,CMP005,5080,2793.69,5080,508.0,4572.0,2793.69,1778.31,38.89566929133858
ORD02575,2025-09-10,CUST0704,P005,1,10.0,COD,Delivered,CMP005,1046,807.54,1046,104.6,941.4,807.54,133.86,14.219247928616955
ORD02576,2025-08-10,CUST0959,P005,1,25.0,Net Banking,Delivered,CMP004,1046,807.54,1046,261.5,784.5,807.54,-23.039999999999964,-2.9369024856596515
ORD02577,2025-03-21,CUST0476,P023,1,0.0,COD,Delivered,CMP004,5137,3830.78,5137,0.0,5137.0,3830.78,1306.2199999999998,25.427681526182592
ORD02578,2025-01-07,CUST0592,P001,2,20.0,Credit Card,Delivered,CMP001,6748,4695.17,13496,2699.2,10796.8,9390.34,1406.4599999999991,13.026637522228802
ORD02579,2025-09-29,CUST0016,P004,1,15.0,COD,Delivered,CMP001,2776,1530.45,2776,416.4,2359.6,1530.45,829.1499999999999,35.13943041193422
ORD02580,2025-08-15,CUST0360,P021,1,5.0,Debit Card,Delivered,CMP003,5045,2967.68,5045,252.25,4792.75,2967.68,1825.0700000000002,38.07980804339889
ORD02581,2025-01-16,CUST0487,P024,3,20.0,Credit Card,Delivered,CMP002,972,537.49,2916,583.2,2332.8,1612.47,720.3300000000002,30.87834362139918
ORD02582,2025-01-12,CUST0838,P012,1,5.0,COD,Delivered,CMP001,5080,2793.69,5080,254.0,4826.0,2793.69,2032.31,42.11168669705761
ORD02583,2025-10-18,CUST0706,P012,3,15.0,UPI,Cancelled,CMP005,5080,2793.69,15240,2286.0,12954.0,8381.07,4572.93,35.30129689671144
ORD02584,2025-08-29,CUST0502,P016,2,5.0,Net Banking,Delivered,CMP004,7713,5310.71,15426,771.3,14654.7,10621.42,4033.2800000000007,27.52209188860912
ORD02585,2025-01-21,CUST0141,P024,1,20.0,UPI,Delivered,,972,537.49,972,194.4,777.6,537.49,240.11,30.87834362139918
ORD02586,2025-06-27,CUST0620,P017,3,10.0,Credit Card,Cancelled,CMP001,4817,3075.17,14451,1445.1,13005.9,9225.51,3780.3899999999994,29.066731252739135
ORD02587,2025-08-16,CUST0815,P021,1,0.0,COD,Delivered,CMP004,5045,2967.68,5045,0.0,5045.0,2967.68,2077.32,41.17581764122894
ORD02588,2025-09-30,CUST0777,P010,1,10.0,Debit Card,Returned,CMP002,3310,2109.97,3310,331.0,2979.0,2109.97,869.0300000000002,29.171869754951334
ORD02589,2025-10-15,CUST0447,P017,2,0.0,COD,Returned,CMP002,4817,3075.17,9634,0.0,9634.0,6150.34,3483.66,36.16005812746523
ORD02590,2025-10-24,CUST0290,P017,1,5.0,Credit Card,Delivered,CMP005,4817,3075.17,4817,240.85,4576.15,3075.17,1500.9799999999996,32.80006118680549
ORD02591,2025-05-14,CUST0209,P018,3,0.0,Credit Card,Delivered,CMP002,6660,5091.78,19980,0.0,19980.0,15275.34,4704.66,23.546846846846847
ORD02592,2025-10-10,CUST0475,P002,1,0.0,Credit Card,Delivered,CMP001,6053,3796.4,6053,0.0,6053.0,3796.4,2256.6,37.280687262514455
ORD02593,2025-06-02,CUST0413,P025,4,0.0,Credit Card,Delivered,CMP003,7392,5142.33,29568,0.0,29568.0,20569.32,8998.68,30.4338474025974
ORD02594,2025-03-07,CUST0677,P004,2,10.0,COD,Delivered,CMP005,2776,1530.45,5552,555.2,4996.8,3060.9,1935.9,38.74279538904899
ORD02595,2025-05-17,CUST0427,P019,3,10.0,UPI,Delivered,CMP005,7745,4299.97,23235,2323.5,20911.5,12899.91,8011.59,38.31188580446166
ORD02596,2025-04-02,CUST0854,P011,2,10.0,Debit Card,Cancelled,CMP005,7881,6026.38,15762,1576.2,14185.8,12052.76,2133.039999999999,15.036444895599818
ORD02597,2025-11-13,CUST0371,P017,2,0.0,Debit Card,Cancelled,CMP003,4817,3075.17,9634,0.0,9634.0,6150.34,3483.66,36.16005812746523
ORD02598,2025-09-16,CUST0832,P012,2,15.0,Net Banking,Delivered,CMP005,5080,2793.69,10160,1524.0,8636.0,5587.38,3048.62,35.301296896711435
ORD02599,2025-04-13,CUST0664,P002,2,15.0,Credit Card,Delivered,CMP006,6053,3796.4,12106,1815.9,10290.1,7592.8,2697.3,26.21257325001701
ORD02600,2025-02-24,CUST0967,P006,3,5.0,Credit Card,Delivered,CMP003,4933,3611.45,14799,739.95,14059.05,10834.349999999999,3224.7000000000007,22.936827168265285
ORD02601,2025-09-14,CUST0290,P009,1,20.0,Credit Card,Cancelled,CMP002,1097,712.85,1097,219.4,877.6,712.85,164.75,18.77278942570647
ORD02602,2025-04-11,CUST0432,P005,4,10.0,UPI,Delivered,CMP004,1046,807.54,4184,418.4,3765.6,3230.16,535.44,14.219247928616955
ORD02603,2025-07-17,CUST0268,P020,3,15.0,Credit Card,Delivered,CMP006,7452,4168.44,22356,3353.4,19002.6,12505.32,6497.279999999999,34.19153168513782
ORD02604,2025-10-28,CUST0151,P021,1,5.0,Net Banking,Delivered,CMP006,5045,2967.68,5045,252.25,4792.75,2967.68,1825.0700000000002,38.07980804339889
ORD02605,2025-08-14,CUST0719,P009,1,0.0,Net Banking,Delivered,CMP002,1097,712.85,1097,0.0,1097.0,712.85,384.15,35.018231540565175
ORD02606,2025-08-25,CUST0255,P023,1,20.0,UPI,Shipped,CMP006,5137,3830.78,5137,1027.4,4109.6,3830.78,278.82000000000016,6.784601907728249
ORD02607,2025-01-26,CUST0353,P008,3,15.0,Credit Card,Delivered,CMP003,3129,1758.81,9387,1408.05,7978.95,5276.43,2702.5199999999995,33.870622074333085
ORD02608,2025-05-01,CUST0377,P020,1,0.0,COD,Returned,CMP002,7452,4168.44,7452,0.0,7452.0,4168.44,3283.5600000000004,44.06280193236716
ORD02609,2025-07-01,CUST0653,P008,1,5.0,COD,Delivered,CMP006,3129,1758.81,3129,156.45,2972.55,1758.81,1213.7400000000002,40.831609224403294
ORD02610,2025-07-18,CUST0855,P022,2,10.0,Debit Card,Cancelled,CMP006,5915,3970.45,11830,1183.0,10647.0,7940.9,2706.1000000000004,25.416549262703114
ORD02611,2025-10-29,CUST0358,P021,1,10.0,UPI,Delivered,CMP004,5045,2967.68,5045,504.5,4540.5,2967.68,1572.8200000000002,34.639797379143275
ORD02612,2025-09-12,CUST0608,P023,1,20.0,COD,Delivered,CMP006,5137,3830.78,5137,1027.4,4109.6,3830.78,278.82000000000016,6.784601907728249
ORD02613,2025-05-02,CUST0941,P006,1,0.0,Debit Card,Delivered,CMP004,4933,3611.45,4933,0.0,4933.0,3611.45,1321.5500000000002,26.78998580985202
ORD02614,2025-01-31,CUST0370,P003,1,5.0,Net Banking,Delivered,CMP003,5857,3883.91,5857,292.85,5564.15,3883.91,1680.2399999999998,30.197604306138402
ORD02615,2025-11-11,CUST0227,P005,2,0.0,Debit Card,Delivered,CMP006,1046,807.54,2092,0.0,2092.0,1615.08,476.9200000000001,22.797323135755263
ORD02616,2025-10-12,CUST0705,P009,1,5.0,Credit Card,Delivered,CMP006,1097,712.85,1097,54.85,1042.15,712.85,329.30000000000007,31.59813846375282
ORD02617,2025-04-16,CUST0303,P007,3,0.0,Credit Card,Returned,CMP002,5886,3178.13,17658,0.0,17658.0,9534.39,8123.610000000001,46.005266734624534
ORD02618,2025-08-12,CUST0826,P004,2,20.0,Net Banking,Delivered,CMP002,2776,1530.45,5552,1110.4,4441.6,3060.9,1380.7000000000003,31.08564481268012
ORD02619,2025-09-30,CUST0389,P007,4,10.0,UPI,Delivered,CMP003,5886,3178.13,23544,2354.4,21189.6,12712.52,8477.079999999998,40.00585192736059
ORD02620,2025-08-20,CUST0377,P005,2,20.0,Credit Card,Returned,CMP005,1046,807.54,2092,418.4,1673.6,1615.08,58.51999999999998,3.496653919694072
ORD02621,2025-09-13,CUST0973,P011,1,0.0,Credit Card,Delivered,CMP005,7881,6026.38,7881,0.0,7881.0,6026.38,1854.62,23.53280040603984
ORD02622,2025-01-24,CUST0118,P015,1,0.0,Debit Card,Delivered,CMP006,5978,4066.66,5978,0.0,5978.0,4066.66,1911.3400000000001,31.972900635664104
ORD02623,2025-04-19,CUST0005,P002,1,5.0,Debit Card,Returned,CMP003,6053,3796.4,6053,302.65,5750.35,3796.4,1953.9500000000003,33.9796708026468
ORD02624,2025-07-10,CUST0444,P013,1,5.0,Debit Card,Shipped,CMP005,6435,4995.55,6435,321.75,6113.25,4995.55,1117.6999999999998,18.283237230605646
ORD02625,2025-12-13,CUST0352,P022,1,15.0,COD,Delivered,CMP006,5915,3970.45,5915,887.25,5027.75,3970.45,1057.3000000000002,21.029287454626825
ORD02626,2025-01-25,CUST0755,P016,4,5.0,Net Banking,Cancelled,CMP002,7713,5310.71,30852,1542.6,29309.4,21242.84,8066.560000000001,27.52209188860912
ORD02627,2025-07-06,CUST0533,P007,1,0.0,UPI,Delivered,CMP004,5886,3178.13,5886,0.0,5886.0,3178.13,2707.87,46.005266734624534
ORD02628,2025-10-15,CUST0664,P008,1,0.0,Debit Card,Delivered,CMP003,3129,1758.81,3129,0.0,3129.0,1758.81,1370.19,43.79002876318312
ORD02629,2025-04-26,CUST0640,P006,3,0.0,UPI,Delivered,CMP005,4933,3611.45,14799,0.0,14799.0,10834.349999999999,3964.6500000000015,26.78998580985203
ORD02630,2025-12-04,CUST0124,P024,4,15.0,Debit Card,Delivered,CMP004,972,537.49,3888,583.2,3304.8,2149.96,1154.8400000000001,34.9443234083757
ORD02631,2025-02-06,CUST0658,P007,2,10.0,Credit Card,Delivered,CMP005,5886,3178.13,11772,1177.2,10594.8,6356.26,4238.539999999999,40.00585192736059
ORD02632,2025-10-09,CUST0277,P018,4,15.0,UPI,Delivered,CMP002,6660,5091.78,26640,3996.0,22644.0,20367.12,2276.880000000001,10.055113937466883
ORD02633,2025-05-17,CUST0822,P022,1,15.0,COD,Delivered,CMP002,5915,3970.45,5915,887.25,5027.75,3970.45,1057.3000000000002,21.029287454626825
ORD02634,2025-08-15,CUST0394,P025,1,0.0,Debit Card,Delivered,CMP005,7392,5142.33,7392,0.0,7392.0,5142.33,2249.67,30.4338474025974
ORD02635,2025-11-16,CUST0664,P022,1,0.0,Net Banking,Delivered,CMP002,5915,3970.45,5915,0.0,5915.0,3970.45,1944.5500000000002,32.8748943364328
ORD02636,2025-11-24,CUST0360,P020,1,15.0,Credit Card,Returned,CMP002,7452,4168.44,7452,1117.8,6334.2,4168.44,2165.76,34.191531685137825
ORD02637,2025-07-01,CUST0623,P007,3,15.0,Debit Card,Delivered,CMP002,5886,3178.13,17658,2648.7,15009.3,9534.39,5474.91,36.47678439367592
ORD02638,2025-12-28,CUST0469,P003,2,5.0,UPI,Cancelled,CMP001,5857,3883.91,11714,585.7,11128.3,7767.82,3360.4799999999996,30.197604306138402
ORD02639,2025-03-27,CUST0985,P005,1,0.0,Debit Card,Shipped,CMP005,1046,807.54,1046,0.0,1046.0,807.54,238.46000000000004,22.797323135755263
ORD02640,2025-02-22,CUST0628,P001,4,0.0,Credit Card,Delivered,CMP005,6748,4695.17,26992,0.0,26992.0,18780.68,8211.32,30.421310017783043
ORD02641,2025-12-14,CUST0700,P015,1,5.0,Net Banking,Cancelled,CMP003,5978,4066.66,5978,298.9,5679.1,4066.66,1612.4400000000005,28.392526984909587
ORD02642,2025-12-21,CUST0057,P003,3,0.0,Net Banking,Delivered,CMP005,5857,3883.91,17571,0.0,17571.0,11651.73,5919.27,33.68772409083148
ORD02643,2025-08-23,CUST0251,P008,2,0.0,Net Banking,Shipped,CMP002,3129,1758.81,6258,0.0,6258.0,3517.62,2740.38,43.79002876318312
ORD02644,2025-09-24,CUST0896,P025,1,5.0,Credit Card,Delivered,CMP002,7392,5142.33,7392,369.6,7022.4,5142.33,1880.0699999999997,26.772470950102527
ORD02645,2025-10-14,CUST0919,P009,1,0.0,Debit Card,Delivered,CMP006,1097,712.85,1097,0.0,1097.0,712.85,384.15,35.018231540565175
ORD02646,2025-04-10,CUST0150,P015,2,0.0,Credit Card,Delivered,CMP003,5978,4066.66,11956,0.0,11956.0,8133.32,3822.6800000000003,31.972900635664104
ORD02647,2025-03-28,CUST0452,P010,1,20.0,Credit Card,Delivered,CMP002,3310,2109.97,3310,662.0,2648.0,2109.97,538.0300000000002,20.31835347432025
ORD02648,2025-01-15,CUST0162,P002,2,10.0,Debit Card,Delivered,CMP005,6053,3796.4,12106,1210.6,10895.4,7592.8,3302.5999999999995,30.31187473612717
ORD02649,2025-04-11,CUST0120,P020,2,20.0,COD,Delivered,CMP002,7452,4168.44,14904,2980.8,11923.2,8336.88,3586.3200000000015,30.078502415458946
ORD02650,2025-06-14,CUST0582,P005,1,5.0,Net Banking,Delivered,CMP002,1046,807.54,1046,52.3,993.7,807.54,186.16000000000008,18.734024353426594
ORD02651,2025-01-29,CUST0924,P019,1,10.0,UPI,Delivered,CMP001,7745,4299.97,7745,774.5,6970.5,4299.97,2670.5299999999997,38.31188580446165
ORD02652,2025-04-24,CUST0351,P013,1,0.0,UPI,Delivered,CMP006,6435,4995.55,6435,0.0,6435.0,4995.55,1439.4499999999998,22.369075369075368
ORD02653,2025-04-17,CUST0099,P011,2,10.0,Debit Card,Cancelled,CMP003,7881,6026.38,15762,1576.2,14185.8,12052.76,2133.039999999999,15.036444895599818
ORD02654,2025-12-30,CUST0167,P001,1,0.0,UPI,Delivered,CMP001,6748,4695.17,6748,0.0,6748.0,4695.17,2052.83,30.421310017783043
ORD02655,2025-05-10,CUST0810,P022,4,0.0,COD,Cancelled,CMP005,5915,3970.45,23660,0.0,23660.0,15881.8,7778.200000000001,32.8748943364328
ORD02656,2025-03-25,CUST0663,P015,1,20.0,Credit Card,Returned,CMP006,5978,4066.66,5978,1195.6,4782.4,4066.66,715.7399999999998,14.966125794580124
ORD02657,2025-09-28,CUST0838,P018,1,,Net Banking,Delivered,CMP003,6660,5091.78,6660,666.0,5994.0,5091.78,902.2200000000003,15.052052052052057
ORD02658,2025-09-01,CUST0976,P016,3,20.0,UPI,Cancelled,CMP001,7713,5310.71,23139,4627.8,18511.2,15932.130000000001,2579.0699999999997,13.932484117723323
ORD02659,2025-08-02,CUST0514,P009,1,5.0,UPI,Delivered,CMP002,1097,712.85,1097,54.85,1042.15,712.85,329.30000000000007,31.59813846375282
ORD02660,2025-11-02,CUST0664,P001,4,5.0,Debit Card,Cancelled,CMP002,6748,4695.17,26992,1349.6,25642.4,18780.68,6861.720000000001,26.759273702929526
ORD02661,2025-06-15,CUST0401,P011,1,5.0,Debit Card,Delivered,CMP004,7881,6026.38,7881,394.05,7486.95,6026.38,1460.5699999999997,19.508210953726145
ORD02662,2025-10-06,CUST0365,P009,1,15.0,Credit Card,Returned,CMP003,1097,712.85,1097,164.55,932.45,712.85,219.60000000000002,23.550860635959033
ORD02663,2025-02-28,CUST0577,P023,1,10.0,Net Banking,Delivered,CMP002,5137,3830.78,5137,513.7,4623.3,3830.78,792.52,17.141868362425107
ORD02664,2025-03-31,CUST0326,P011,1,20.0,UPI,Delivered,CMP004,7881,6026.38,7881,1576.2,6304.8,6026.38,278.4200000000001,4.416000507549804
ORD02665,2025-11-27,CUST0581,P013,1,0.0,Credit Card,Delivered,CMP004,6435,4995.55,6435,0.0,6435.0,4995.55,1439.4499999999998,22.369075369075368
ORD02666,2025-07-13,CUST0633,P002,4,15.0,Net Banking,Delivered,CMP006,6053,3796.4,24212,3631.8,20580.2,15185.6,5394.6,26.21257325001701
ORD02667,2025-05-03,CUST0621,P014,1,5.0,Credit Card,Delivered,CMP004,6801,4221.32,6801,340.05,6460.95,4221.32,2239.63,34.66409738505948
ORD02668,2025-05-16,CUST0828,P006,1,0.0,UPI,Delivered,CMP003,4933,3611.45,4933,0.0,4933.0,3611.45,1321.5500000000002,26.78998580985202
ORD02669,2025-05-19,CUST0247,P008,1,10.0,Debit Card,Returned,CMP005,3129,1758.81,3129,312.9,2816.1,1758.81,1057.29,37.544476403536805
ORD02670,2025-08-17,CUST0434,P018,1,10.0,Debit Card,Delivered,CMP002,6660,5091.78,6660,666.0,5994.0,5091.78,902.2200000000003,15.052052052052057
ORD02671,2025-10-01,CUST0093,P016,2,0.0,Debit Card,Delivered,CMP002,7713,5310.71,15426,0.0,15426.0,10621.42,4804.58,31.145987294178656
ORD02672,2025-02-19,CUST0268,P021,1,0.0,COD,Delivered,CMP005,5045,2967.68,5045,0.0,5045.0,2967.68,2077.32,41.17581764122894
ORD02673,2025-04-28,CUST0615,P012,3,5.0,Credit Card,Delivered,CMP003,5080,2793.69,15240,762.0,14478.0,8381.07,6096.93,42.11168669705761
ORD02674,2025-07-21,CUST0943,P011,1,5.0,UPI,Returned,CMP003,7881,6026.38,7881,394.05,7486.95,6026.38,1460.5699999999997,19.508210953726145
ORD02675,2025-07-10,CUST0963,P006,2,5.0,Credit Card,Delivered,CMP006,4933,3611.45,9866,493.3,9372.7,7222.9,2149.800000000001,22.936827168265292
ORD02676,2025-12-30,CUST0624,P003,1,0.0,Debit Card,Delivered,CMP004,5857,3883.91,5857,0.0,5857.0,3883.91,1973.0900000000001,33.68772409083148
ORD02677,2025-11-19,CUST0321,P014,4,0.0,Credit Card,Delivered,,6801,4221.32,27204,0.0,27204.0,16885.28,10318.720000000001,37.930892515806505
ORD02678,2025-06-30,CUST0923,P002,1,25.0,Net Banking,Delivered,CMP005,6053,3796.4,6053,1513.25,4539.75,3796.4,743.3499999999999,16.374249683352605
ORD02679,2025-03-19,CUST0816,P011,1,20.0,Credit Card,Cancelled,CMP001,7881,6026.38,7881,1576.2,6304.8,6026.38,278.4200000000001,4.416000507549804
ORD02680,2025-03-16,CUST0856,P022,4,10.0,COD,Delivered,CMP004,5915,3970.45,23660,2366.0,21294.0,15881.8,5412.200000000001,25.416549262703114
ORD02681,2025-10-22,CUST0062,P003,2,25.0,COD,Shipped,CMP006,5857,3883.91,11714,2928.5,8785.5,7767.82,1017.6800000000003,11.583632121108648
ORD02682,2025-10-08,CUST0300,P018,1,10.0,Debit Card,Delivered,CMP003,6660,5091.78,6660,666.0,5994.0,5091.78,902.2200000000003,15.052052052052057
ORD02683,2025-01-21,CUST0403,P001,4,0.0,UPI,Cancelled,CMP005,6748,4695.17,26992,0.0,26992.0,18780.68,8211.32,30.421310017783043
ORD02684,2025-06-20,CUST0955,P024,3,0.0,Net Banking,Shipped,CMP004,972,537.49,2916,0.0,2916.0,1612.47,1303.53,44.702674897119344
ORD02685,2025-01-15,CUST0648,P001,4,20.0,UPI,Delivered,CMP002,6748,4695.17,26992,5398.4,21593.6,18780.68,2812.9199999999983,13.026637522228802
ORD02686,2025-07-30,CUST0567,P012,2,10.0,UPI,Cancelled,CMP002,5080,2793.69,10160,1016.0,9144.0,5587.38,3556.62,38.89566929133858
ORD02687,2025-02-17,CUST0620,P015,1,20.0,Net Banking,Delivered,CMP003,5978,4066.66,5978,1195.6,4782.4,4066.66,715.7399999999998,14.966125794580124
ORD02688,2025-03-27,CUST0303,P005,2,20.0,COD,Delivered,CMP003,1046,807.54,2092,418.4,1673.6,1615.08,58.51999999999998,3.496653919694072
ORD02689,2025-05-29,CUST0770,P006,2,10.0,Debit Card,Delivered,CMP003,4933,3611.45,9866,986.6,8879.4,7222.9,1656.5,18.655539788724465
ORD02690,2025-07-07,CUST0253,P016,1,0.0,Credit Card,Delivered,CMP006,7713,5310.71,7713,0.0,7713.0,5310.71,2402.29,31.145987294178656
ORD02691,2025-11-02,CUST0734,P012,3,0.0,COD,Delivered,CMP001,5080,2793.69,15240,0.0,15240.0,8381.07,6858.93,45.00610236220473
ORD02692,2025-05-31,CUST0478,P012,1,0.0,Debit Card,Delivered,CMP003,5080,2793.69,5080,0.0,5080.0,2793.69,2286.31,45.00610236220473
ORD02693,2025-05-21,CUST0369,P003,2,0.0,COD,Returned,CMP003,5857,3883.91,11714,0.0,11714.0,7767.82,3946.1800000000003,33.68772409083148
ORD02694,2025-03-10,CUST0679,P023,1,5.0,Net Banking,Returned,CMP006,5137,3830.78,5137,256.85,4880.15,3830.78,1049.3699999999994,21.502822659139564
ORD02695,2025-09-17,CUST0941,P002,2,0.0,UPI,Delivered,CMP003,6053,3796.4,12106,0.0,12106.0,7592.8,4513.2,37.280687262514455
ORD02696,2025-11-30,CUST0160,P007,1,0.0,Net Banking,Delivered,CMP005,5886,3178.13,5886,0.0,5886.0,3178.13,2707.87,46.005266734624534
ORD02697,2025-01-09,CUST0961,P002,1,10.0,Credit Card,Returned,CMP005,6053,3796.4,6053,605.3,5447.7,3796.4,1651.2999999999997,30.31187473612717
ORD02698,2025-05-01,CUST0166,P021,4,5.0,Net Banking,Returned,CMP004,5045,2967.68,20180,1009.0,19171.0,11870.72,7300.280000000001,38.07980804339889
ORD02699,2025-04-11,CUST0205,P007,1,10.0,UPI,Delivered,CMP001,5886,3178.13,5886,588.6,5297.4,3178.13,2119.2699999999995,40.00585192736059
ORD02700,2025-05-29,CUST0267,P011,1,5.0,COD,Delivered,CMP002,7881,6026.38,7881,394.05,7486.95,6026.38,1460.5699999999997,19.508210953726145
ORD02701,2025-05-26,CUST0138,P011,1,10.0,Debit Card,Returned,CMP002,7881,6026.38,7881,788.1,7092.9,6026.38,1066.5199999999995,15.036444895599818
ORD02702,2025-12-19,CUST0368,P014,1,20.0,,Returned,CMP001,6801,4221.32,6801,1360.2,5440.8,4221.32,1219.4800000000005,22.41361564475813
ORD02703,2025-08-31,CUST0443,P003,3,0.0,COD,Delivered,CMP002,5857,3883.91,17571,0.0,17571.0,11651.73,5919.27,33.68772409083148
ORD02704,2025-08-29,CUST0858,P014,1,0.0,Debit Card,Shipped,CMP004,6801,4221.32,6801,0.0,6801.0,4221.32,2579.6800000000003,37.930892515806505
ORD02705,2025-12-03,CUST0760,P011,4,20.0,UPI,Delivered,CMP001,7881,6026.38,31524,6304.8,25219.2,24105.52,1113.6800000000003,4.416000507549804
ORD02706,2025-02-12,CUST0567,P004,2,10.0,Net Banking,Shipped,CMP001,2776,1530.45,5552,555.2,4996.8,3060.9,1935.9,38.74279538904899
ORD02707,2025-04-05,CUST0916,P017,2,15.0,COD,Delivered,CMP004,4817,3075.17,9634,1445.1,8188.9,6150.34,2038.5599999999995,24.894186032312028
ORD02708,2025-08-14,CUST0721,P016,2,0.0,Debit Card,Delivered,CMP001,7713,5310.71,15426,0.0,15426.0,10621.42,4804.58,31.145987294178656
ORD02709,2025-01-06,CUST0017,P003,1,15.0,Debit Card,Delivered,CMP001,5857,3883.91,5857,878.55,4978.45,3883.91,1094.54,21.985557753919394
ORD02710,2025-08-02,CUST0068,P025,1,20.0,Net Banking,Returned,CMP006,7392,5142.33,7392,1478.4,5913.6,5142.33,771.2700000000004,13.042309253246758
ORD02711,2025-07-25,CUST0133,P010,2,10.0,COD,Delivered,CMP001,3310,2109.97,6620,662.0,5958.0,4219.94,1738.0600000000004,29.171869754951334
ORD02712,2025-03-08,CUST0700,P021,1,0.0,COD,Cancelled,CMP002,5045,2967.68,5045,0.0,5045.0,2967.68,2077.32,41.17581764122894
ORD02713,2025-04-10,CUST0919,P015,1,20.0,UPI,Delivered,CMP001,5978,4066.66,5978,1195.6,4782.4,4066.66,715.7399999999998,14.966125794580124
ORD02714,2025-01-12,CUST0430,P008,1,15.0,COD,Cancelled,CMP005,3129,1758.81,3129,469.35,2659.65,1758.81,900.8400000000001,33.8706220743331
ORD02715,2025-08-25,CUST0308,P018,1,15.0,Net Banking,Delivered,CMP004,6660,5091.78,6660,999.0,5661.0,5091.78,569.2200000000003,10.055113937466883
ORD02716,2025-11-18,CUST0650,P003,1,0.0,COD,Delivered,CMP001,5857,3883.91,5857,0.0,5857.0,3883.91,1973.0900000000001,33.68772409083148
ORD02717,2025-09-15,CUST0174,P007,1,15.0,UPI,Delivered,CMP004,5886,3178.13,5886,882.9,5003.1,3178.13,1824.9700000000003,36.47678439367592
ORD02718,2025-12-03,CUST0412,P010,4,0.0,Debit Card,Delivered,CMP001,3310,2109.97,13240,0.0,13240.0,8439.88,4800.120000000001,36.254682779456196
ORD02719,2025-05-15,CUST0097,P020,2,0.0,COD,Delivered,CMP003,7452,4168.44,14904,0.0,14904.0,8336.88,6567.120000000001,44.06280193236716
ORD02720,2025-08-10,CUST0683,P009,2,10.0,Net Banking,Delivered,CMP004,1097,712.85,2194,219.4,1974.6,1425.7,548.8999999999999,27.798035045072417
ORD02721,2025-06-05,CUST0154,P014,4,5.0,COD,Delivered,CMP001,6801,4221.32,27204,1360.2,25843.8,16885.28,8958.52,34.66409738505948
ORD02722,2025-05-22,CUST0695,P023,2,10.0,,Delivered,CMP003,5137,3830.78,10274,1027.4,9246.6,7661.56,1585.04,17.141868362425107
ORD02723,2025-06-07,CUST0242,P014,2,10.0,UPI,Delivered,CMP003,6801,4221.32,13602,1360.2,12241.8,8442.64,3799.16,31.034325017562775
ORD02724,2025-11-22,CUST0304,P011,3,0.0,Debit Card,Delivered,CMP006,7881,6026.38,23643,0.0,23643.0,18079.14,5563.860000000001,23.532800406039843
ORD02725,2025-12-10,CUST0285,P001,4,10.0,Credit Card,Delivered,CMP006,6748,4695.17,26992,2699.2,24292.8,18780.68,5512.119999999999,22.69034446420338
ORD02726,2025-09-19,CUST0027,P004,1,20.0,Net Banking,Delivered,CMP004,2776,1530.45,2776,555.2,2220.8,1530.45,690.3500000000001,31.08564481268012
ORD02727,2025-10-10,CUST0402,P006,3,0.0,COD,Delivered,CMP006,4933,3611.45,14799,0.0,14799.0,10834.349999999999,3964.6500000000015,26.78998580985203
ORD02728,2025-12-04,CUST0360,P022,4,10.0,UPI,Delivered,CMP004,5915,3970.45,23660,2366.0,21294.0,15881.8,5412.200000000001,25.416549262703114
ORD02729,2025-12-10,CUST0060,P022,2,5.0,COD,Delivered,CMP006,5915,3970.45,11830,591.5,11238.5,7940.9,3297.6000000000004,29.341994038350315
ORD02730,2025-08-17,CUST0202,P005,1,10.0,COD,Delivered,CMP003,1046,807.54,1046,104.6,941.4,807.54,133.86,14.219247928616955
ORD02731,2025-10-07,CUST0762,P003,1,5.0,COD,Cancelled,CMP004,5857,3883.91,5857,292.85,5564.15,3883.91,1680.2399999999998,30.197604306138402
ORD02732,2025-12-24,CUST0874,P002,1,5.0,COD,Returned,CMP005,6053,3796.4,6053,302.65,5750.35,3796.4,1953.9500000000003,33.9796708026468
ORD02733,2025-10-17,CUST0581,P003,2,0.0,UPI,Delivered,CMP006,5857,3883.91,11714,0.0,11714.0,7767.82,3946.1800000000003,33.68772409083148
ORD02734,2025-06-17,CUST0970,P009,1,25.0,Credit Card,Delivered,CMP001,1097,712.85,1097,274.25,822.75,712.85,109.89999999999998,13.357642054086902
ORD02735,2025-02-16,CUST0370,P019,4,10.0,Net Banking,Delivered,CMP001,7745,4299.97,30980,3098.0,27882.0,17199.88,10682.119999999999,38.31188580446165
ORD02736,2025-07-22,CUST0533,P019,1,10.0,,Returned,CMP006,7745,4299.97,7745,774.5,6970.5,4299.97,2670.5299999999997,38.31188580446165
ORD02737,2025-08-02,CUST0152,P017,3,5.0,UPI,Delivered,CMP004,4817,3075.17,14451,722.55,13728.45,9225.51,4502.9400000000005,32.80006118680551
ORD02738,2025-09-03,CUST0102,P018,2,10.0,Net Banking,Cancelled,CMP006,6660,5091.78,13320,1332.0,11988.0,10183.56,1804.4400000000005,15.052052052052057
ORD02739,2025-01-24,CUST0899,P011,3,5.0,Debit Card,Delivered,CMP005,7881,6026.38,23643,1182.15,22460.85,18079.14,4381.709999999999,19.50821095372615
ORD02740,2025-11-17,CUST1000,P012,2,5.0,Credit Card,Delivered,CMP005,5080,2793.69,10160,508.0,9652.0,5587.38,4064.62,42.11168669705761
ORD02741,2025-10-01,CUST0607,P003,3,10.0,UPI,Delivered,CMP003,5857,3883.91,17571,1757.1,15813.9,11651.73,4162.17,26.319693434257207
ORD02742,2025-02-13,CUST0446,P018,1,5.0,UPI,Delivered,CMP002,6660,5091.78,6660,333.0,6327.0,5091.78,1235.2200000000003,19.52299668089142
ORD02743,2025-11-28,CUST0873,P024,2,0.0,UPI,Delivered,CMP004,972,537.49,1944,0.0,1944.0,1074.98,869.02,44.702674897119344
ORD02744,2025-11-09,CUST0229,P006,2,10.0,Net Banking,Delivered,CMP006,4933,3611.45,9866,986.6,8879.4,7222.9,1656.5,18.655539788724465
ORD02745,2025-12-29,CUST0125,P007,3,20.0,COD,Cancelled,CMP005,5886,3178.13,17658,3531.6,14126.4,9534.39,4592.01,32.50658341828066
ORD02746,2025-06-05,CUST0770,P001,1,0.0,Debit Card,Returned,CMP003,6748,4695.17,6748,0.0,6748.0,4695.17,2052.83,30.421310017783043
ORD02747,2025-07-18,CUST0834,P006,1,0.0,Net Banking,Delivered,CMP005,4933,3611.45,4933,0.0,4933.0,3611.45,1321.5500000000002,26.78998580985202
ORD02748,2025-06-11,CUST0999,P018,4,0.0,Net Banking,Delivered,CMP004,6660,5091.78,26640,0.0,26640.0,20367.12,6272.880000000001,23.54684684684685
ORD02749,2025-08-22,CUST0881,P013,1,25.0,Credit Card,Returned,CMP006,6435,4995.55,6435,1608.75,4826.25,4995.55,-169.30000000000018,-3.507899507899512
ORD02750,2025-06-12,CUST0938,P022,4,15.0,Debit Card,Delivered,CMP002,5915,3970.45,23660,3549.0,20111.0,15881.8,4229.200000000001,21.029287454626825
ORD02751,2025-04-26,CUST0236,P019,1,10.0,UPI,Delivered,CMP001,7745,4299.97,7745,774.5,6970.5,4299.97,2670.5299999999997,38.31188580446165
ORD02752,2025-04-03,CUST0162,P007,3,20.0,Net Banking,Delivered,CMP003,5886,3178.13,17658,3531.6,14126.4,9534.39,4592.01,32.50658341828066
ORD02753,2025-02-11,CUST0554,P019,3,10.0,Debit Card,Delivered,CMP002,7745,4299.97,23235,2323.5,20911.5,12899.91,8011.59,38.31188580446166
ORD02754,2025-10-11,CUST0788,P009,1,25.0,Credit Card,Returned,CMP006,1097,712.85,1097,274.25,822.75,712.85,109.89999999999998,13.357642054086902
ORD02755,2025-07-29,CUST0353,P003,3,5.0,COD,Delivered,CMP001,5857,3883.91,17571,878.55,16692.45,11651.73,5040.720000000001,30.19760430613841
ORD02756,2025-07-25,CUST0068,P023,2,0.0,Debit Card,Delivered,CMP006,5137,3830.78,10274,0.0,10274.0,7661.56,2612.4399999999996,25.427681526182592
ORD02757,2025-08-08,CUST0173,P012,2,10.0,UPI,Delivered,CMP006,5080,2793.69,10160,1016.0,9144.0,5587.38,3556.62,38.89566929133858
ORD02758,2025-10-07,CUST0843,P020,4,5.0,Net Banking,Delivered,CMP001,7452,4168.44,29808,1490.4,28317.6,16673.76,11643.84,41.11873887617595
ORD02759,2025-05-16,CUST0637,P024,1,10.0,COD,Returned,CMP006,972,537.49,972,97.2,874.8,537.49,337.30999999999995,38.55852766346593
ORD02760,2025-04-16,CUST0682,P018,2,5.0,Credit Card,Delivered,CMP003,6660,5091.78,13320,666.0,12654.0,10183.56,2470.4400000000005,19.52299668089142
ORD02761,2025-04-28,CUST0559,P008,2,10.0,UPI,Delivered,CMP005,3129,1758.81,6258,625.8,5632.2,3517.62,2114.58,37.544476403536805
ORD02762,2025-08-25,CUST0261,P009,4,5.0,COD,Shipped,CMP001,1097,712.85,4388,219.4,4168.6,2851.4,1317.2000000000003,31.59813846375282
ORD02763,2025-11-05,CUST0217,P013,3,0.0,Credit Card,Delivered,CMP006,6435,4995.55,19305,0.0,19305.0,14986.650000000001,4318.3499999999985,22.36907536907536
ORD02764,2025-04-10,CUST0817,P008,1,20.0,UPI,Delivered,CMP004,3129,1758.81,3129,625.8,2503.2,1758.81,744.3899999999999,29.737535953978906
ORD02765,2025-09-18,CUST0124,P022,4,20.0,,Delivered,CMP006,5915,3970.45,23660,4732.0,18928.0,15881.8,3046.2000000000007,16.093617920541
ORD02766,2025-11-01,CUST0805,P010,4,25.0,Credit Card,Delivered,CMP004,3310,2109.97,13240,3310.0,9930.0,8439.88,1490.1200000000008,15.0062437059416
ORD02767,2025-12-20,CUST0162,P017,2,15.0,COD,Delivered,CMP003,4817,3075.17,9634,1445.1,8188.9,6150.34,2038.5599999999995,24.894186032312028
ORD02768,2025-10-13,CUST0201,P007,1,15.0,UPI,Delivered,CMP001,5886,3178.13,5886,882.9,5003.1,3178.13,1824.9700000000003,36.47678439367592
ORD02769,2025-11-24,CUST0454,P017,1,10.0,Debit Card,Delivered,CMP001,4817,3075.17,4817,481.7,4335.3,3075.17,1260.13,29.066731252739142
ORD02770,2025-04-13,CUST0402,P023,1,0.0,UPI,Delivered,CMP003,5137,3830.78,5137,0.0,5137.0,3830.78,1306.2199999999998,25.427681526182592
ORD02771,2025-03-04,CUST0462,P018,4,0.0,COD,Delivered,CMP006,6660,5091.78,26640,0.0,26640.0,20367.12,6272.880000000001,23.54684684684685
ORD02772,2025-06-24,CUST0275,P024,2,5.0,COD,Delivered,CMP001,972,537.49,1944,97.2,1846.8,1074.98,771.8199999999999,41.79228936538878
ORD02773,2025-10-09,CUST0206,P002,1,20.0,Debit Card,Delivered,CMP006,6053,3796.4,6053,1210.6,4842.4,3796.4,1045.9999999999995,21.60085907814306
ORD02774,2025-10-20,CUST0040,P003,1,0.0,COD,Returned,CMP006,5857,3883.91,5857,0.0,5857.0,3883.91,1973.0900000000001,33.68772409083148
ORD02775,2025-08-14,CUST0273,P019,2,20.0,UPI,Returned,CMP003,7745,4299.97,15490,3098.0,12392.0,8599.94,3792.0599999999995,30.600871530019365
ORD02776,2025-01-07,CUST0700,P001,1,10.0,Credit Card,Delivered,CMP002,6748,4695.17,6748,674.8,6073.2,4695.17,1378.0299999999997,22.69034446420338
ORD02777,2025-05-07,CUST0867,P021,2,15.0,UPI,Returned,CMP006,5045,2967.68,10090,1513.5,8576.5,5935.36,2641.1400000000003,30.7950795779164
ORD02778,2025-04-02,CUST0093,P021,4,0.0,COD,Delivered,CMP001,5045,2967.68,20180,0.0,20180.0,11870.72,8309.28,41.17581764122894
ORD02779,2025-07-09,CUST0042,P010,2,5.0,Debit Card,Delivered,CMP002,3310,2109.97,6620,331.0,6289.0,4219.94,2069.0600000000004,32.89966608363811
ORD02780,2025-12-25,CUST0465,P021,1,25.0,Debit Card,Cancelled,CMP001,5045,2967.68,5045,1261.25,3783.75,2967.68,816.0700000000002,21.567756854971922
ORD02781,2025-02-22,CUST0379,P014,3,5.0,Net Banking,Delivered,CMP006,6801,4221.32,20403,1020.15,19382.85,12663.96,6718.889999999999,34.66409738505947
ORD02782,2025-08-30,CUST0107,P013,1,5.0,Debit Card,Delivered,CMP004,6435,4995.55,6435,321.75,6113.25,4995.55,1117.6999999999998,18.283237230605646
ORD02783,2025-05-12,CUST0328,P009,3,,Debit Card,Delivered,CMP002,1097,712.85,3291,0.0,3291.0,2138.55,1152.4499999999998,35.01823154056517
ORD02784,2025-12-30,CUST0065,P006,3,0.0,COD,Delivered,CMP002,4933,3611.45,14799,0.0,14799.0,10834.349999999999,3964.6500000000015,26.78998580985203
ORD02785,2025-04-22,CUST0365,P006,1,0.0,Credit Card,Delivered,CMP003,4933,3611.45,4933,0.0,4933.0,3611.45,1321.5500000000002,26.78998580985202
ORD02786,2025-01-07,CUST0821,P019,1,10.0,Credit Card,Delivered,CMP001,7745,4299.97,7745,774.5,6970.5,4299.97,2670.5299999999997,38.31188580446165
ORD02787,2025-08-18,CUST0484,P021,1,10.0,COD,Delivered,CMP006,5045,2967.68,5045,504.5,4540.5,2967.68,1572.8200000000002,34.639797379143275
ORD02788,2025-06-05,CUST0647,P010,2,10.0,Debit Card,Delivered,CMP003,3310,2109.97,6620,662.0,5958.0,4219.94,1738.0600000000004,29.171869754951334
ORD02789,2025-07-16,CUST0901,P023,3,0.0,UPI,Delivered,CMP005,5137,3830.78,15411,0.0,15411.0,11492.34,3918.66,25.427681526182592
ORD02790,2025-11-19,CUST0024,P003,1,15.0,Credit Card,Delivered,CMP002,5857,3883.91,5857,878.55,4978.45,3883.91,1094.54,21.985557753919394
ORD02791,2025-12-30,CUST0540,P018,3,15.0,COD,Delivered,CMP003,6660,5091.78,19980,2997.0,16983.0,15275.34,1707.6599999999999,10.055113937466878
ORD02792,2025-08-11,CUST0062,P021,2,0.0,UPI,Delivered,CMP002,5045,2967.68,10090,0.0,10090.0,5935.36,4154.64,41.17581764122894
ORD02793,2025-09-07,CUST0491,P019,2,5.0,Debit Card,Returned,CMP005,7745,4299.97,15490,774.5,14715.5,8599.94,6115.5599999999995,41.55862865685841
ORD02794,2025-03-24,CUST0273,P005,3,0.0,COD,Delivered,CMP005,1046,807.54,3138,0.0,3138.0,2422.62,715.3800000000001,22.797323135755263
ORD02795,2025-08-28,CUST0229,P025,2,15.0,Credit Card,Cancelled,CMP001,7392,5142.33,14784,2217.6,12566.4,10284.66,2281.74,18.157467532467532
ORD02796,2025-12-26,CUST0020,P011,2,15.0,UPI,Returned,CMP001,7881,6026.38,15762,2364.3,13397.7,12052.76,1344.9400000000005,10.038588712988053
ORD02797,2025-11-19,CUST0003,P010,1,20.0,UPI,Shipped,CMP005,3310,2109.97,3310,662.0,2648.0,2109.97,538.0300000000002,20.31835347432025
ORD02798,2025-09-20,CUST0421,P017,1,0.0,Credit Card,Delivered,CMP001,4817,3075.17,4817,0.0,4817.0,3075.17,1741.83,36.16005812746523
ORD02799,2025-07-08,CUST0730,P004,2,10.0,UPI,Delivered,CMP003,2776,1530.45,5552,555.2,4996.8,3060.9,1935.9,38.74279538904899
ORD02800,2025-10-17,CUST0911,P021,1,0.0,Credit Card,Delivered,CMP003,5045,2967.68,5045,0.0,5045.0,2967.68,2077.32,41.17581764122894
ORD02801,2025-12-28,CUST0307,P018,3,5.0,COD,Delivered,CMP002,6660,5091.78,19980,999.0,18981.0,15275.34,3705.66,19.522996680891417
ORD02802,2025-02-27,CUST0432,P018,2,10.0,Net Banking,Delivered,CMP004,6660,5091.78,13320,1332.0,11988.0,10183.56,1804.4400000000005,15.052052052052057
ORD02803,2025-01-09,CUST0136,P001,2,0.0,Debit Card,Delivered,CMP003,6748,4695.17,13496,0.0,13496.0,9390.34,4105.66,30.421310017783043
ORD02804,2025-10-31,CUST0909,P014,1,15.0,COD,Delivered,CMP003,6801,4221.32,6801,1020.15,5780.85,4221.32,1559.5300000000007,26.977520606831185
ORD02805,2025-04-25,CUST0944,P008,3,10.0,Debit Card,Delivered,CMP002,3129,1758.81,9387,938.7,8448.3,5276.43,3171.869999999999,37.5444764035368
ORD02806,2025-07-29,CUST0515,P002,1,15.0,Debit Card,Delivered,CMP005,6053,3796.4,6053,907.95,5145.05,3796.4,1348.65,26.21257325001701
ORD02807,2025-02-10,CUST0193,P019,2,5.0,Credit Card,Shipped,CMP001,7745,4299.97,15490,774.5,14715.5,8599.94,6115.5599999999995,41.55862865685841
ORD02808,2025-10-31,CUST0585,P015,1,20.0,Net Banking,Shipped,CMP003,5978,4066.66,5978,1195.6,4782.4,4066.66,715.7399999999998,14.966125794580124
ORD02809,2025-06-22,CUST0415,P002,3,25.0,Debit Card,Delivered,CMP002,6053,3796.4,18159,4539.75,13619.25,11389.2,2230.0499999999993,16.374249683352602
ORD02810,2025-08-22,CUST0873,P004,3,20.0,Debit Card,Delivered,CMP005,2776,1530.45,8328,1665.6,6662.4,4591.35,2071.0499999999993,31.08564481268011
ORD02811,2025-10-08,CUST0118,P001,4,15.0,COD,Shipped,CMP002,6748,4695.17,26992,4048.8,22943.2,18780.68,4162.52,18.142717667980058
ORD02812,2025-03-19,CUST0666,P019,1,15.0,Net Banking,Delivered,CMP005,7745,4299.97,7745,1161.75,6583.25,4299.97,2283.2799999999997,34.683173204724106
ORD02813,2025-04-18,CUST0209,P021,2,10.0,Net Banking,Delivered,CMP004,5045,2967.68,10090,1009.0,9081.0,5935.36,3145.6400000000003,34.639797379143275
ORD02814,2025-10-08,CUST0952,P010,1,0.0,Debit Card,Delivered,CMP006,3310,2109.97,3310,0.0,3310.0,2109.97,1200.0300000000002,36.254682779456196
ORD02815,2025-02-08,CUST0034,P001,1,10.0,Net Banking,Delivered,CMP004,6748,4695.17,6748,674.8,6073.2,4695.17,1378.0299999999997,22.69034446420338
ORD02816,2025-04-29,CUST0649,P020,1,15.0,COD,Delivered,CMP003,7452,4168.44,7452,1117.8,6334.2,4168.44,2165.76,34.191531685137825
ORD02817,2025-12-01,CUST0318,P022,4,25.0,Credit Card,Cancelled,CMP005,5915,3970.45,23660,5915.0,17745.0,15881.8,1863.2000000000007,10.499859115243733
ORD02818,2025-12-02,CUST0120,P015,4,10.0,Debit Card,Delivered,CMP004,5978,4066.66,23912,2391.2,21520.8,16266.64,5254.16,24.41433403962678
ORD02819,2025-01-27,CUST0627,P004,1,5.0,UPI,Returned,CMP005,2776,1530.45,2776,138.8,2637.2,1530.45,1106.7499999999998,41.966858789625356
ORD02820,2025-04-14,CUST0525,P007,4,15.0,Debit Card,Delivered,CMP001,5886,3178.13,23544,3531.6,20012.4,12712.52,7299.880000000001,36.47678439367592
ORD02821,2025-03-15,CUST0581,P007,1,25.0,Debit Card,Delivered,CMP003,5886,3178.13,5886,1471.5,4414.5,3178.13,1236.37,28.007022312832706
ORD02822,2025-07-10,CUST0937,P022,3,0.0,Credit Card,Delivered,CMP005,5915,3970.45,17745,0.0,17745.0,11911.349999999999,5833.6500000000015,32.87489433643281
ORD02823,2025-11-20,CUST0845,P025,3,5.0,UPI,Delivered,CMP005,7392,5142.33,22176,1108.8,21067.2,15426.99,5640.210000000001,26.772470950102534
ORD02824,2025-05-27,CUST0769,P018,1,10.0,UPI,Delivered,CMP005,6660,5091.78,6660,666.0,5994.0,5091.78,902.2200000000003,15.052052052052057
ORD02825,2025-09-12,CUST0089,P013,1,0.0,UPI,Cancelled,CMP004,6435,4995.55,6435,0.0,6435.0,4995.55,1439.4499999999998,22.369075369075368
ORD02826,2025-10-11,CUST0512,P010,1,0.0,Credit Card,Delivered,CMP006,3310,2109.97,3310,0.0,3310.0,2109.97,1200.0300000000002,36.254682779456196
ORD02827,2025-08-01,CUST0047,P024,4,5.0,Net Banking,Delivered,CMP002,972,537.49,3888,194.4,3693.6,2149.96,1543.6399999999999,41.79228936538878
ORD02828,2025-05-03,CUST0772,P008,2,20.0,UPI,Delivered,CMP001,3129,1758.81,6258,1251.6,5006.4,3517.62,1488.7799999999997,29.737535953978906
ORD02829,2025-07-25,CUST0740,P010,3,0.0,Net Banking,Returned,CMP001,3310,2109.97,9930,0.0,9930.0,6329.91,3600.09,36.254682779456196
ORD02830,2025-08-28,CUST0959,P014,2,5.0,COD,Delivered,CMP006,6801,4221.32,13602,680.1,12921.9,8442.64,4479.26,34.66409738505948
ORD02831,2025-12-05,CUST0692,P014,4,15.0,Credit Card,Delivered,CMP002,6801,4221.32,27204,4080.6,23123.4,16885.28,6238.120000000003,26.977520606831185
ORD02832,2025-10-13,CUST0522,P020,1,25.0,Net Banking,Delivered,CMP005,7452,4168.44,7452,1863.0,5589.0,4168.44,1420.5600000000004,25.41706924315621
ORD02833,2025-01-22,CUST0284,P022,1,25.0,UPI,Delivered,CMP001,5915,3970.45,5915,1478.75,4436.25,3970.45,465.8000000000002,10.499859115243733
ORD02834,2025-09-16,CUST0377,P011,3,5.0,UPI,Delivered,CMP002,7881,6026.38,23643,1182.15,22460.85,18079.14,4381.709999999999,19.50821095372615
ORD02835,2025-12-23,CUST0638,P006,1,25.0,Net Banking,Shipped,CMP004,4933,3611.45,4933,1233.25,3699.75,3611.45,88.30000000000018,2.386647746469361
ORD02836,2025-04-15,CUST0134,P021,1,0.0,Net Banking,Delivered,CMP003,5045,2967.68,5045,0.0,5045.0,2967.68,2077.32,41.17581764122894
ORD02837,2025-09-15,CUST0667,P001,1,15.0,COD,Delivered,CMP002,6748,4695.17,6748,1012.2,5735.8,4695.17,1040.63,18.142717667980058
ORD02838,2025-07-23,CUST0248,P019,2,10.0,Credit Card,Returned,CMP003,7745,4299.97,15490,1549.0,13941.0,8599.94,5341.0599999999995,38.31188580446165
ORD02839,2025-11-06,CUST0652,P007,2,0.0,Debit Card,Cancelled,CMP001,5886,3178.13,11772,0.0,11772.0,6356.26,5415.74,46.005266734624534
ORD02840,2025-09-19,CUST0318,P024,4,10.0,COD,Delivered,CMP003,972,537.49,3888,388.8,3499.2,2149.96,1349.2399999999998,38.55852766346593
ORD02841,2025-04-17,CUST0436,P018,1,0.0,COD,Delivered,CMP001,6660,5091.78,6660,0.0,6660.0,5091.78,1568.2200000000003,23.54684684684685
ORD02842,2025-09-08,CUST0176,P003,3,20.0,COD,Shipped,CMP004,5857,3883.91,17571,3514.2,14056.8,11651.73,2405.0699999999997,17.109655113539354
ORD02843,2025-08-09,CUST0835,P020,1,5.0,UPI,Delivered,CMP001,7452,4168.44,7452,372.6,7079.4,4168.44,2910.96,41.11873887617595
ORD02844,2025-08-10,CUST0686,P011,1,10.0,Net Banking,Returned,CMP003,7881,6026.38,7881,788.1,7092.9,6026.38,1066.5199999999995,15.036444895599818
ORD02845,2025-09-15,CUST0993,P005,1,0.0,Credit Card,Delivered,CMP001,1046,807.54,1046,0.0,1046.0,807.54,238.46000000000004,22.797323135755263
ORD02846,2025-07-20,CUST0586,P019,2,0.0,UPI,Delivered,CMP003,7745,4299.97,15490,0.0,15490.0,8599.94,6890.0599999999995,44.48069722401549
ORD02847,2025-09-15,CUST0351,P021,2,25.0,COD,Delivered,CMP002,5045,2967.68,10090,2522.5,7567.5,5935.36,1632.1400000000003,21.567756854971922
ORD02848,2025-12-15,CUST0143,P024,3,15.0,Credit Card,Returned,CMP005,972,537.49,2916,437.4,2478.6,1612.47,866.1299999999999,34.944323408375695
ORD02849,2025-08-13,CUST0967,P024,4,25.0,UPI,Shipped,CMP004,972,537.49,3888,972.0,2916.0,2149.96,766.04,26.270233196159122
ORD02850,2025-07-21,CUST0804,P002,1,5.0,Debit Card,Delivered,CMP006,6053,3796.4,6053,302.65,5750.35,3796.4,1953.9500000000003,33.9796708026468
ORD02851,2025-08-14,CUST0398,P022,1,0.0,COD,Delivered,CMP006,5915,3970.45,5915,0.0,5915.0,3970.45,1944.5500000000002,32.8748943364328
ORD02852,2025-08-24,CUST0624,P004,4,10.0,UPI,Delivered,CMP005,2776,1530.45,11104,1110.4,9993.6,6121.8,3871.8,38.74279538904899
ORD02853,2025-07-02,CUST0718,P025,2,10.0,UPI,Cancelled,CMP005,7392,5142.33,14784,1478.4,13305.6,10284.66,3020.9400000000005,22.704274891774894
ORD02854,2025-07-19,CUST0643,P010,3,0.0,COD,Delivered,CMP004,3310,2109.97,9930,0.0,9930.0,6329.91,3600.09,36.254682779456196
ORD02855,2025-12-23,CUST0369,P002,1,15.0,Debit Card,Returned,CMP004,6053,3796.4,6053,907.95,5145.05,3796.4,1348.65,26.21257325001701
ORD02856,2025-09-03,CUST0501,P008,4,5.0,Net Banking,Delivered,CMP004,3129,1758.81,12516,625.8,11890.2,7035.24,4854.960000000001,40.831609224403294
ORD02857,2025-12-19,CUST0622,P001,1,0.0,Debit Card,Delivered,CMP002,6748,4695.17,6748,0.0,6748.0,4695.17,2052.83,30.421310017783043
ORD02858,2025-04-21,CUST0370,P006,1,5.0,COD,Delivered,CMP002,4933,3611.45,4933,246.65,4686.35,3611.45,1074.9000000000005,22.936827168265292
ORD02859,2025-01-06,CUST0579,P011,2,10.0,Net Banking,Delivered,CMP004,7881,6026.38,15762,1576.2,14185.8,12052.76,2133.039999999999,15.036444895599818
ORD02860,2025-08-24,CUST0382,P010,1,15.0,UPI,Delivered,CMP005,3310,2109.97,3310,496.5,2813.5,2109.97,703.5300000000002,25.005509152301407
ORD02861,2025-05-07,CUST0086,P013,1,10.0,Debit Card,Shipped,CMP003,6435,4995.55,6435,643.5,5791.5,4995.55,795.9499999999998,13.743417076750408
ORD02862,2025-04-14,CUST0787,P001,2,10.0,Debit Card,Delivered,CMP001,6748,4695.17,13496,1349.6,12146.4,9390.34,2756.0599999999995,22.69034446420338
ORD02863,2025-08-25,CUST0739,P002,1,0.0,Net Banking,Delivered,CMP003,6053,3796.4,6053,0.0,6053.0,3796.4,2256.6,37.280687262514455
ORD02864,2025-06-04,CUST0460,P003,4,20.0,UPI,Returned,CMP006,5857,3883.91,23428,4685.6,18742.4,15535.64,3206.760000000002,17.109655113539365
ORD02865,2025-09-14,CUST0950,P009,3,20.0,Debit Card,Returned,CMP002,1097,712.85,3291,658.2,2632.8,2138.55,494.25,18.77278942570647
ORD02866,2025-08-23,CUST0325,P005,1,15.0,Net Banking,Delivered,CMP004,1046,807.54,1046,156.9,889.1,807.54,81.56000000000006,9.173321336182664
ORD02867,2025-10-16,CUST0522,P010,1,0.0,Debit Card,Delivered,CMP006,3310,2109.97,3310,0.0,3310.0,2109.97,1200.0300000000002,36.254682779456196
ORD02868,2025-02-09,CUST0489,P010,1,10.0,UPI,Delivered,CMP002,3310,2109.97,3310,331.0,2979.0,2109.97,869.0300000000002,29.171869754951334
ORD02869,2025-10-15,CUST0929,P012,4,10.0,UPI,Delivered,CMP006,5080,2793.69,20320,2032.0,18288.0,11174.76,7113.24,38.89566929133858
ORD02870,2025-07-16,CUST0397,P018,2,25.0,Credit Card,Delivered,CMP006,6660,5091.78,13320,3330.0,9990.0,10183.56,-193.5599999999995,-1.9375375375375326
ORD02871,2025-09-30,CUST0896,P021,2,25.0,Net Banking,Delivered,CMP002,5045,2967.68,10090,2522.5,7567.5,5935.36,1632.1400000000003,21.567756854971922
ORD02872,2025-09-21,CUST0355,P021,3,20.0,COD,Delivered,CMP001,5045,2967.68,15135,3027.0,12108.0,8903.039999999999,3204.960000000001,26.469772051536182
ORD02873,2025-02-26,CUST0947,P001,2,0.0,Debit Card,Returned,CMP001,6748,4695.17,13496,0.0,13496.0,9390.34,4105.66,30.421310017783043
ORD02874,2025-10-25,CUST0288,P003,4,25.0,UPI,Cancelled,CMP002,5857,3883.91,23428,5857.0,17571.0,15535.64,2035.3600000000006,11.583632121108648
ORD02875,2025-04-08,CUST0459,P005,3,10.0,Debit Card,Shipped,CMP006,1046,807.54,3138,313.8,2824.2,2422.62,401.5799999999999,14.219247928616952
ORD02876,2025-05-17,CUST0624,P025,3,15.0,Debit Card,Returned,CMP002,7392,5142.33,22176,3326.4,18849.6,15426.99,3422.6099999999988,18.15746753246753
ORD02877,2025-03-28,CUST0998,P017,2,5.0,COD,Delivered,CMP006,4817,3075.17,9634,481.7,9152.3,6150.34,3001.959999999999,32.80006118680549
ORD02878,2025-08-30,CUST0536,P008,1,5.0,UPI,Delivered,CMP002,3129,1758.81,3129,156.45,2972.55,1758.81,1213.7400000000002,40.831609224403294
ORD02879,2025-07-18,CUST0291,P017,2,10.0,Credit Card,Delivered,CMP006,4817,3075.17,9634,963.4,8670.6,6150.34,2520.26,29.066731252739142
ORD02880,2025-11-06,CUST0851,P009,1,0.0,Net Banking,Delivered,CMP002,1097,712.85,1097,0.0,1097.0,712.85,384.15,35.018231540565175
ORD02881,2025-03-25,CUST0838,P006,1,5.0,Debit Card,Delivered,CMP004,4933,3611.45,4933,246.65,4686.35,3611.45,1074.9000000000005,22.936827168265292
ORD02882,2025-08-30,CUST0168,P017,2,20.0,COD,Delivered,CMP001,4817,3075.17,9634,1926.8,7707.2,6150.34,1556.8599999999997,20.200072659331532
ORD02883,2025-10-08,CUST0950,P008,1,0.0,COD,Cancelled,CMP002,3129,1758.81,3129,0.0,3129.0,1758.81,1370.19,43.79002876318312
ORD02884,2025-11-19,CUST0621,P021,2,0.0,Net Banking,Delivered,CMP002,5045,2967.68,10090,0.0,10090.0,5935.36,4154.64,41.17581764122894
ORD02885,2025-09-09,CUST0428,P007,1,0.0,Net Banking,Returned,CMP001,5886,3178.13,5886,0.0,5886.0,3178.13,2707.87,46.005266734624534
ORD02886,2025-07-09,CUST0702,P007,2,5.0,UPI,Delivered,CMP001,5886,3178.13,11772,588.6,11183.4,6356.26,4827.139999999999,43.16343866802582
ORD02887,2025-06-01,CUST0490,P015,1,25.0,Debit Card,Delivered,CMP004,5978,4066.66,5978,1494.5,4483.5,4066.66,416.84000000000015,9.297200847552139
ORD02888,2025-10-29,CUST0355,P007,1,0.0,Debit Card,Delivered,CMP003,5886,3178.13,5886,0.0,5886.0,3178.13,2707.87,46.005266734624534
ORD02889,2025-10-05,CUST0196,P022,1,0.0,Net Banking,Delivered,CMP005,5915,3970.45,5915,0.0,5915.0,3970.45,1944.5500000000002,32.8748943364328
ORD02890,2025-05-19,CUST0545,P008,3,20.0,Credit Card,Delivered,CMP004,3129,1758.81,9387,1877.4,7509.6,5276.43,2233.17,29.737535953978906
ORD02891,2025-06-25,CUST0717,P009,1,20.0,Debit Card,Delivered,CMP005,1097,712.85,1097,219.4,877.6,712.85,164.75,18.77278942570647
ORD02892,2025-01-08,CUST0824,P015,1,0.0,COD,Delivered,CMP006,5978,4066.66,5978,0.0,5978.0,4066.66,1911.3400000000001,31.972900635664104
ORD02893,2025-10-22,CUST0932,P002,4,15.0,Net Banking,Cancelled,CMP005,6053,3796.4,24212,3631.8,20580.2,15185.6,5394.6,26.21257325001701
ORD02894,2025-08-23,CUST0694,P007,2,10.0,Debit Card,Delivered,CMP003,5886,3178.13,11772,1177.2,10594.8,6356.26,4238.539999999999,40.00585192736059
ORD02895,2025-06-12,CUST0659,P015,2,15.0,UPI,Delivered,CMP002,5978,4066.66,11956,1793.4,10162.6,8133.32,2029.2800000000007,19.968118394898948
ORD02896,2025-02-18,CUST0939,P018,4,10.0,Net Banking,Cancelled,CMP003,6660,5091.78,26640,2664.0,23976.0,20367.12,3608.880000000001,15.052052052052057
ORD02897,2025-10-29,CUST0780,P022,4,25.0,COD,Delivered,CMP003,5915,3970.45,23660,5915.0,17745.0,15881.8,1863.2000000000007,10.499859115243733
ORD02898,2025-02-07,CUST0011,P018,4,0.0,UPI,Delivered,CMP002,6660,5091.78,26640,0.0,26640.0,20367.12,6272.880000000001,23.54684684684685
ORD02899,2025-05-16,CUST0582,P010,1,0.0,Net Banking,Delivered,CMP003,3310,2109.97,3310,0.0,3310.0,2109.97,1200.0300000000002,36.254682779456196
ORD02900,2025-11-06,CUST0256,P022,4,5.0,Net Banking,Delivered,CMP001,5915,3970.45,23660,1183.0,22477.0,15881.8,6595.200000000001,29.341994038350315
ORD02901,2025-08-07,CUST0396,P018,1,10.0,Debit Card,Delivered,CMP002,6660,5091.78,6660,666.0,5994.0,5091.78,902.2200000000003,15.052052052052057
ORD02902,2025-12-14,CUST0731,P001,1,20.0,UPI,Delivered,CMP005,6748,4695.17,6748,1349.6,5398.4,4695.17,703.2299999999996,13.026637522228802
ORD02903,2025-10-23,CUST0809,P007,2,10.0,Net Banking,Delivered,CMP002,5886,3178.13,11772,1177.2,10594.8,6356.26,4238.539999999999,40.00585192736059
ORD02904,2025-02-03,CUST0409,P003,4,0.0,COD,Delivered,CMP001,5857,3883.91,23428,0.0,23428.0,15535.64,7892.360000000001,33.68772409083148
ORD02905,2025-12-18,CUST0362,P014,4,5.0,UPI,Returned,CMP002,6801,4221.32,27204,1360.2,25843.8,16885.28,8958.52,34.66409738505948
ORD02906,2025-03-20,CUST0259,P012,2,5.0,Debit Card,Delivered,CMP002,5080,2793.69,10160,508.0,9652.0,5587.38,4064.62,42.11168669705761
ORD02907,2025-08-24,CUST0003,P014,1,25.0,Credit Card,Returned,CMP002,6801,4221.32,6801,1700.25,5100.75,4221.32,879.4300000000003,17.241190021075337
ORD02908,2025-09-30,CUST0084,P004,2,10.0,Net Banking,Delivered,CMP002,2776,1530.45,5552,555.2,4996.8,3060.9,1935.9,38.74279538904899
ORD02909,2025-06-10,CUST0156,P013,2,10.0,Credit Card,Cancelled,CMP001,6435,4995.55,12870,1287.0,11583.0,9991.1,1591.8999999999996,13.743417076750408
ORD02910,2025-06-24,CUST0663,P016,1,15.0,Net Banking,Cancelled,CMP001,7713,5310.71,7713,1156.95,6556.05,5310.71,1245.3400000000001,18.995279169621952
ORD02911,2025-11-04,CUST0176,P016,4,15.0,Debit Card,Delivered,CMP002,7713,5310.71,30852,4627.8,26224.2,21242.84,4981.360000000001,18.995279169621952
ORD02912,2025-08-09,CUST0707,P022,2,10.0,Debit Card,Shipped,CMP003,5915,3970.45,11830,1183.0,10647.0,7940.9,2706.1000000000004,25.416549262703114
ORD02913,2025-01-09,CUST0938,P005,1,0.0,Debit Card,Delivered,CMP002,1046,807.54,1046,0.0,1046.0,807.54,238.46000000000004,22.797323135755263
ORD02914,2025-10-16,CUST0472,P020,1,20.0,Debit Card,Delivered,CMP005,7452,4168.44,7452,1490.4,5961.6,4168.44,1793.1600000000008,30.078502415458946
ORD02915,2025-04-23,CUST0619,P025,1,15.0,UPI,Delivered,CMP003,7392,5142.33,7392,1108.8,6283.2,5142.33,1140.87,18.157467532467532
ORD02916,2025-07-24,CUST0424,P006,1,15.0,UPI,Shipped,CMP004,4933,3611.45,4933,739.95,4193.05,3611.45,581.6000000000004,13.87057154100238
ORD02917,2025-07-05,CUST0134,P006,4,25.0,Net Banking,Returned,CMP004,4933,3611.45,19732,4933.0,14799.0,14445.8,353.2000000000007,2.386647746469361
ORD02918,2025-12-07,CUST0788,P018,4,15.0,UPI,Delivered,CMP003,6660,5091.78,26640,3996.0,22644.0,20367.12,2276.880000000001,10.055113937466883
ORD02919,2025-07-16,CUST0907,P006,2,15.0,Net Banking,Delivered,CMP006,4933,3611.45,9866,1479.9,8386.1,7222.9,1163.2000000000007,13.87057154100238
ORD02920,2025-09-23,CUST0864,P007,1,25.0,UPI,Delivered,CMP001,5886,3178.13,5886,1471.5,4414.5,3178.13,1236.37,28.007022312832706
ORD02921,2025-09-19,CUST0380,P024,4,0.0,UPI,Delivered,CMP002,972,537.49,3888,0.0,3888.0,2149.96,1738.04,44.702674897119344
ORD02922,2025-09-05,CUST0667,P024,1,10.0,UPI,Delivered,CMP002,972,537.49,972,97.2,874.8,537.49,337.30999999999995,38.55852766346593
ORD02923,2025-04-25,CUST0277,P016,4,10.0,COD,Delivered,CMP006,7713,5310.71,30852,3085.2,27766.8,21242.84,6523.959999999999,23.495541437976286
ORD02924,2025-05-01,CUST0236,P009,1,5.0,Debit Card,Delivered,CMP006,1097,712.85,1097,54.85,1042.15,712.85,329.30000000000007,31.59813846375282
ORD02925,2025-05-21,CUST0752,P013,4,20.0,COD,Returned,CMP005,6435,4995.55,25740,5148.0,20592.0,19982.2,609.7999999999993,2.961344211344208
ORD02926,2025-03-06,CUST0882,P012,2,15.0,UPI,Delivered,CMP003,5080,2793.69,10160,1524.0,8636.0,5587.38,3048.62,35.301296896711435
ORD02927,2025-10-03,CUST0013,P019,3,15.0,UPI,Cancelled,CMP006,7745,4299.97,23235,3485.25,19749.75,12899.91,6849.84,34.68317320472411
ORD02928,2025-11-09,CUST0342,P023,2,25.0,COD,Delivered,CMP001,5137,3830.78,10274,2568.5,7705.5,7661.56,43.9399999999996,0.5702420349101239
ORD02929,2025-08-27,CUST0035,P023,3,5.0,Net Banking,Shipped,CMP004,5137,3830.78,15411,770.55,14640.45,11492.34,3148.1100000000006,21.50282265913958
ORD02930,2025-10-29,CUST0559,P001,1,15.0,Debit Card,Delivered,CMP006,6748,4695.17,6748,1012.2,5735.8,4695.17,1040.63,18.142717667980058
ORD02931,2025-01-10,CUST0214,P008,3,10.0,Net Banking,Delivered,CMP005,3129,1758.81,9387,938.7,8448.3,5276.43,3171.869999999999,37.5444764035368
ORD02932,2025-08-21,CUST0412,P004,4,5.0,Debit Card,Cancelled,CMP002,2776,1530.45,11104,555.2,10548.8,6121.8,4426.999999999999,41.966858789625356
ORD02933,2025-07-14,CUST0405,P021,2,0.0,Credit Card,Cancelled,CMP005,5045,2967.68,10090,0.0,10090.0,5935.36,4154.64,41.17581764122894
ORD02934,2025-01-12,CUST0494,P022,1,20.0,Debit Card,Delivered,CMP002,5915,3970.45,5915,1183.0,4732.0,3970.45,761.5500000000002,16.093617920541
ORD02935,2025-06-26,CUST0658,P019,1,10.0,Net Banking,Delivered,CMP001,7745,4299.97,7745,774.5,6970.5,4299.97,2670.5299999999997,38.31188580446165
ORD02936,2025-06-26,CUST0159,P021,1,15.0,Debit Card,Delivered,CMP005,5045,2967.68,5045,756.75,4288.25,2967.68,1320.5700000000002,30.7950795779164
ORD02937,2025-08-05,CUST0956,P005,3,10.0,Credit Card,Delivered,CMP001,1046,807.54,3138,313.8,2824.2,2422.62,401.5799999999999,14.219247928616952
ORD02938,2025-01-11,CUST0637,P017,2,0.0,Credit Card,Delivered,CMP001,4817,3075.17,9634,0.0,9634.0,6150.34,3483.66,36.16005812746523
ORD02939,2025-04-28,CUST0110,P003,2,5.0,UPI,Delivered,CMP003,5857,3883.91,11714,585.7,11128.3,7767.82,3360.4799999999996,30.197604306138402
ORD02940,2025-06-13,CUST0549,P019,4,5.0,Credit Card,Delivered,CMP004,7745,4299.97,30980,1549.0,29431.0,17199.88,12231.119999999999,41.55862865685841
ORD02941,2025-02-08,CUST0789,P001,3,25.0,COD,Delivered,CMP001,6748,4695.17,20244,5061.0,15183.0,14085.51,1097.4899999999998,7.228413357044062
ORD02942,2025-02-22,CUST0526,P023,3,0.0,Net Banking,Delivered,CMP001,5137,3830.78,15411,0.0,15411.0,11492.34,3918.66,25.427681526182592
ORD02943,2025-08-06,CUST0985,P001,2,25.0,COD,Cancelled,CMP006,6748,4695.17,13496,3374.0,10122.0,9390.34,731.6599999999999,7.228413357044062
ORD02944,2025-07-25,CUST0347,P023,1,25.0,COD,Delivered,CMP001,5137,3830.78,5137,1284.25,3852.75,3830.78,21.9699999999998,0.5702420349101239
ORD02945,2025-11-08,CUST0744,P020,4,25.0,Net Banking,Delivered,CMP004,7452,4168.44,29808,7452.0,22356.0,16673.76,5682.240000000002,25.41706924315621
ORD02946,2025-12-26,CUST0828,P009,1,10.0,COD,Delivered,CMP006,1097,712.85,1097,109.7,987.3,712.85,274.44999999999993,27.798035045072417
ORD02947,2025-02-25,CUST0636,P023,4,25.0,COD,Delivered,CMP003,5137,3830.78,20548,5137.0,15411.0,15323.12,87.8799999999992,0.5702420349101239
ORD02948,2025-04-28,CUST0279,P005,2,5.0,COD,Delivered,CMP001,1046,807.54,2092,104.6,1987.4,1615.08,372.32000000000016,18.734024353426594
ORD02949,2025-09-10,CUST0479,P007,1,0.0,Credit Card,Delivered,CMP003,5886,3178.13,5886,0.0,5886.0,3178.13,2707.87,46.005266734624534
ORD02950,2025-10-13,CUST0111,P025,2,0.0,Net Banking,Cancelled,CMP004,7392,5142.33,14784,0.0,14784.0,10284.66,4499.34,30.4338474025974
ORD02951,2025-09-25,CUST0636,P006,2,20.0,Net Banking,Shipped,CMP005,4933,3611.45,9866,1973.2,7892.8,7222.9,669.9000000000005,8.487482262315028
ORD02952,2025-10-18,CUST0925,P017,1,0.0,Net Banking,Returned,CMP004,4817,3075.17,4817,0.0,4817.0,3075.17,1741.83,36.16005812746523
ORD02953,2025-11-29,CUST0431,P022,1,10.0,COD,Delivered,CMP001,5915,3970.45,5915,591.5,5323.5,3970.45,1353.0500000000002,25.416549262703114
ORD02954,2025-06-29,CUST0542,P017,4,0.0,Credit Card,Delivered,CMP001,4817,3075.17,19268,0.0,19268.0,12300.68,6967.32,36.16005812746523
ORD02955,2025-12-24,CUST0115,P013,2,5.0,Net Banking,Shipped,CMP002,6435,4995.55,12870,643.5,12226.5,9991.1,2235.3999999999996,18.283237230605646
ORD02956,2025-08-23,CUST0090,P012,1,0.0,Debit Card,Delivered,CMP004,5080,2793.69,5080,0.0,5080.0,2793.69,2286.31,45.00610236220473
ORD02957,2025-12-09,CUST0212,P004,1,20.0,Net Banking,Delivered,CMP004,2776,1530.45,2776,555.2,2220.8,1530.45,690.3500000000001,31.08564481268012
ORD02958,2025-07-15,CUST0550,P008,1,10.0,UPI,Delivered,CMP001,3129,1758.81,3129,312.9,2816.1,1758.81,1057.29,37.544476403536805
ORD02959,2025-11-04,CUST0595,P005,1,20.0,Debit Card,Delivered,CMP005,1046,807.54,1046,209.2,836.8,807.54,29.25999999999999,3.496653919694072
ORD02960,2025-03-21,CUST0539,P005,2,15.0,Net Banking,Delivered,CMP004,1046,807.54,2092,313.8,1778.2,1615.08,163.12000000000012,9.173321336182664
ORD02961,2025-05-15,CUST0729,P013,2,25.0,COD,Delivered,CMP006,6435,4995.55,12870,3217.5,9652.5,9991.1,-338.60000000000036,-3.507899507899512
ORD02962,2025-01-22,CUST0360,P011,1,10.0,Net Banking,Delivered,CMP003,7881,6026.38,7881,788.1,7092.9,6026.38,1066.5199999999995,15.036444895599818
ORD02963,2025-11-27,CUST0486,P008,2,10.0,Credit Card,Cancelled,CMP003,3129,1758.81,6258,625.8,5632.2,3517.62,2114.58,37.544476403536805
ORD02964,2025-08-13,CUST0372,P008,1,10.0,Credit Card,Delivered,CMP003,3129,1758.81,3129,312.9,2816.1,1758.81,1057.29,37.544476403536805
ORD02965,2025-02-27,CUST0215,P001,1,10.0,Net Banking,Delivered,CMP005,6748,4695.17,6748,674.8,6073.2,4695.17,1378.0299999999997,22.69034446420338
ORD02966,2025-04-03,CUST0733,P013,2,20.0,COD,Delivered,CMP005,6435,4995.55,12870,2574.0,10296.0,9991.1,304.89999999999964,2.961344211344208
ORD02967,2025-07-11,CUST0015,P005,1,10.0,COD,Returned,CMP005,1046,807.54,1046,104.6,941.4,807.54,133.86,14.219247928616955
ORD02968,2025-04-13,CUST0955,P021,2,15.0,COD,Delivered,CMP002,5045,2967.68,10090,1513.5,8576.5,5935.36,2641.1400000000003,30.7950795779164
ORD02969,2025-01-07,CUST0259,P008,3,15.0,Net Banking,Delivered,CMP004,3129,1758.81,9387,1408.05,7978.95,5276.43,2702.5199999999995,33.870622074333085
ORD02970,2025-05-08,CUST0778,P017,1,0.0,Net Banking,Cancelled,CMP002,4817,3075.17,4817,0.0,4817.0,3075.17,1741.83,36.16005812746523
ORD02971,2025-02-24,CUST0463,P023,4,10.0,UPI,Delivered,CMP005,5137,3830.78,20548,2054.8,18493.2,15323.12,3170.08,17.141868362425107
ORD02972,2025-08-19,CUST0120,P023,4,0.0,Credit Card,Delivered,CMP001,5137,3830.78,20548,0.0,20548.0,15323.12,5224.879999999999,25.427681526182592
ORD02973,2025-12-28,CUST0976,P013,2,10.0,Debit Card,Delivered,,6435,4995.55,12870,1287.0,11583.0,9991.1,1591.8999999999996,13.743417076750408
ORD02974,2025-03-03,CUST0913,P009,1,10.0,Debit Card,Shipped,CMP001,1097,712.85,1097,109.7,987.3,712.85,274.44999999999993,27.798035045072417
ORD02975,2025-08-28,CUST0128,P002,1,25.0,Credit Card,Delivered,CMP002,6053,3796.4,6053,1513.25,4539.75,3796.4,743.3499999999999,16.374249683352605
ORD02976,2025-03-31,CUST0723,P019,2,0.0,UPI,Delivered,CMP001,7745,4299.97,15490,0.0,15490.0,8599.94,6890.0599999999995,44.48069722401549
ORD02977,2025-08-20,CUST0523,P020,2,0.0,Credit Card,Delivered,CMP001,7452,4168.44,14904,0.0,14904.0,8336.88,6567.120000000001,44.06280193236716
ORD02978,2025-08-21,CUST0688,P017,2,0.0,UPI,Delivered,CMP002,4817,3075.17,9634,0.0,9634.0,6150.34,3483.66,36.16005812746523
ORD02979,2025-12-20,CUST0645,P007,3,5.0,UPI,Delivered,CMP001,5886,3178.13,17658,882.9,16775.1,9534.39,7240.709999999999,43.16343866802582
ORD02980,2025-11-29,CUST0325,P003,1,15.0,COD,Delivered,CMP005,5857,3883.91,5857,878.55,4978.45,3883.91,1094.54,21.985557753919394
ORD02981,2025-10-19,CUST0320,P019,4,20.0,Credit Card,Cancelled,CMP001,7745,4299.97,30980,6196.0,24784.0,17199.88,7584.119999999999,30.600871530019365
ORD02982,2025-12-11,CUST0506,P019,1,15.0,Debit Card,Returned,CMP006,7745,4299.97,7745,1161.75,6583.25,4299.97,2283.2799999999997,34.683173204724106
ORD02983,2025-06-01,CUST0526,P024,4,20.0,Net Banking,Cancelled,CMP006,972,537.49,3888,777.6,3110.4,2149.96,960.44,30.87834362139918
ORD02984,2025-05-25,CUST0050,P009,1,5.0,Net Banking,Delivered,CMP002,1097,712.85,1097,54.85,1042.15,712.85,329.30000000000007,31.59813846375282
ORD02985,2025-05-10,CUST0922,P010,2,0.0,Credit Card,Delivered,CMP001,3310,2109.97,6620,0.0,6620.0,4219.94,2400.0600000000004,36.254682779456196
ORD02986,2025-05-21,CUST0584,P014,2,0.0,Net Banking,Delivered,CMP001,6801,4221.32,13602,0.0,13602.0,8442.64,5159.360000000001,37.930892515806505
ORD02987,2025-04-03,CUST0069,P018,2,20.0,UPI,Delivered,CMP003,6660,5091.78,13320,2664.0,10656.0,10183.56,472.4400000000005,4.4335585585585635
ORD02988,2025-04-24,CUST0391,P015,3,15.0,Net Banking,Delivered,CMP004,5978,4066.66,17934,2690.1,15243.9,12199.98,3043.92,19.968118394898944
ORD02989,2025-10-11,CUST0383,P001,3,15.0,UPI,Delivered,CMP002,6748,4695.17,20244,3036.6,17207.4,14085.51,3121.8900000000012,18.14271766798006
ORD02990,2025-05-23,CUST0016,P025,2,5.0,UPI,Returned,CMP002,7392,5142.33,14784,739.2,14044.8,10284.66,3760.1399999999994,26.772470950102527
ORD02991,2025-08-11,CUST0439,P006,1,5.0,Debit Card,Delivered,CMP003,4933,3611.45,4933,246.65,4686.35,3611.45,1074.9000000000005,22.936827168265292
ORD02992,2025-08-20,CUST0846,P015,4,25.0,Net Banking,Delivered,CMP002,5978,4066.66,23912,5978.0,17934.0,16266.64,1667.3600000000006,9.297200847552139
ORD02993,2025-02-02,CUST0869,P025,1,0.0,Debit Card,Delivered,CMP006,7392,5142.33,7392,0.0,7392.0,5142.33,2249.67,30.4338474025974
ORD02994,2025-10-03,CUST0568,P006,1,15.0,Net Banking,Delivered,CMP003,4933,3611.45,4933,739.95,4193.05,3611.45,581.6000000000004,13.87057154100238
ORD02995,2025-06-19,CUST0617,P018,4,5.0,UPI,Delivered,CMP002,6660,5091.78,26640,1332.0,25308.0,20367.12,4940.880000000001,19.52299668089142
ORD02996,2025-05-20,CUST0132,P001,2,0.0,Net Banking,Delivered,CMP001,6748,4695.17,13496,0.0,13496.0,9390.34,4105.66,30.421310017783043
ORD02997,2025-12-23,CUST0996,P024,2,15.0,Debit Card,Delivered,CMP004,972,537.49,1944,291.6,1652.4,1074.98,577.4200000000001,34.9443234083757
ORD02998,2025-07-20,CUST0560,P003,1,5.0,COD,Cancelled,CMP002,5857,3883.91,5857,292.85,5564.15,3883.91,1680.2399999999998,30.197604306138402
ORD02999,2025-01-23,CUST0248,P017,2,15.0,Debit Card,Delivered,CMP002,4817,3075.17,9634,1445.1,8188.9,6150.34,2038.5599999999995,24.894186032312028
ORD03000,2025-08-12,CUST0273,P016,1,15.0,COD,Delivered,CMP002,7713,5310.71,7713,1156.95,6556.05,5310.71,1245.3400000000001,18.995279169621952
ORD03001,2025-09-27,CUST0623,P008,1,10.0,Credit Card,Delivered,CMP002,3129,1758.81,3129,312.9,2816.1,1758.81,1057.29,37.544476403536805
ORD03002,2025-12-13,CUST0932,P017,1,15.0,Debit Card,Cancelled,CMP004,4817,3075.17,4817,722.55,4094.45,3075.17,1019.2799999999997,24.894186032312028
ORD03003,2025-06-02,CUST0838,P008,2,10.0,Net Banking,Delivered,CMP001,3129,1758.81,6258,625.8,5632.2,3517.62,2114.58,37.544476403536805
ORD03004,2025-11-29,CUST0848,P017,1,5.0,COD,Delivered,CMP005,4817,3075.17,4817,240.85,4576.15,3075.17,1500.9799999999996,32.80006118680549
ORD03005,2025-03-26,CUST0349,P025,3,15.0,Net Banking,Delivered,CMP002,7392,5142.33,22176,3326.4,18849.6,15426.99,3422.6099999999988,18.15746753246753
ORD03006,2025-04-19,CUST0484,P009,4,10.0,COD,Delivered,CMP003,1097,712.85,4388,438.8,3949.2,2851.4,1097.7999999999997,27.798035045072417
ORD03007,2025-01-31,CUST0550,P012,2,0.0,Debit Card,Cancelled,CMP004,5080,2793.69,10160,0.0,10160.0,5587.38,4572.62,45.00610236220473
ORD03008,2025-08-17,CUST0357,P025,2,20.0,Debit Card,Shipped,CMP003,7392,5142.33,14784,2956.8,11827.2,10284.66,1542.5400000000009,13.042309253246758
ORD03009,2025-08-28,CUST0752,P019,2,10.0,Net Banking,Delivered,CMP004,7745,4299.97,15490,1549.0,13941.0,8599.94,5341.0599999999995,38.31188580446165
ORD03010,2025-12-29,CUST0318,P004,1,20.0,Debit Card,Delivered,CMP002,2776,1530.45,2776,555.2,2220.8,1530.45,690.3500000000001,31.08564481268012
ORD03011,2025-11-06,CUST0633,P021,1,20.0,Net Banking,Delivered,CMP006,5045,2967.68,5045,1009.0,4036.0,2967.68,1068.3200000000002,26.46977205153618
ORD03012,2025-05-21,CUST0048,P022,3,10.0,UPI,Cancelled,CMP003,5915,3970.45,17745,1774.5,15970.5,11911.349999999999,4059.1500000000015,25.41654926270312
ORD03013,2025-06-05,CUST0010,P025,1,10.0,COD,Delivered,CMP002,7392,5142.33,7392,739.2,6652.8,5142.33,1510.4700000000003,22.704274891774894
ORD03014,2025-10-26,CUST0233,P011,1,5.0,Net Banking,Delivered,CMP002,7881,6026.38,7881,394.05,7486.95,6026.38,1460.5699999999997,19.508210953726145
ORD03015,2025-12-11,CUST0036,P004,4,10.0,COD,Delivered,CMP001,2776,1530.45,11104,1110.4,9993.6,6121.8,3871.8,38.74279538904899
ORD03016,2025-04-09,CUST0413,P014,4,20.0,UPI,Cancelled,CMP004,6801,4221.32,27204,5440.8,21763.2,16885.28,4877.920000000002,22.41361564475813
ORD03017,2025-02-16,CUST0462,P014,3,15.0,COD,Delivered,CMP002,6801,4221.32,20403,3060.45,17342.55,12663.96,4678.59,26.977520606831177
ORD03018,2025-11-23,CUST0004,P006,4,0.0,Net Banking,Shipped,CMP006,4933,3611.45,19732,0.0,19732.0,14445.8,5286.200000000001,26.78998580985202
ORD03019,2025-03-08,CUST0044,P017,4,10.0,Debit Card,Delivered,CMP002,4817,3075.17,19268,1926.8,17341.2,12300.68,5040.52,29.066731252739142
ORD03020,2025-03-03,CUST0568,P002,2,25.0,COD,Delivered,CMP003,6053,3796.4,12106,3026.5,9079.5,7592.8,1486.6999999999998,16.374249683352605
ORD03021,2025-04-19,CUST0554,P008,2,10.0,COD,Delivered,CMP005,3129,1758.81,6258,625.8,5632.2,3517.62,2114.58,37.544476403536805
ORD03022,2025-06-16,CUST0255,P004,1,15.0,UPI,Delivered,CMP006,2776,1530.45,2776,416.4,2359.6,1530.45,829.1499999999999,35.13943041193422
ORD03023,2025-02-06,CUST0740,P010,1,15.0,Credit Card,Delivered,CMP001,3310,2109.97,3310,496.5,2813.5,2109.97,703.5300000000002,25.005509152301407
ORD03024,2025-04-29,CUST0114,P007,1,5.0,Debit Card,Cancelled,CMP006,5886,3178.13,5886,294.3,5591.7,3178.13,2413.5699999999997,43.16343866802582
ORD03025,2025-03-27,CUST0749,P004,1,5.0,Net Banking,Delivered,CMP006,2776,1530.45,2776,138.8,2637.2,1530.45,1106.7499999999998,41.966858789625356
ORD03026,2025-02-21,CUST0397,P016,4,15.0,UPI,Delivered,CMP006,7713,5310.71,30852,4627.8,26224.2,21242.84,4981.360000000001,18.995279169621952
ORD03027,2025-04-01,CUST0174,P014,2,10.0,Net Banking,Cancelled,CMP006,6801,4221.32,13602,1360.2,12241.8,8442.64,3799.16,31.034325017562775
ORD03028,2025-10-16,CUST0255,P016,1,10.0,Net Banking,Delivered,CMP006,7713,5310.71,7713,771.3,6941.7,5310.71,1630.9899999999998,23.495541437976286
ORD03029,2025-12-03,CUST0466,P025,3,15.0,COD,Delivered,CMP004,7392,5142.33,22176,3326.4,18849.6,15426.99,3422.6099999999988,18.15746753246753
ORD03030,2025-10-25,CUST0929,P009,2,15.0,UPI,Delivered,CMP005,1097,712.85,2194,329.1,1864.9,1425.7,439.20000000000005,23.550860635959033
ORD03031,2025-07-23,CUST0277,P004,4,5.0,UPI,Delivered,CMP003,2776,1530.45,11104,555.2,10548.8,6121.8,4426.999999999999,41.966858789625356
ORD03032,2025-08-26,CUST0464,P024,2,0.0,Debit Card,Delivered,CMP003,972,537.49,1944,0.0,1944.0,1074.98,869.02,44.702674897119344
ORD03033,2025-06-04,CUST0847,P006,1,5.0,Credit Card,Delivered,CMP004,4933,3611.45,4933,246.65,4686.35,3611.45,1074.9000000000005,22.936827168265292
ORD03034,2025-08-28,CUST0502,P001,2,10.0,Net Banking,Delivered,CMP006,6748,4695.17,13496,1349.6,12146.4,9390.34,2756.0599999999995,22.69034446420338
ORD03035,2025-05-16,CUST0441,P007,2,5.0,Debit Card,Shipped,CMP001,5886,3178.13,11772,588.6,11183.4,6356.26,4827.139999999999,43.16343866802582
ORD03036,2025-12-28,CUST0069,P001,3,10.0,Debit Card,Delivered,CMP005,6748,4695.17,20244,2024.4,18219.6,14085.51,4134.089999999998,22.690344464203378
ORD03037,2025-03-05,CUST0509,P019,1,0.0,Net Banking,Delivered,CMP002,7745,4299.97,7745,0.0,7745.0,4299.97,3445.0299999999997,44.48069722401549
ORD03038,2025-05-03,CUST0326,P008,1,10.0,COD,Cancelled,CMP002,3129,1758.81,3129,312.9,2816.1,1758.81,1057.29,37.544476403536805
ORD03039,2025-09-11,CUST0742,P025,1,5.0,COD,Delivered,CMP001,7392,5142.33,7392,369.6,7022.4,5142.33,1880.0699999999997,26.772470950102527
ORD03040,2025-04-24,CUST0067,P003,4,10.0,Net Banking,Delivered,CMP002,5857,3883.91,23428,2342.8,21085.2,15535.64,5549.560000000001,26.319693434257207
ORD03041,2025-01-20,CUST0304,P001,1,5.0,UPI,Delivered,CMP006,6748,4695.17,6748,337.4,6410.6,4695.17,1715.4300000000003,26.759273702929526
ORD03042,2025-01-16,CUST0972,P001,1,5.0,Credit Card,Shipped,CMP003,6748,4695.17,6748,337.4,6410.6,4695.17,1715.4300000000003,26.759273702929526
ORD03043,2025-05-25,CUST0484,P007,1,20.0,COD,Delivered,CMP004,5886,3178.13,5886,1177.2,4708.8,3178.13,1530.67,32.50658341828066
ORD03044,2025-07-27,CUST0929,P021,1,0.0,Credit Card,Returned,CMP001,5045,2967.68,5045,0.0,5045.0,2967.68,2077.32,41.17581764122894
ORD03045,2025-01-19,CUST0548,P013,1,15.0,Debit Card,Delivered,CMP006,6435,4995.55,6435,965.25,5469.75,4995.55,474.1999999999998,8.669500434206313
ORD03046,2025-06-15,CUST0417,P001,2,20.0,Debit Card,Delivered,CMP005,6748,4695.17,13496,2699.2,10796.8,9390.34,1406.4599999999991,13.026637522228802
ORD03047,2025-02-07,CUST0159,P016,4,10.0,Net Banking,Delivered,CMP003,7713,5310.71,30852,3085.2,27766.8,21242.84,6523.959999999999,23.495541437976286
ORD03048,2025-06-30,CUST0149,P022,2,20.0,Net Banking,Delivered,CMP002,5915,3970.45,11830,2366.0,9464.0,7940.9,1523.1000000000004,16.093617920541
ORD03049,2025-12-15,CUST0027,P022,3,0.0,Net Banking,Delivered,CMP003,5915,3970.45,17745,0.0,17745.0,11911.349999999999,5833.6500000000015,32.87489433643281
ORD03050,2025-04-15,CUST0987,P014,2,10.0,COD,Delivered,CMP003,6801,4221.32,13602,1360.2,12241.8,8442.64,3799.16,31.034325017562775
ORD03051,2025-04-10,CUST0584,P004,2,10.0,Credit Card,Delivered,CMP002,2776,1530.45,5552,555.2,4996.8,3060.9,1935.9,38.74279538904899
ORD03052,2025-03-31,CUST0248,P023,2,0.0,Debit Card,Shipped,CMP006,5137,3830.78,10274,0.0,10274.0,7661.56,2612.4399999999996,25.427681526182592
ORD03053,2025-10-27,CUST0101,P023,1,10.0,Credit Card,Delivered,CMP005,5137,3830.78,5137,513.7,4623.3,3830.78,792.52,17.141868362425107
ORD03054,2025-11-28,CUST0702,P012,4,5.0,COD,Delivered,CMP002,5080,2793.69,20320,1016.0,19304.0,11174.76,8129.24,42.11168669705761
ORD03055,2025-03-20,CUST0096,P025,1,10.0,Credit Card,Cancelled,CMP006,7392,5142.33,7392,739.2,6652.8,5142.33,1510.4700000000003,22.704274891774894
ORD03056,2025-03-14,CUST0384,P012,2,20.0,Credit Card,Shipped,CMP001,5080,2793.69,10160,2032.0,8128.0,5587.38,2540.62,31.257627952755907
ORD03057,2025-06-25,CUST0282,P017,1,0.0,Net Banking,Shipped,CMP003,4817,3075.17,4817,0.0,4817.0,3075.17,1741.83,36.16005812746523
ORD03058,2025-04-06,CUST0322,P021,3,5.0,Credit Card,Cancelled,CMP004,5045,2967.68,15135,756.75,14378.25,8903.039999999999,5475.210000000001,38.07980804339889
ORD03059,2025-12-11,CUST0396,P015,3,10.0,Credit Card,Delivered,CMP001,5978,4066.66,17934,1793.4,16140.6,12199.98,3940.620000000001,24.414334039626784
ORD03060,2025-04-13,CUST0278,P010,3,10.0,Credit Card,Delivered,CMP001,3310,2109.97,9930,993.0,8937.0,6329.91,2607.09,29.17186975495133
ORD03061,2025-08-12,CUST0529,P003,1,15.0,UPI,Delivered,CMP002,5857,3883.91,5857,878.55,4978.45,3883.91,1094.54,21.985557753919394
ORD03062,2025-01-06,CUST0263,P023,2,10.0,Debit Card,Delivered,CMP005,5137,3830.78,10274,1027.4,9246.6,7661.56,1585.04,17.141868362425107
ORD03063,2025-05-02,CUST0619,P020,3,0.0,Debit Card,Delivered,CMP006,7452,4168.44,22356,0.0,22356.0,12505.32,9850.68,44.06280193236715
ORD03064,2025-08-24,CUST0580,P020,1,15.0,Credit Card,Returned,CMP004,7452,4168.44,7452,1117.8,6334.2,4168.44,2165.76,34.191531685137825
ORD03065,2025-04-26,CUST0640,P012,3,20.0,Net Banking,Returned,CMP004,5080,2793.69,15240,3048.0,12192.0,8381.07,3810.9300000000003,31.257627952755907
ORD03066,2025-06-12,CUST0293,P001,1,10.0,Net Banking,Delivered,CMP003,6748,4695.17,6748,674.8,6073.2,4695.17,1378.0299999999997,22.69034446420338
ORD03067,2025-08-14,CUST0294,P001,2,10.0,Net Banking,Delivered,CMP002,6748,4695.17,13496,1349.6,12146.4,9390.34,2756.0599999999995,22.69034446420338
ORD03068,2025-08-18,CUST0608,P010,1,0.0,Debit Card,Delivered,CMP005,3310,2109.97,3310,0.0,3310.0,2109.97,1200.0300000000002,36.254682779456196
ORD03069,2025-07-01,CUST0395,P018,3,0.0,COD,Delivered,CMP003,6660,5091.78,19980,0.0,19980.0,15275.34,4704.66,23.546846846846847
ORD03070,2025-09-06,CUST0513,P015,4,0.0,Credit Card,Returned,CMP002,5978,4066.66,23912,0.0,23912.0,16266.64,7645.360000000001,31.972900635664104
ORD03071,2025-11-14,CUST0921,P002,1,10.0,Debit Card,Delivered,CMP001,6053,3796.4,6053,605.3,5447.7,3796.4,1651.2999999999997,30.31187473612717
ORD03072,2025-07-29,CUST0810,P017,3,20.0,Net Banking,Delivered,CMP006,4817,3075.17,14451,2890.2,11560.8,9225.51,2335.289999999999,20.20007265933153
ORD03073,2025-05-24,CUST0180,P008,1,10.0,Debit Card,Delivered,CMP001,3129,1758.81,3129,312.9,2816.1,1758.81,1057.29,37.544476403536805
ORD03074,2025-12-11,CUST0920,P022,1,0.0,Debit Card,Returned,CMP006,5915,3970.45,5915,0.0,5915.0,3970.45,1944.5500000000002,32.8748943364328
ORD03075,2025-04-06,CUST0693,P022,3,5.0,Debit Card,Delivered,CMP002,5915,3970.45,17745,887.25,16857.75,11911.349999999999,4946.4000000000015,29.34199403835032
ORD03076,2025-12-12,CUST0235,P009,1,5.0,Net Banking,Delivered,CMP004,1097,712.85,1097,54.85,1042.15,712.85,329.30000000000007,31.59813846375282
ORD03077,2025-09-01,CUST0952,P021,2,10.0,COD,Delivered,CMP002,5045,2967.68,10090,1009.0,9081.0,5935.36,3145.6400000000003,34.639797379143275
ORD03078,2025-03-27,CUST0831,P020,1,10.0,UPI,Delivered,CMP006,7452,4168.44,7452,745.2,6706.8,4168.44,2538.3600000000006,37.847557702630176
ORD03079,2025-07-03,CUST0337,P011,4,5.0,Credit Card,Delivered,CMP003,7881,6026.38,31524,1576.2,29947.8,24105.52,5842.279999999999,19.508210953726145
ORD03080,2025-05-01,CUST0008,P006,2,10.0,Credit Card,Delivered,CMP001,4933,3611.45,9866,986.6,8879.4,7222.9,1656.5,18.655539788724465
ORD03081,2025-11-28,CUST0443,P024,4,0.0,Debit Card,Returned,CMP002,972,537.49,3888,0.0,3888.0,2149.96,1738.04,44.702674897119344
ORD03082,2025-04-02,CUST0941,P014,1,0.0,COD,Cancelled,CMP002,6801,4221.32,6801,0.0,6801.0,4221.32,2579.6800000000003,37.930892515806505
ORD03083,2025-03-11,CUST0539,P001,1,0.0,Net Banking,Delivered,CMP006,6748,4695.17,6748,0.0,6748.0,4695.17,2052.83,30.421310017783043
ORD03084,2025-05-13,CUST0820,P007,2,5.0,UPI,Delivered,CMP005,5886,3178.13,11772,588.6,11183.4,6356.26,4827.139999999999,43.16343866802582
ORD03085,2025-10-06,CUST0658,P024,1,0.0,UPI,Cancelled,CMP005,972,537.49,972,0.0,972.0,537.49,434.51,44.702674897119344
ORD03086,2025-05-17,CUST0091,P009,1,5.0,Debit Card,Delivered,CMP001,1097,712.85,1097,54.85,1042.15,712.85,329.30000000000007,31.59813846375282
ORD03087,2025-11-10,CUST0854,P011,4,15.0,Debit Card,Delivered,CMP004,7881,6026.38,31524,4728.6,26795.4,24105.52,2689.880000000001,10.038588712988053
ORD03088,2025-07-06,CUST0272,P024,2,15.0,Net Banking,Delivered,CMP006,972,537.49,1944,291.6,1652.4,1074.98,577.4200000000001,34.9443234083757
ORD03089,2025-08-09,CUST0834,P023,1,10.0,Net Banking,Delivered,CMP005,5137,3830.78,5137,513.7,4623.3,3830.78,792.52,17.141868362425107
ORD03090,2025-02-15,CUST0005,P016,1,20.0,Net Banking,Delivered,CMP001,7713,5310.71,7713,1542.6,6170.4,5310.71,859.6899999999996,13.932484117723318
ORD03091,2025-10-05,CUST0594,P019,1,5.0,,Delivered,CMP004,7745,4299.97,7745,387.25,7357.75,4299.97,3057.7799999999997,41.55862865685841
ORD03092,2025-07-11,CUST0899,P002,1,20.0,COD,Delivered,CMP005,6053,3796.4,6053,1210.6,4842.4,3796.4,1045.9999999999995,21.60085907814306
ORD03093,2025-01-08,CUST0219,P015,1,5.0,Debit Card,Delivered,CMP003,5978,4066.66,5978,298.9,5679.1,4066.66,1612.4400000000005,28.392526984909587
ORD03094,2025-10-03,CUST0118,P003,3,5.0,Debit Card,Delivered,CMP001,5857,3883.91,17571,878.55,16692.45,11651.73,5040.720000000001,30.19760430613841
ORD03095,2025-06-28,CUST0593,P004,2,5.0,UPI,Delivered,CMP001,2776,1530.45,5552,277.6,5274.4,3060.9,2213.4999999999995,41.966858789625356
ORD03096,2025-11-30,CUST0976,P020,3,0.0,Net Banking,Cancelled,CMP006,7452,4168.44,22356,0.0,22356.0,12505.32,9850.68,44.06280193236715
ORD03097,2025-02-08,CUST0582,P022,1,25.0,Credit Card,Delivered,CMP002,5915,3970.45,5915,1478.75,4436.25,3970.45,465.8000000000002,10.499859115243733
ORD03098,2025-10-20,CUST0115,P007,2,0.0,Net Banking,Delivered,CMP002,5886,3178.13,11772,0.0,11772.0,6356.26,5415.74,46.005266734624534
ORD03099,2025-06-27,CUST0263,P012,3,5.0,COD,Delivered,CMP005,5080,2793.69,15240,762.0,14478.0,8381.07,6096.93,42.11168669705761
ORD03100,2025-06-11,CUST0306,P004,4,5.0,COD,Delivered,CMP004,2776,1530.45,11104,555.2,10548.8,6121.8,4426.999999999999,41.966858789625356
ORD03101,2025-11-27,CUST0654,P010,1,0.0,Net Banking,Delivered,CMP006,3310,2109.97,3310,0.0,3310.0,2109.97,1200.0300000000002,36.254682779456196
ORD03102,2025-04-14,CUST0422,P006,1,0.0,Net Banking,Shipped,CMP001,4933,3611.45,4933,0.0,4933.0,3611.45,1321.5500000000002,26.78998580985202
ORD03103,2025-06-10,CUST1000,P025,1,0.0,Debit Card,Delivered,CMP004,7392,5142.33,7392,0.0,7392.0,5142.33,2249.67,30.4338474025974
ORD03104,2025-10-14,CUST0207,P022,2,5.0,Credit Card,Delivered,CMP001,5915,3970.45,11830,591.5,11238.5,7940.9,3297.6000000000004,29.341994038350315
ORD03105,2025-05-03,CUST0623,P014,3,20.0,Debit Card,Delivered,CMP001,6801,4221.32,20403,4080.6,16322.4,12663.96,3658.4400000000005,22.413615644758128
ORD03106,2025-02-23,CUST0303,P003,3,5.0,UPI,Returned,CMP001,5857,3883.91,17571,878.55,16692.45,11651.73,5040.720000000001,30.19760430613841
ORD03107,2025-02-03,CUST0112,P017,2,0.0,UPI,Delivered,CMP004,4817,3075.17,9634,0.0,9634.0,6150.34,3483.66,36.16005812746523
ORD03108,2025-08-30,CUST0417,P011,1,10.0,COD,Delivered,CMP004,7881,6026.38,7881,788.1,7092.9,6026.38,1066.5199999999995,15.036444895599818
ORD03109,2025-04-23,CUST0555,P010,1,25.0,COD,Delivered,CMP003,3310,2109.97,3310,827.5,2482.5,2109.97,372.5300000000002,15.0062437059416
ORD03110,2025-11-14,CUST0859,P021,1,0.0,Credit Card,Delivered,CMP001,5045,2967.68,5045,0.0,5045.0,2967.68,2077.32,41.17581764122894
ORD03111,2025-01-23,CUST0285,P010,4,5.0,COD,Delivered,CMP004,3310,2109.97,13240,662.0,12578.0,8439.88,4138.120000000001,32.89966608363811
ORD03112,2025-02-15,CUST0640,P010,4,25.0,UPI,Delivered,CMP001,3310,2109.97,13240,3310.0,9930.0,8439.88,1490.1200000000008,15.0062437059416
ORD03113,2025-11-08,CUST0185,P003,2,0.0,Credit Card,Delivered,CMP001,5857,3883.91,11714,0.0,11714.0,7767.82,3946.1800000000003,33.68772409083148
ORD03114,2025-05-15,CUST0741,P024,2,10.0,UPI,Delivered,CMP003,972,537.49,1944,194.4,1749.6,1074.98,674.6199999999999,38.55852766346593
ORD03115,2025-04-28,CUST0901,P015,2,0.0,Net Banking,Delivered,CMP002,5978,4066.66,11956,0.0,11956.0,8133.32,3822.6800000000003,31.972900635664104
ORD03116,2025-07-08,CUST0221,P017,2,20.0,Net Banking,Delivered,CMP003,4817,3075.17,9634,1926.8,7707.2,6150.34,1556.8599999999997,20.200072659331532
ORD03117,2025-05-11,CUST0864,P018,3,25.0,Credit Card,Delivered,CMP004,6660,5091.78,19980,4995.0,14985.0,15275.34,-290.34000000000015,-1.9375375375375383
ORD03118,2025-07-31,CUST0444,P019,2,15.0,Debit Card,Delivered,CMP001,7745,4299.97,15490,2323.5,13166.5,8599.94,4566.5599999999995,34.683173204724106
ORD03119,2025-04-23,CUST0117,P019,2,5.0,COD,Returned,CMP006,7745,4299.97,15490,774.5,14715.5,8599.94,6115.5599999999995,41.55862865685841
ORD03120,2025-02-13,CUST0070,P012,4,5.0,Credit Card,Delivered,CMP003,5080,2793.69,20320,1016.0,19304.0,11174.76,8129.24,42.11168669705761
ORD03121,2025-05-08,CUST0898,P024,4,0.0,COD,Delivered,CMP001,972,537.49,3888,0.0,3888.0,2149.96,1738.04,44.702674897119344
ORD03122,2025-12-30,CUST0070,P005,1,20.0,UPI,Delivered,CMP004,1046,807.54,1046,209.2,836.8,807.54,29.25999999999999,3.496653919694072
ORD03123,2025-06-07,CUST0622,P024,1,20.0,Debit Card,Delivered,CMP003,972,537.49,972,194.4,777.6,537.49,240.11,30.87834362139918
ORD03124,2025-09-30,CUST0427,P016,2,5.0,COD,Delivered,CMP004,7713,5310.71,15426,771.3,14654.7,10621.42,4033.2800000000007,27.52209188860912
ORD03125,2025-11-11,CUST0644,P015,1,10.0,Net Banking,Delivered,CMP005,5978,4066.66,5978,597.8,5380.2,4066.66,1313.54,24.41433403962678
ORD03126,2025-12-21,CUST0568,P015,1,0.0,Net Banking,Delivered,CMP006,5978,4066.66,5978,0.0,5978.0,4066.66,1911.3400000000001,31.972900635664104
ORD03127,2025-12-06,CUST0989,P006,1,10.0,UPI,Delivered,CMP006,4933,3611.45,4933,493.3,4439.7,3611.45,828.25,18.655539788724465
ORD03128,2025-02-14,CUST0443,P012,2,10.0,Credit Card,Delivered,CMP003,5080,2793.69,10160,1016.0,9144.0,5587.38,3556.62,38.89566929133858
ORD03129,2025-04-18,CUST0601,P002,1,5.0,COD,Delivered,CMP004,6053,3796.4,6053,302.65,5750.35,3796.4,1953.9500000000003,33.9796708026468
ORD03130,2025-08-07,CUST0137,P020,2,5.0,UPI,Delivered,CMP001,7452,4168.44,14904,745.2,14158.8,8336.88,5821.92,41.11873887617595
ORD03131,2025-11-14,CUST0504,P009,2,0.0,Net Banking,Delivered,CMP006,1097,712.85,2194,0.0,2194.0,1425.7,768.3,35.018231540565175
ORD03132,2025-11-11,CUST0131,P004,2,15.0,Net Banking,Delivered,CMP001,2776,1530.45,5552,832.8,4719.2,3060.9,1658.2999999999997,35.13943041193422
ORD03133,2025-06-26,CUST0218,P005,2,20.0,Net Banking,Delivered,CMP004,1046,807.54,2092,418.4,1673.6,1615.08,58.51999999999998,3.496653919694072
ORD03134,2025-08-16,CUST0688,P021,1,25.0,Debit Card,Cancelled,CMP001,5045,2967.68,5045,1261.25,3783.75,2967.68,816.0700000000002,21.567756854971922
ORD03135,2025-07-10,CUST0171,P008,1,15.0,Debit Card,Cancelled,CMP002,3129,1758.81,3129,469.35,2659.65,1758.81,900.8400000000001,33.8706220743331
ORD03136,2025-06-09,CUST0475,P022,1,10.0,Net Banking,Delivered,CMP001,5915,3970.45,5915,591.5,5323.5,3970.45,1353.0500000000002,25.416549262703114
ORD03137,2025-09-24,CUST0612,P010,1,5.0,Credit Card,Returned,CMP001,3310,2109.97,3310,165.5,3144.5,2109.97,1034.5300000000002,32.89966608363811
ORD03138,2025-12-24,CUST0992,P007,2,25.0,Debit Card,Delivered,CMP001,5886,3178.13,11772,2943.0,8829.0,6356.26,2472.74,28.007022312832706
ORD03139,2025-11-22,CUST0129,P022,1,10.0,COD,Delivered,CMP002,5915,3970.45,5915,591.5,5323.5,3970.45,1353.0500000000002,25.416549262703114
ORD03140,2025-07-09,CUST0057,P014,1,15.0,Debit Card,Delivered,CMP003,6801,4221.32,6801,1020.15,5780.85,4221.32,1559.5300000000007,26.977520606831185
ORD03141,2025-06-24,CUST0181,P005,4,15.0,COD,Cancelled,CMP003,1046,807.54,4184,627.6,3556.4,3230.16,326.24000000000024,9.173321336182664
ORD03142,2025-10-17,CUST0246,P016,3,20.0,Debit Card,Delivered,CMP003,7713,5310.71,23139,4627.8,18511.2,15932.130000000001,2579.0699999999997,13.932484117723323
ORD03143,2025-12-23,CUST0144,P015,1,0.0,Net Banking,Delivered,CMP003,5978,4066.66,5978,0.0,5978.0,4066.66,1911.3400000000001,31.972900635664104
ORD03144,2025-05-25,CUST0051,P005,1,0.0,COD,Delivered,CMP006,1046,807.54,1046,0.0,1046.0,807.54,238.46000000000004,22.797323135755263
ORD03145,2025-08-20,CUST0368,P003,1,10.0,Credit Card,Returned,CMP004,5857,3883.91,5857,585.7,5271.3,3883.91,1387.3900000000003,26.319693434257207
ORD03146,2025-12-26,CUST0459,P023,2,20.0,Debit Card,Delivered,CMP001,5137,3830.78,10274,2054.8,8219.2,7661.56,557.6400000000003,6.784601907728249
ORD03147,2025-07-23,CUST0218,P010,1,15.0,Debit Card,Delivered,CMP001,3310,2109.97,3310,496.5,2813.5,2109.97,703.5300000000002,25.005509152301407
ORD03148,2025-08-01,CUST0616,P005,2,5.0,Net Banking,Delivered,CMP002,1046,807.54,2092,104.6,1987.4,1615.08,372.32000000000016,18.734024353426594
ORD03149,2025-02-09,CUST0895,P023,1,5.0,COD,Cancelled,CMP006,5137,3830.78,5137,256.85,4880.15,3830.78,1049.3699999999994,21.502822659139564
ORD03150,2025-10-02,CUST0567,P015,1,15.0,Net Banking,Delivered,CMP001,5978,4066.66,5978,896.7,5081.3,4066.66,1014.6400000000003,19.968118394898948
ORD03151,2025-11-19,CUST0257,P018,1,15.0,COD,Delivered,CMP005,6660,5091.78,6660,999.0,5661.0,5091.78,569.2200000000003,10.055113937466883
ORD03152,2025-03-23,CUST0858,P025,3,10.0,Debit Card,Delivered,CMP001,7392,5142.33,22176,2217.6,19958.4,15426.99,4531.410000000002,22.704274891774897
ORD03153,2025-06-30,CUST0156,P008,1,5.0,Debit Card,Delivered,CMP002,3129,1758.81,3129,156.45,2972.55,1758.81,1213.7400000000002,40.831609224403294
ORD03154,2025-11-16,CUST0565,P021,1,20.0,Debit Card,Delivered,CMP005,5045,2967.68,5045,1009.0,4036.0,2967.68,1068.3200000000002,26.46977205153618
ORD03155,2025-03-24,CUST0442,P002,2,10.0,Debit Card,Delivered,CMP002,6053,3796.4,12106,1210.6,10895.4,7592.8,3302.5999999999995,30.31187473612717
ORD03156,2025-10-30,CUST0841,P022,4,15.0,UPI,Cancelled,CMP003,5915,3970.45,23660,3549.0,20111.0,15881.8,4229.200000000001,21.029287454626825
ORD03157,2025-09-19,CUST0956,P008,1,0.0,Debit Card,Delivered,CMP006,3129,1758.81,3129,0.0,3129.0,1758.81,1370.19,43.79002876318312
ORD03158,2025-09-29,CUST0699,P023,2,5.0,Debit Card,Shipped,CMP001,5137,3830.78,10274,513.7,9760.3,7661.56,2098.739999999999,21.502822659139564
ORD03159,2025-07-19,CUST0876,P008,1,20.0,COD,Cancelled,CMP003,3129,1758.81,3129,625.8,2503.2,1758.81,744.3899999999999,29.737535953978906
ORD03160,2025-08-28,CUST0662,P004,1,0.0,Debit Card,Delivered,CMP002,2776,1530.45,2776,0.0,2776.0,1530.45,1245.55,44.86851585014409
ORD03161,2025-06-29,CUST0776,P019,2,10.0,Debit Card,Delivered,CMP006,7745,4299.97,15490,1549.0,13941.0,8599.94,5341.0599999999995,38.31188580446165
ORD03162,2025-06-20,CUST0762,P023,4,10.0,COD,Cancelled,CMP005,5137,3830.78,20548,2054.8,18493.2,15323.12,3170.08,17.141868362425107
ORD03163,2025-10-22,CUST0945,P018,1,15.0,Debit Card,Delivered,CMP001,6660,5091.78,6660,999.0,5661.0,5091.78,569.2200000000003,10.055113937466883
ORD03164,2025-06-26,CUST0810,P021,1,5.0,Debit Card,Delivered,CMP006,5045,2967.68,5045,252.25,4792.75,2967.68,1825.0700000000002,38.07980804339889
ORD03165,2025-08-25,CUST0923,P023,1,0.0,Net Banking,Delivered,CMP002,5137,3830.78,5137,0.0,5137.0,3830.78,1306.2199999999998,25.427681526182592
ORD03166,2025-05-18,CUST0935,P001,3,20.0,UPI,Delivered,CMP001,6748,4695.17,20244,4048.8,16195.2,14085.51,2109.6900000000005,13.026637522228812
ORD03167,2025-11-23,CUST0723,P020,2,10.0,COD,Delivered,CMP003,7452,4168.44,14904,1490.4,13413.6,8336.88,5076.720000000001,37.847557702630176
ORD03168,2025-11-07,CUST0025,P015,4,0.0,Net Banking,Shipped,CMP005,5978,4066.66,23912,0.0,23912.0,16266.64,7645.360000000001,31.972900635664104
ORD03169,2025-05-09,CUST0806,P018,3,0.0,Credit Card,Cancelled,CMP005,6660,5091.78,19980,0.0,19980.0,15275.34,4704.66,23.546846846846847
ORD03170,2025-02-18,CUST0853,P022,1,25.0,Credit Card,Delivered,CMP003,5915,3970.45,5915,1478.75,4436.25,3970.45,465.8000000000002,10.499859115243733
ORD03171,2025-06-13,CUST0664,P012,2,0.0,UPI,Delivered,CMP003,5080,2793.69,10160,0.0,10160.0,5587.38,4572.62,45.00610236220473
ORD03172,2025-10-04,CUST0536,P001,1,10.0,Credit Card,Delivered,CMP006,6748,4695.17,6748,674.8,6073.2,4695.17,1378.0299999999997,22.69034446420338
ORD03173,2025-10-20,CUST0764,P007,1,5.0,UPI,Delivered,CMP005,5886,3178.13,5886,294.3,5591.7,3178.13,2413.5699999999997,43.16343866802582
ORD03174,2025-04-26,CUST0060,P019,4,20.0,Credit Card,Delivered,CMP004,7745,4299.97,30980,6196.0,24784.0,17199.88,7584.119999999999,30.600871530019365
ORD03175,2025-01-24,CUST0467,P001,4,15.0,Credit Card,Cancelled,CMP002,6748,4695.17,26992,4048.8,22943.2,18780.68,4162.52,18.142717667980058
ORD03176,2025-11-07,CUST0434,P024,1,10.0,Net Banking,Returned,CMP005,972,537.49,972,97.2,874.8,537.49,337.30999999999995,38.55852766346593
ORD03177,2025-01-25,CUST0879,P007,1,0.0,Credit Card,Delivered,CMP005,5886,3178.13,5886,0.0,5886.0,3178.13,2707.87,46.005266734624534
ORD03178,2025-05-07,CUST0066,P002,1,20.0,UPI,Delivered,CMP006,6053,3796.4,6053,1210.6,4842.4,3796.4,1045.9999999999995,21.60085907814306
ORD03179,2025-08-22,CUST0910,P007,2,10.0,Debit Card,Delivered,CMP001,5886,3178.13,11772,1177.2,10594.8,6356.26,4238.539999999999,40.00585192736059
ORD03180,2025-07-28,CUST0565,P019,1,20.0,Debit Card,Delivered,CMP005,7745,4299.97,7745,1549.0,6196.0,4299.97,1896.0299999999997,30.600871530019365
ORD03181,2025-04-03,CUST0928,P013,4,10.0,Debit Card,Delivered,CMP006,6435,4995.55,25740,2574.0,23166.0,19982.2,3183.7999999999993,13.743417076750408
ORD03182,2025-04-04,CUST0106,P025,1,15.0,UPI,Cancelled,CMP003,7392,5142.33,7392,1108.8,6283.2,5142.33,1140.87,18.157467532467532
ORD03183,2025-11-23,CUST0096,P024,3,0.0,UPI,Shipped,CMP005,972,537.49,2916,0.0,2916.0,1612.47,1303.53,44.702674897119344
ORD03184,2025-08-13,CUST0988,P005,3,15.0,Debit Card,Returned,CMP006,1046,807.54,3138,470.7,2667.3,2422.62,244.6800000000003,9.173321336182667
ORD03185,2025-10-07,CUST0688,P023,1,5.0,Credit Card,Cancelled,CMP003,5137,3830.78,5137,256.85,4880.15,3830.78,1049.3699999999994,21.502822659139564
ORD03186,2025-01-11,CUST0551,P019,3,5.0,Debit Card,Shipped,CMP004,7745,4299.97,23235,1161.75,22073.25,12899.91,9173.34,41.55862865685842
ORD03187,2025-11-25,CUST0168,P001,1,0.0,COD,Returned,CMP001,6748,4695.17,6748,0.0,6748.0,4695.17,2052.83,30.421310017783043
ORD03188,2025-01-12,CUST0042,P001,1,0.0,UPI,Delivered,CMP003,6748,4695.17,6748,0.0,6748.0,4695.17,2052.83,30.421310017783043
ORD03189,2025-02-04,CUST0879,P018,1,0.0,COD,Delivered,CMP002,6660,5091.78,6660,0.0,6660.0,5091.78,1568.2200000000003,23.54684684684685
ORD03190,2025-08-16,CUST0104,P024,4,5.0,COD,Delivered,CMP001,972,537.49,3888,194.4,3693.6,2149.96,1543.6399999999999,41.79228936538878
ORD03191,2025-08-08,CUST0845,P001,2,20.0,UPI,Delivered,CMP004,6748,4695.17,13496,2699.2,10796.8,9390.34,1406.4599999999991,13.026637522228802
ORD03192,2025-05-21,CUST0204,P005,2,5.0,Debit Card,Delivered,CMP001,1046,807.54,2092,104.6,1987.4,1615.08,372.32000000000016,18.734024353426594
ORD03193,2025-01-23,CUST0520,P009,4,15.0,Net Banking,Cancelled,CMP006,1097,712.85,4388,658.2,3729.8,2851.4,878.4000000000001,23.550860635959033
ORD03194,2025-03-24,CUST0975,P012,1,0.0,COD,Delivered,CMP003,5080,2793.69,5080,0.0,5080.0,2793.69,2286.31,45.00610236220473
ORD03195,2025-08-17,CUST0282,P009,3,10.0,Debit Card,Delivered,CMP004,1097,712.85,3291,329.1,2961.9,2138.55,823.3499999999999,27.798035045072417
ORD03196,2025-12-10,CUST0908,P018,1,10.0,Net Banking,Delivered,CMP002,6660,5091.78,6660,666.0,5994.0,5091.78,902.2200000000003,15.052052052052057
ORD03197,2025-03-21,CUST0043,P023,4,25.0,COD,Delivered,CMP002,5137,3830.78,20548,5137.0,15411.0,15323.12,87.8799999999992,0.5702420349101239
ORD03198,2025-12-19,CUST0947,P011,2,20.0,Debit Card,Delivered,CMP002,7881,6026.38,15762,3152.4,12609.6,12052.76,556.8400000000001,4.416000507549804
ORD03199,2025-10-17,CUST0110,P001,1,10.0,COD,Delivered,CMP002,6748,4695.17,6748,674.8,6073.2,4695.17,1378.0299999999997,22.69034446420338
ORD03200,2025-11-27,CUST0987,P019,1,15.0,Debit Card,Delivered,CMP006,7745,4299.97,7745,1161.75,6583.25,4299.97,2283.2799999999997,34.683173204724106
ORD03201,2025-06-08,CUST0210,P022,3,0.0,Credit Card,Delivered,CMP005,5915,3970.45,17745,0.0,17745.0,11911.349999999999,5833.6500000000015,32.87489433643281
ORD03202,2025-05-08,CUST0749,P025,2,10.0,Credit Card,Delivered,CMP006,7392,5142.33,14784,1478.4,13305.6,10284.66,3020.9400000000005,22.704274891774894
ORD03203,2025-07-09,CUST0868,P010,4,0.0,UPI,Delivered,CMP005,3310,2109.97,13240,0.0,13240.0,8439.88,4800.120000000001,36.254682779456196
ORD03204,2025-01-31,CUST0831,P002,4,5.0,Net Banking,Delivered,CMP004,6053,3796.4,24212,1210.6,23001.4,15185.6,7815.800000000001,33.9796708026468
ORD03205,2025-12-25,CUST0049,P007,4,0.0,COD,Delivered,CMP003,5886,3178.13,23544,0.0,23544.0,12712.52,10831.48,46.005266734624534
ORD03206,2025-01-15,CUST0115,P020,1,15.0,COD,Delivered,CMP002,7452,4168.44,7452,1117.8,6334.2,4168.44,2165.76,34.191531685137825
ORD03207,2025-11-09,CUST0155,P002,1,10.0,Debit Card,Delivered,CMP004,6053,3796.4,6053,605.3,5447.7,3796.4,1651.2999999999997,30.31187473612717
ORD03208,2025-03-16,CUST0649,P019,1,15.0,Net Banking,Delivered,CMP001,7745,4299.97,7745,1161.75,6583.25,4299.97,2283.2799999999997,34.683173204724106
ORD03209,2025-02-03,CUST0503,P006,1,10.0,COD,Delivered,CMP003,4933,3611.45,4933,493.3,4439.7,3611.45,828.25,18.655539788724465
ORD03210,2025-12-25,CUST0679,P010,4,0.0,Net Banking,Shipped,CMP002,3310,2109.97,13240,0.0,13240.0,8439.88,4800.120000000001,36.254682779456196
ORD03211,2025-07-15,CUST0833,P009,1,15.0,Net Banking,Delivered,CMP003,1097,712.85,1097,164.55,932.45,712.85,219.60000000000002,23.550860635959033
ORD03212,2025-11-27,CUST0711,P008,1,20.0,Credit Card,Delivered,CMP002,3129,1758.81,3129,625.8,2503.2,1758.81,744.3899999999999,29.737535953978906
ORD03213,2025-01-29,CUST0986,P011,3,20.0,COD,Cancelled,CMP001,7881,6026.38,23643,4728.6,18914.4,18079.14,835.260000000002,4.416000507549814
ORD03214,2025-07-13,CUST0071,P009,3,10.0,COD,Returned,CMP003,1097,712.85,3291,329.1,2961.9,2138.55,823.3499999999999,27.798035045072417
ORD03215,2025-01-16,CUST0519,P020,2,15.0,UPI,Delivered,CMP002,7452,4168.44,14904,2235.6,12668.4,8336.88,4331.52,34.191531685137825
ORD03216,2025-03-18,CUST0712,P020,1,15.0,Net Banking,Cancelled,CMP001,7452,4168.44,7452,1117.8,6334.2,4168.44,2165.76,34.191531685137825
ORD03217,2025-10-20,CUST0336,P009,2,0.0,Debit Card,Cancelled,CMP003,1097,712.85,2194,0.0,2194.0,1425.7,768.3,35.018231540565175
ORD03218,2025-03-22,CUST0067,P008,3,0.0,Credit Card,Delivered,CMP002,3129,1758.81,9387,0.0,9387.0,5276.43,4110.57,43.790028763183116
ORD03219,2025-05-04,CUST0493,P015,3,0.0,UPI,Delivered,CMP006,5978,4066.66,17934,0.0,17934.0,12199.98,5734.02,31.972900635664104
ORD03220,2025-01-19,CUST0650,P002,3,5.0,Credit Card,Delivered,CMP004,6053,3796.4,18159,907.95,17251.05,11389.2,5861.8499999999985,33.97967080264679
ORD03221,2025-04-12,CUST0754,P024,1,10.0,Debit Card,Delivered,CMP006,972,537.49,972,97.2,874.8,537.49,337.30999999999995,38.55852766346593
ORD03222,2025-03-18,CUST0967,P001,2,25.0,UPI,Delivered,CMP001,6748,4695.17,13496,3374.0,10122.0,9390.34,731.6599999999999,7.228413357044062
ORD03223,2025-08-17,CUST0213,P009,4,10.0,Credit Card,Delivered,CMP002,1097,712.85,4388,438.8,3949.2,2851.4,1097.7999999999997,27.798035045072417
ORD03224,2025-10-24,CUST0181,P009,4,15.0,Debit Card,Returned,CMP003,1097,712.85,4388,658.2,3729.8,2851.4,878.4000000000001,23.550860635959033
ORD03225,2025-07-22,CUST0766,P013,1,15.0,UPI,Cancelled,CMP001,6435,4995.55,6435,965.25,5469.75,4995.55,474.1999999999998,8.669500434206313
ORD03226,2025-03-02,CUST0613,P008,1,0.0,Debit Card,Returned,CMP001,3129,1758.81,3129,0.0,3129.0,1758.81,1370.19,43.79002876318312
ORD03227,2025-01-26,CUST0863,P021,3,0.0,UPI,Delivered,CMP004,5045,2967.68,15135,0.0,15135.0,8903.039999999999,6231.960000000001,41.175817641228946
ORD03228,2025-03-12,CUST0599,P005,4,10.0,COD,Delivered,CMP004,1046,807.54,4184,418.4,3765.6,3230.16,535.44,14.219247928616955
ORD03229,2025-04-13,CUST0697,P003,2,15.0,COD,Cancelled,CMP002,5857,3883.91,11714,1757.1,9956.9,7767.82,2189.08,21.985557753919394
ORD03230,2025-11-22,CUST0603,P021,4,25.0,Credit Card,Delivered,CMP002,5045,2967.68,20180,5045.0,15135.0,11870.72,3264.2800000000007,21.567756854971922
ORD03231,2025-12-29,CUST0248,P004,2,5.0,Net Banking,Delivered,CMP005,2776,1530.45,5552,277.6,5274.4,3060.9,2213.4999999999995,41.966858789625356
ORD03232,2025-06-06,CUST0214,P017,1,20.0,Net Banking,Cancelled,CMP001,4817,3075.17,4817,963.4,3853.6,3075.17,778.4299999999998,20.200072659331532
ORD03233,2025-12-29,CUST0359,P016,4,5.0,Debit Card,Delivered,CMP006,7713,5310.71,30852,1542.6,29309.4,21242.84,8066.560000000001,27.52209188860912
ORD03234,2025-12-25,CUST0249,P016,3,15.0,UPI,Delivered,CMP006,7713,5310.71,23139,3470.85,19668.15,15932.130000000001,3736.0200000000004,18.995279169621952
ORD03235,2025-07-13,CUST0638,P025,1,10.0,COD,Delivered,CMP006,7392,5142.33,7392,739.2,6652.8,5142.33,1510.4700000000003,22.704274891774894
ORD03236,2025-10-02,CUST0923,P020,1,0.0,Net Banking,Delivered,CMP002,7452,4168.44,7452,0.0,7452.0,4168.44,3283.5600000000004,44.06280193236716
ORD03237,2025-11-20,CUST0950,P003,3,0.0,COD,Delivered,CMP001,5857,3883.91,17571,0.0,17571.0,11651.73,5919.27,33.68772409083148
ORD03238,2025-07-05,CUST0881,P006,1,0.0,Debit Card,Delivered,CMP006,4933,3611.45,4933,0.0,4933.0,3611.45,1321.5500000000002,26.78998580985202
ORD03239,2025-11-22,CUST0516,P001,1,5.0,Debit Card,Delivered,CMP002,6748,4695.17,6748,337.4,6410.6,4695.17,1715.4300000000003,26.759273702929526
ORD03240,2025-04-23,CUST0088,P021,4,15.0,UPI,Cancelled,CMP002,5045,2967.68,20180,3027.0,17153.0,11870.72,5282.280000000001,30.7950795779164
ORD03241,2025-11-09,CUST0663,P016,3,0.0,Net Banking,Delivered,CMP002,7713,5310.71,23139,0.0,23139.0,15932.130000000001,7206.869999999999,31.145987294178656
ORD03242,2025-06-14,CUST0176,P015,2,10.0,Debit Card,Delivered,CMP002,5978,4066.66,11956,1195.6,10760.4,8133.32,2627.08,24.41433403962678
ORD03243,2025-03-02,CUST0723,P007,3,5.0,Debit Card,Delivered,CMP005,5886,3178.13,17658,882.9,16775.1,9534.39,7240.709999999999,43.16343866802582
ORD03244,2025-04-02,CUST0426,P002,1,15.0,COD,Delivered,CMP006,6053,3796.4,6053,907.95,5145.05,3796.4,1348.65,26.21257325001701
ORD03245,2025-10-13,CUST0771,P010,1,15.0,Credit Card,Shipped,CMP005,3310,2109.97,3310,496.5,2813.5,2109.97,703.5300000000002,25.005509152301407
ORD03246,2025-06-02,CUST0603,P025,2,15.0,Net Banking,Delivered,CMP004,7392,5142.33,14784,2217.6,12566.4,10284.66,2281.74,18.157467532467532
ORD03247,2025-08-13,CUST0771,P015,1,10.0,UPI,Delivered,CMP002,5978,4066.66,5978,597.8,5380.2,4066.66,1313.54,24.41433403962678
ORD03248,2025-05-07,CUST0924,P006,1,5.0,UPI,Delivered,CMP003,4933,3611.45,4933,246.65,4686.35,3611.45,1074.9000000000005,22.936827168265292
ORD03249,2025-07-12,CUST0703,P002,3,15.0,COD,Delivered,CMP002,6053,3796.4,18159,2723.85,15435.15,11389.2,4045.949999999999,26.212573250017
ORD03250,2025-04-25,CUST0081,P024,4,0.0,UPI,Cancelled,CMP001,972,537.49,3888,0.0,3888.0,2149.96,1738.04,44.702674897119344
ORD03251,2025-09-19,CUST0927,P024,2,5.0,Debit Card,Cancelled,CMP001,972,537.49,1944,97.2,1846.8,1074.98,771.8199999999999,41.79228936538878
ORD03252,2025-01-18,CUST0138,P017,4,0.0,Net Banking,Delivered,CMP004,4817,3075.17,19268,0.0,19268.0,12300.68,6967.32,36.16005812746523
ORD03253,2025-01-10,CUST0433,P001,1,10.0,UPI,Returned,CMP001,6748,4695.17,6748,674.8,6073.2,4695.17,1378.0299999999997,22.69034446420338
ORD03254,2025-04-02,CUST0470,P001,1,15.0,Net Banking,Delivered,CMP006,6748,4695.17,6748,1012.2,5735.8,4695.17,1040.63,18.142717667980058
ORD03255,2025-05-19,CUST0350,P004,1,10.0,UPI,Delivered,CMP006,2776,1530.45,2776,277.6,2498.4,1530.45,967.95,38.74279538904899
ORD03256,2025-11-29,CUST0126,P020,1,5.0,Credit Card,Delivered,CMP001,7452,4168.44,7452,372.6,7079.4,4168.44,2910.96,41.11873887617595
ORD03257,2025-12-23,CUST0881,P016,2,0.0,Credit Card,Delivered,CMP003,7713,5310.71,15426,0.0,15426.0,10621.42,4804.58,31.145987294178656
ORD03258,2025-12-06,CUST0917,P008,1,20.0,Net Banking,Delivered,CMP005,3129,1758.81,3129,625.8,2503.2,1758.81,744.3899999999999,29.737535953978906
ORD03259,2025-02-21,CUST0868,P001,1,10.0,Credit Card,Shipped,CMP006,6748,4695.17,6748,674.8,6073.2,4695.17,1378.0299999999997,22.69034446420338
ORD03260,2025-07-14,CUST0309,P019,2,5.0,Credit Card,Cancelled,CMP006,7745,4299.97,15490,774.5,14715.5,8599.94,6115.5599999999995,41.55862865685841
ORD03261,2025-07-25,CUST0855,P011,2,10.0,Debit Card,Delivered,CMP002,7881,6026.38,15762,1576.2,14185.8,12052.76,2133.039999999999,15.036444895599818
ORD03262,2025-10-14,CUST0230,P017,1,0.0,UPI,Delivered,CMP001,4817,3075.17,4817,0.0,4817.0,3075.17,1741.83,36.16005812746523
ORD03263,2025-04-03,CUST0460,P025,1,0.0,Credit Card,Delivered,CMP002,7392,5142.33,7392,0.0,7392.0,5142.33,2249.67,30.4338474025974
ORD03264,2025-11-05,CUST0345,P010,1,5.0,Net Banking,Delivered,CMP003,3310,2109.97,3310,165.5,3144.5,2109.97,1034.5300000000002,32.89966608363811
ORD03265,2025-05-25,CUST0310,P012,2,0.0,Debit Card,Delivered,CMP002,5080,2793.69,10160,0.0,10160.0,5587.38,4572.62,45.00610236220473
ORD03266,2025-03-27,CUST0953,P009,1,0.0,Credit Card,Delivered,CMP005,1097,712.85,1097,0.0,1097.0,712.85,384.15,35.018231540565175
ORD03267,2025-06-02,CUST0020,P007,4,20.0,Net Banking,Delivered,CMP002,5886,3178.13,23544,4708.8,18835.2,12712.52,6122.68,32.50658341828066
ORD03268,2025-01-02,CUST0881,P012,1,10.0,UPI,Delivered,CMP006,5080,2793.69,5080,508.0,4572.0,2793.69,1778.31,38.89566929133858
ORD03269,2025-12-08,CUST0561,P015,1,10.0,Credit Card,Delivered,CMP002,5978,4066.66,5978,597.8,5380.2,4066.66,1313.54,24.41433403962678
ORD03270,2025-09-17,CUST0647,P008,3,15.0,Net Banking,Delivered,CMP002,3129,1758.81,9387,1408.05,7978.95,5276.43,2702.5199999999995,33.870622074333085
ORD03271,2025-06-13,CUST0541,P017,1,25.0,Net Banking,Delivered,CMP003,4817,3075.17,4817,1204.25,3612.75,3075.17,537.5799999999999,14.880077503286968
ORD03272,2025-01-06,CUST0560,P005,1,0.0,COD,Shipped,CMP002,1046,807.54,1046,0.0,1046.0,807.54,238.46000000000004,22.797323135755263
ORD03273,2025-05-29,CUST0477,P014,1,20.0,Net Banking,Cancelled,CMP005,6801,4221.32,6801,1360.2,5440.8,4221.32,1219.4800000000005,22.41361564475813
ORD03274,2025-07-24,CUST0269,P002,2,10.0,COD,Delivered,CMP003,6053,3796.4,12106,1210.6,10895.4,7592.8,3302.5999999999995,30.31187473612717
ORD03275,2025-04-28,CUST0003,P016,2,0.0,UPI,Delivered,CMP006,7713,5310.71,15426,0.0,15426.0,10621.42,4804.58,31.145987294178656
ORD03276,2025-03-30,CUST0770,P017,3,5.0,UPI,Delivered,CMP006,4817,3075.17,14451,722.55,13728.45,9225.51,4502.9400000000005,32.80006118680551
ORD03277,2025-06-03,CUST0016,P003,2,10.0,Debit Card,Delivered,CMP006,5857,3883.91,11714,1171.4,10542.6,7767.82,2774.7800000000007,26.319693434257207
ORD03278,2025-06-16,CUST0606,P023,2,15.0,COD,Delivered,CMP003,5137,3830.78,10274,1541.1,8732.9,7661.56,1071.3399999999992,12.267860619038341
ORD03279,2025-06-10,CUST0358,P001,1,0.0,Net Banking,Delivered,CMP003,6748,4695.17,6748,0.0,6748.0,4695.17,2052.83,30.421310017783043
ORD03280,2025-09-27,CUST0646,P018,1,10.0,Debit Card,Delivered,CMP002,6660,5091.78,6660,666.0,5994.0,5091.78,902.2200000000003,15.052052052052057
ORD03281,2025-02-25,CUST0813,P018,2,15.0,Debit Card,Returned,CMP004,6660,5091.78,13320,1998.0,11322.0,10183.56,1138.4400000000005,10.055113937466883
ORD03282,2025-08-16,CUST0839,P004,2,10.0,UPI,Delivered,CMP006,2776,1530.45,5552,555.2,4996.8,3060.9,1935.9,38.74279538904899
ORD03283,2025-12-03,CUST0133,P015,1,20.0,Net Banking,Returned,CMP001,5978,4066.66,5978,1195.6,4782.4,4066.66,715.7399999999998,14.966125794580124
ORD03284,2025-05-29,CUST0312,P019,1,20.0,COD,Returned,CMP005,7745,4299.97,7745,1549.0,6196.0,4299.97,1896.0299999999997,30.600871530019365
ORD03285,2025-02-15,CUST0967,P019,4,10.0,UPI,Delivered,CMP006,7745,4299.97,30980,3098.0,27882.0,17199.88,10682.119999999999,38.31188580446165
ORD03286,2025-05-24,CUST0482,P010,2,25.0,Debit Card,Shipped,CMP006,3310,2109.97,6620,1655.0,4965.0,4219.94,745.0600000000004,15.0062437059416
ORD03287,2025-08-26,CUST0895,P005,2,0.0,Credit Card,Delivered,CMP002,1046,807.54,2092,0.0,2092.0,1615.08,476.9200000000001,22.797323135755263
ORD03288,2025-09-29,CUST0544,P019,1,0.0,Debit Card,Shipped,CMP002,7745,4299.97,7745,0.0,7745.0,4299.97,3445.0299999999997,44.48069722401549
ORD03289,2025-04-30,CUST0305,P011,3,5.0,Credit Card,Delivered,CMP002,7881,6026.38,23643,1182.15,22460.85,18079.14,4381.709999999999,19.50821095372615
ORD03290,2025-12-06,CUST0269,P007,1,10.0,UPI,Delivered,CMP005,5886,3178.13,5886,588.6,5297.4,3178.13,2119.2699999999995,40.00585192736059
ORD03291,2025-08-08,CUST0414,P005,1,10.0,COD,Delivered,CMP001,1046,807.54,1046,104.6,941.4,807.54,133.86,14.219247928616955
ORD03292,2025-01-08,CUST0025,P020,2,10.0,Net Banking,Delivered,CMP002,7452,4168.44,14904,1490.4,13413.6,8336.88,5076.720000000001,37.847557702630176
ORD03293,2025-12-10,CUST0981,P012,1,0.0,Credit Card,Delivered,CMP002,5080,2793.69,5080,0.0,5080.0,2793.69,2286.31,45.00610236220473
ORD03294,2025-10-02,CUST0316,P019,3,0.0,Net Banking,Shipped,CMP002,7745,4299.97,23235,0.0,23235.0,12899.91,10335.09,44.48069722401549
ORD03295,2025-12-19,CUST0571,P015,1,20.0,UPI,Returned,CMP003,5978,4066.66,5978,1195.6,4782.4,4066.66,715.7399999999998,14.966125794580124
ORD03296,2025-03-07,CUST0725,P012,4,20.0,UPI,Delivered,CMP003,5080,2793.69,20320,4064.0,16256.0,11174.76,5081.24,31.257627952755907
ORD03297,2025-03-20,CUST0668,P004,1,10.0,UPI,Delivered,CMP006,2776,1530.45,2776,277.6,2498.4,1530.45,967.95,38.74279538904899
ORD03298,2025-03-27,CUST0826,P012,1,10.0,COD,Delivered,CMP002,5080,2793.69,5080,508.0,4572.0,2793.69,1778.31,38.89566929133858
ORD03299,2025-05-04,CUST0276,P018,1,10.0,Credit Card,Cancelled,CMP005,6660,5091.78,6660,666.0,5994.0,5091.78,902.2200000000003,15.052052052052057
ORD03300,2025-07-21,CUST0930,P017,1,0.0,Net Banking,Delivered,CMP004,4817,3075.17,4817,0.0,4817.0,3075.17,1741.83,36.16005812746523
ORD03301,2025-05-30,CUST0389,P019,3,5.0,Debit Card,Cancelled,CMP001,7745,4299.97,23235,1161.75,22073.25,12899.91,9173.34,41.55862865685842
ORD03302,2025-02-15,CUST0722,P016,1,15.0,UPI,Delivered,CMP005,7713,5310.71,7713,1156.95,6556.05,5310.71,1245.3400000000001,18.995279169621952
ORD03303,2025-04-23,CUST0444,P011,4,10.0,Net Banking,Delivered,CMP001,7881,6026.38,31524,3152.4,28371.6,24105.52,4266.079999999998,15.036444895599818
ORD03304,2025-04-01,CUST0999,P002,4,0.0,Net Banking,Delivered,CMP005,6053,3796.4,24212,0.0,24212.0,15185.6,9026.4,37.280687262514455
ORD03305,2025-05-21,CUST0427,P016,2,25.0,COD,Delivered,CMP005,7713,5310.71,15426,3856.5,11569.5,10621.42,948.0799999999999,8.194649725571546
ORD03306,2025-10-16,CUST0057,P001,1,20.0,Credit Card,Delivered,CMP004,6748,4695.17,6748,1349.6,5398.4,4695.17,703.2299999999996,13.026637522228802
ORD03307,2025-08-06,CUST0697,P017,1,5.0,COD,Delivered,CMP002,4817,3075.17,4817,240.85,4576.15,3075.17,1500.9799999999996,32.80006118680549
ORD03308,2025-03-18,CUST0971,P018,4,10.0,COD,Delivered,CMP004,6660,5091.78,26640,2664.0,23976.0,20367.12,3608.880000000001,15.052052052052057
ORD03309,2025-11-30,CUST0566,P025,4,20.0,Net Banking,Delivered,CMP005,7392,5142.33,29568,5913.6,23654.4,20569.32,3085.0800000000017,13.042309253246758
ORD03310,2025-06-01,CUST0721,P013,1,0.0,Credit Card,Delivered,CMP004,6435,4995.55,6435,0.0,6435.0,4995.55,1439.4499999999998,22.369075369075368
ORD03311,2025-11-19,CUST0368,P005,1,10.0,Credit Card,Delivered,CMP005,1046,807.54,1046,104.6,941.4,807.54,133.86,14.219247928616955
ORD03312,2025-08-27,CUST0941,P025,3,10.0,Credit Card,Delivered,CMP004,7392,5142.33,22176,2217.6,19958.4,15426.99,4531.410000000002,22.704274891774897
ORD03313,2025-04-25,CUST0342,P024,1,5.0,UPI,Delivered,CMP002,972,537.49,972,48.6,923.4,537.49,385.90999999999997,41.79228936538878
ORD03314,2025-11-15,CUST0805,P006,3,20.0,Credit Card,Delivered,CMP001,4933,3611.45,14799,2959.8,11839.2,10834.349999999999,1004.8500000000022,8.487482262315039
ORD03315,2025-04-04,CUST0852,P001,4,5.0,Net Banking,Delivered,CMP004,6748,4695.17,26992,1349.6,25642.4,18780.68,6861.720000000001,26.759273702929526
ORD03316,2025-02-17,CUST0304,P010,4,0.0,UPI,Delivered,CMP005,3310,2109.97,13240,0.0,13240.0,8439.88,4800.120000000001,36.254682779456196
ORD03317,2025-07-10,CUST0764,P005,1,0.0,Debit Card,Shipped,CMP001,1046,807.54,1046,0.0,1046.0,807.54,238.46000000000004,22.797323135755263
ORD03318,2025-01-12,CUST0374,P001,1,0.0,COD,Delivered,CMP001,6748,4695.17,6748,0.0,6748.0,4695.17,2052.83,30.421310017783043
ORD03319,2025-06-05,CUST0950,P023,2,5.0,Credit Card,Cancelled,CMP001,5137,3830.78,10274,513.7,9760.3,7661.56,2098.739999999999,21.502822659139564
ORD03320,2025-06-21,CUST0816,P011,4,15.0,Debit Card,Shipped,CMP003,7881,6026.38,31524,4728.6,26795.4,24105.52,2689.880000000001,10.038588712988053
ORD03321,2025-10-23,CUST0112,P024,3,0.0,Credit Card,Delivered,CMP003,972,537.49,2916,0.0,2916.0,1612.47,1303.53,44.702674897119344
ORD03322,2025-06-26,CUST0878,P024,3,10.0,COD,Delivered,CMP003,972,537.49,2916,291.6,2624.4,1612.47,1011.9300000000001,38.55852766346594
ORD03323,2025-12-07,CUST0006,P007,1,15.0,Net Banking,Delivered,CMP002,5886,3178.13,5886,882.9,5003.1,3178.13,1824.9700000000003,36.47678439367592
ORD03324,2025-02-26,CUST0930,P018,1,5.0,Net Banking,Delivered,CMP003,6660,5091.78,6660,333.0,6327.0,5091.78,1235.2200000000003,19.52299668089142
ORD03325,2025-12-09,CUST0703,P021,4,10.0,COD,Delivered,CMP005,5045,2967.68,20180,2018.0,18162.0,11870.72,6291.280000000001,34.639797379143275
ORD03326,2025-12-06,CUST0846,P020,4,15.0,Debit Card,Delivered,CMP002,7452,4168.44,29808,4471.2,25336.8,16673.76,8663.04,34.191531685137825
ORD03327,2025-07-22,CUST0944,P021,2,10.0,UPI,Delivered,CMP002,5045,2967.68,10090,1009.0,9081.0,5935.36,3145.6400000000003,34.639797379143275
ORD03328,2025-07-04,CUST0279,P010,3,5.0,UPI,Cancelled,CMP004,3310,2109.97,9930,496.5,9433.5,6329.91,3103.59,32.8996660836381
ORD03329,2025-05-01,CUST0382,P025,1,10.0,Credit Card,Delivered,CMP006,7392,5142.33,7392,739.2,6652.8,5142.33,1510.4700000000003,22.704274891774894
ORD03330,2025-08-14,CUST0852,P015,1,25.0,COD,Delivered,CMP002,5978,4066.66,5978,1494.5,4483.5,4066.66,416.84000000000015,9.297200847552139
ORD03331,2025-07-21,CUST0013,P004,1,5.0,COD,Delivered,CMP006,2776,1530.45,2776,138.8,2637.2,1530.45,1106.7499999999998,41.966858789625356
ORD03332,2025-11-26,CUST0303,P016,1,5.0,UPI,Delivered,CMP001,7713,5310.71,7713,385.65,7327.35,5310.71,2016.6400000000003,27.52209188860912
ORD03333,2025-12-29,CUST0556,P015,3,10.0,Debit Card,Delivered,CMP001,5978,4066.66,17934,1793.4,16140.6,12199.98,3940.620000000001,24.414334039626784
ORD03334,2025-12-22,CUST0617,P015,1,0.0,COD,Delivered,CMP003,5978,4066.66,5978,0.0,5978.0,4066.66,1911.3400000000001,31.972900635664104
ORD03335,2025-08-04,CUST0160,P012,1,10.0,Net Banking,Delivered,CMP005,5080,2793.69,5080,508.0,4572.0,2793.69,1778.31,38.89566929133858
ORD03336,2025-02-12,CUST0154,P008,1,5.0,Net Banking,Delivered,CMP002,3129,1758.81,3129,156.45,2972.55,1758.81,1213.7400000000002,40.831609224403294
ORD03337,2025-01-23,CUST0754,P008,3,0.0,COD,Delivered,CMP003,3129,1758.81,9387,0.0,9387.0,5276.43,4110.57,43.790028763183116
ORD03338,2025-06-04,CUST0181,P018,2,10.0,Debit Card,Delivered,CMP001,6660,5091.78,13320,1332.0,11988.0,10183.56,1804.4400000000005,15.052052052052057
ORD03339,2025-07-05,CUST0526,P006,4,0.0,Net Banking,Cancelled,CMP003,4933,3611.45,19732,0.0,19732.0,14445.8,5286.200000000001,26.78998580985202
ORD03340,2025-09-06,CUST0180,P005,2,5.0,Debit Card,Delivered,CMP002,1046,807.54,2092,104.6,1987.4,1615.08,372.32000000000016,18.734024353426594
ORD03341,2025-08-25,CUST0377,P002,2,0.0,UPI,Delivered,CMP003,6053,3796.4,12106,0.0,12106.0,7592.8,4513.2,37.280687262514455
ORD03342,2025-10-20,CUST0804,P012,1,0.0,Credit Card,Delivered,CMP003,5080,2793.69,5080,0.0,5080.0,2793.69,2286.31,45.00610236220473
ORD03343,2025-05-14,CUST0776,P004,1,15.0,UPI,Delivered,CMP005,2776,1530.45,2776,416.4,2359.6,1530.45,829.1499999999999,35.13943041193422
ORD03344,2025-11-17,CUST0168,P023,2,20.0,Credit Card,Delivered,CMP003,5137,3830.78,10274,2054.8,8219.2,7661.56,557.6400000000003,6.784601907728249
ORD03345,2025-01-22,CUST0214,P013,2,0.0,Net Banking,Delivered,CMP004,6435,4995.55,12870,0.0,12870.0,9991.1,2878.8999999999996,22.369075369075368
ORD03346,2025-12-27,CUST0150,P017,2,10.0,Credit Card,Shipped,CMP003,4817,3075.17,9634,963.4,8670.6,6150.34,2520.26,29.066731252739142
ORD03347,2025-03-29,CUST0016,P016,2,5.0,Credit Card,Delivered,CMP006,7713,5310.71,15426,771.3,14654.7,10621.42,4033.2800000000007,27.52209188860912
ORD03348,2025-06-02,CUST0091,P009,1,10.0,COD,Delivered,CMP005,1097,712.85,1097,109.7,987.3,712.85,274.44999999999993,27.798035045072417
ORD03349,2025-05-05,CUST0120,P001,3,10.0,Credit Card,Delivered,CMP005,6748,4695.17,20244,2024.4,18219.6,14085.51,4134.089999999998,22.690344464203378
ORD03350,2025-03-20,CUST0956,P015,1,5.0,COD,Delivered,CMP004,5978,4066.66,5978,298.9,5679.1,4066.66,1612.4400000000005,28.392526984909587
ORD03351,2025-12-12,CUST0253,P012,1,15.0,Credit Card,Delivered,CMP003,5080,2793.69,5080,762.0,4318.0,2793.69,1524.31,35.301296896711435
ORD03352,2025-02-20,CUST0060,P005,1,0.0,COD,Delivered,CMP002,1046,807.54,1046,0.0,1046.0,807.54,238.46000000000004,22.797323135755263
ORD03353,2025-08-04,CUST0266,P023,3,0.0,Net Banking,Delivered,CMP005,5137,3830.78,15411,0.0,15411.0,11492.34,3918.66,25.427681526182592
ORD03354,2025-06-25,CUST0409,P024,4,15.0,Net Banking,Delivered,CMP002,972,537.49,3888,583.2,3304.8,2149.96,1154.8400000000001,34.9443234083757
ORD03355,2025-12-24,CUST0031,P018,2,10.0,Credit Card,Delivered,CMP001,6660,5091.78,13320,1332.0,11988.0,10183.56,1804.4400000000005,15.052052052052057
ORD03356,2025-09-10,CUST0021,P020,1,10.0,Debit Card,Delivered,CMP004,7452,4168.44,7452,745.2,6706.8,4168.44,2538.3600000000006,37.847557702630176
ORD03357,2025-09-03,CUST0731,P002,2,10.0,Net Banking,Delivered,CMP001,6053,3796.4,12106,1210.6,10895.4,7592.8,3302.5999999999995,30.31187473612717
ORD03358,2025-08-15,CUST0593,P004,1,10.0,UPI,Delivered,CMP006,2776,1530.45,2776,277.6,2498.4,1530.45,967.95,38.74279538904899
ORD03359,2025-04-16,CUST0289,P015,1,10.0,UPI,Delivered,CMP005,5978,4066.66,5978,597.8,5380.2,4066.66,1313.54,24.41433403962678
ORD03360,2025-07-12,CUST0543,P006,1,5.0,COD,Returned,CMP004,4933,3611.45,4933,246.65,4686.35,3611.45,1074.9000000000005,22.936827168265292
ORD03361,2025-11-12,CUST0498,P022,2,10.0,Debit Card,Returned,CMP002,5915,3970.45,11830,1183.0,10647.0,7940.9,2706.1000000000004,25.416549262703114
ORD03362,2025-10-29,CUST0746,P012,1,10.0,COD,Delivered,CMP004,5080,2793.69,5080,508.0,4572.0,2793.69,1778.31,38.89566929133858
ORD03363,2025-02-05,CUST0474,P018,1,15.0,Credit Card,Delivered,CMP003,6660,5091.78,6660,999.0,5661.0,5091.78,569.2200000000003,10.055113937466883
ORD03364,2025-07-23,CUST0405,P020,3,15.0,Net Banking,Delivered,CMP002,7452,4168.44,22356,3353.4,19002.6,12505.32,6497.279999999999,34.19153168513782
ORD03365,2025-09-24,CUST0548,P004,2,5.0,Debit Card,Returned,CMP006,2776,1530.45,5552,277.6,5274.4,3060.9,2213.4999999999995,41.966858789625356
ORD03366,2025-09-25,CUST0961,P001,3,5.0,COD,Returned,CMP001,6748,4695.17,20244,1012.2,19231.8,14085.51,5146.289999999999,26.75927370292952
ORD03367,2025-06-19,CUST0132,P015,3,5.0,COD,Delivered,CMP005,5978,4066.66,17934,896.7,17037.3,12199.98,4837.32,28.392526984909583
ORD03368,2025-02-08,CUST0324,P018,3,10.0,UPI,Delivered,CMP005,6660,5091.78,19980,1998.0,17982.0,15275.34,2706.66,15.052052052052051
ORD03369,2025-05-19,CUST0858,P014,2,10.0,Credit Card,Delivered,CMP006,6801,4221.32,13602,1360.2,12241.8,8442.64,3799.16,31.034325017562775
ORD03370,2025-10-19,CUST0132,P003,3,20.0,COD,Delivered,CMP003,5857,3883.91,17571,3514.2,14056.8,11651.73,2405.0699999999997,17.109655113539354
ORD03371,2025-02-21,CUST0521,P015,2,15.0,UPI,Shipped,CMP003,5978,4066.66,11956,1793.4,10162.6,8133.32,2029.2800000000007,19.968118394898948
ORD03372,2025-10-14,CUST0030,P005,2,20.0,Debit Card,Delivered,CMP006,1046,807.54,2092,418.4,1673.6,1615.08,58.51999999999998,3.496653919694072
ORD03373,2025-10-16,CUST0627,P024,4,15.0,COD,Cancelled,CMP005,972,537.49,3888,583.2,3304.8,2149.96,1154.8400000000001,34.9443234083757
ORD03374,2025-05-21,CUST0301,P022,1,25.0,UPI,Delivered,CMP005,5915,3970.45,5915,1478.75,4436.25,3970.45,465.8000000000002,10.499859115243733
ORD03375,2025-05-26,CUST0004,P003,1,10.0,Credit Card,Delivered,CMP005,5857,3883.91,5857,585.7,5271.3,3883.91,1387.3900000000003,26.319693434257207
ORD03376,2025-11-10,CUST0325,P022,3,25.0,Net Banking,Delivered,CMP003,5915,3970.45,17745,4436.25,13308.75,11911.349999999999,1397.4000000000015,10.49985911524374
ORD03377,2025-07-03,CUST0509,P007,1,0.0,Debit Card,Delivered,CMP001,5886,3178.13,5886,0.0,5886.0,3178.13,2707.87,46.005266734624534
ORD03378,2025-06-01,CUST0237,P006,2,0.0,COD,Delivered,CMP002,4933,3611.45,9866,0.0,9866.0,7222.9,2643.1000000000004,26.78998580985202
ORD03379,2025-07-20,CUST0535,P022,1,10.0,UPI,Delivered,CMP004,5915,3970.45,5915,591.5,5323.5,3970.45,1353.0500000000002,25.416549262703114
ORD03380,2025-05-08,CUST0016,P001,1,25.0,COD,Shipped,CMP003,6748,4695.17,6748,1687.0,5061.0,4695.17,365.8299999999999,7.228413357044062
ORD03381,2025-10-14,CUST0534,P019,2,5.0,Net Banking,Returned,CMP004,7745,4299.97,15490,774.5,14715.5,8599.94,6115.5599999999995,41.55862865685841
ORD03382,2025-11-07,CUST0997,P007,1,0.0,COD,Delivered,CMP003,5886,3178.13,5886,0.0,5886.0,3178.13,2707.87,46.005266734624534
ORD03383,2025-09-10,CUST0584,P004,1,10.0,COD,Delivered,CMP003,2776,1530.45,2776,277.6,2498.4,1530.45,967.95,38.74279538904899
ORD03384,2025-09-23,CUST0816,P012,1,10.0,UPI,Delivered,CMP002,5080,2793.69,5080,508.0,4572.0,2793.69,1778.31,38.89566929133858
ORD03385,2025-07-07,CUST0446,P020,1,5.0,Net Banking,Delivered,CMP005,7452,4168.44,7452,372.6,7079.4,4168.44,2910.96,41.11873887617595
ORD03386,2025-08-18,CUST0993,P023,1,15.0,Debit Card,Cancelled,CMP006,5137,3830.78,5137,770.55,4366.45,3830.78,535.6699999999996,12.267860619038341
ORD03387,2025-09-28,CUST0503,P025,3,25.0,UPI,Delivered,CMP005,7392,5142.33,22176,5544.0,16632.0,15426.99,1205.0100000000002,7.245129870129871
ORD03388,2025-09-16,CUST0956,P018,1,20.0,Net Banking,Cancelled,CMP001,6660,5091.78,6660,1332.0,5328.0,5091.78,236.22000000000025,4.4335585585585635
ORD03389,2025-10-26,CUST0230,P009,3,5.0,Net Banking,Delivered,CMP003,1097,712.85,3291,164.55,3126.45,2138.55,987.8999999999996,31.598138463752807
ORD03390,2025-07-17,CUST0107,P019,4,5.0,COD,Delivered,CMP005,7745,4299.97,30980,1549.0,29431.0,17199.88,12231.119999999999,41.55862865685841
ORD03391,2025-11-19,CUST0720,P022,4,5.0,Credit Card,Delivered,CMP004,5915,3970.45,23660,1183.0,22477.0,15881.8,6595.200000000001,29.341994038350315
ORD03392,2025-02-25,CUST0389,P004,1,5.0,Credit Card,Returned,CMP003,2776,1530.45,2776,138.8,2637.2,1530.45,1106.7499999999998,41.966858789625356
ORD03393,2025-11-15,CUST0720,P001,1,0.0,Debit Card,Delivered,CMP002,6748,4695.17,6748,0.0,6748.0,4695.17,2052.83,30.421310017783043
ORD03394,2025-07-22,CUST0263,P009,1,15.0,COD,Shipped,CMP002,1097,712.85,1097,164.55,932.45,712.85,219.60000000000002,23.550860635959033
ORD03395,2025-09-28,CUST0563,P015,4,5.0,Credit Card,Delivered,CMP002,5978,4066.66,23912,1195.6,22716.4,16266.64,6449.760000000002,28.392526984909587
ORD03396,2025-04-19,CUST0065,P022,1,20.0,UPI,Delivered,CMP002,5915,3970.45,5915,1183.0,4732.0,3970.45,761.5500000000002,16.093617920541
ORD03397,2025-04-26,CUST0265,P008,2,20.0,Debit Card,Delivered,CMP004,3129,1758.81,6258,1251.6,5006.4,3517.62,1488.7799999999997,29.737535953978906
ORD03398,2025-04-02,CUST0338,P015,2,0.0,COD,Delivered,CMP003,5978,4066.66,11956,0.0,11956.0,8133.32,3822.6800000000003,31.972900635664104
ORD03399,2025-05-18,CUST0301,P015,2,25.0,UPI,Delivered,CMP005,5978,4066.66,11956,2989.0,8967.0,8133.32,833.6800000000003,9.297200847552139
ORD03400,2025-10-30,CUST0378,P018,2,15.0,Credit Card,Delivered,CMP002,6660,5091.78,13320,1998.0,11322.0,10183.56,1138.4400000000005,10.055113937466883
ORD03401,2025-02-26,CUST0175,P007,1,10.0,Credit Card,Delivered,CMP003,5886,3178.13,5886,588.6,5297.4,3178.13,2119.2699999999995,40.00585192736059
ORD03402,2025-02-19,CUST0963,P022,4,5.0,Credit Card,Delivered,CMP004,5915,3970.45,23660,1183.0,22477.0,15881.8,6595.200000000001,29.341994038350315
ORD03403,2025-03-12,CUST0152,P018,2,10.0,Credit Card,Delivered,CMP006,6660,5091.78,13320,1332.0,11988.0,10183.56,1804.4400000000005,15.052052052052057
ORD03404,2025-03-23,CUST0476,P016,4,5.0,Net Banking,Delivered,CMP002,7713,5310.71,30852,1542.6,29309.4,21242.84,8066.560000000001,27.52209188860912
ORD03405,2025-04-15,CUST0266,P002,1,10.0,Debit Card,Delivered,CMP002,6053,3796.4,6053,605.3,5447.7,3796.4,1651.2999999999997,30.31187473612717
ORD03406,2025-03-29,CUST0329,P004,4,0.0,Debit Card,Shipped,CMP003,2776,1530.45,11104,0.0,11104.0,6121.8,4982.2,44.86851585014409
ORD03407,2025-01-02,CUST0973,P020,2,10.0,Credit Card,Delivered,CMP005,7452,4168.44,14904,1490.4,13413.6,8336.88,5076.720000000001,37.847557702630176
ORD03408,2025-12-26,CUST0816,P016,1,5.0,Debit Card,Delivered,CMP006,7713,5310.71,7713,385.65,7327.35,5310.71,2016.6400000000003,27.52209188860912
ORD03409,2025-03-25,CUST0163,P003,4,0.0,UPI,Delivered,CMP003,5857,3883.91,23428,0.0,23428.0,15535.64,7892.360000000001,33.68772409083148
ORD03410,2025-02-12,CUST0438,P024,4,10.0,UPI,Delivered,CMP005,972,537.49,3888,388.8,3499.2,2149.96,1349.2399999999998,38.55852766346593
ORD03411,2025-06-03,CUST0343,P023,1,10.0,Debit Card,Delivered,CMP003,5137,3830.78,5137,513.7,4623.3,3830.78,792.52,17.141868362425107
ORD03412,2025-11-23,CUST0367,P002,1,5.0,Credit Card,Delivered,CMP001,6053,3796.4,6053,302.65,5750.35,3796.4,1953.9500000000003,33.9796708026468
ORD03413,2025-04-04,CUST0465,P003,1,0.0,COD,Delivered,CMP006,5857,3883.91,5857,0.0,5857.0,3883.91,1973.0900000000001,33.68772409083148
ORD03414,2025-10-25,CUST0750,P025,4,20.0,Credit Card,Delivered,CMP002,7392,5142.33,29568,5913.6,23654.4,20569.32,3085.0800000000017,13.042309253246758
ORD03415,2025-05-13,CUST0199,P005,2,10.0,Net Banking,Delivered,CMP001,1046,807.54,2092,209.2,1882.8,1615.08,267.72,14.219247928616955
ORD03416,2025-03-06,CUST0500,P002,2,0.0,COD,Delivered,CMP006,6053,3796.4,12106,0.0,12106.0,7592.8,4513.2,37.280687262514455
ORD03417,2025-10-17,CUST0016,P019,2,10.0,Net Banking,Delivered,CMP002,7745,4299.97,15490,1549.0,13941.0,8599.94,5341.0599999999995,38.31188580446165
ORD03418,2025-09-14,CUST0821,P024,1,10.0,Debit Card,Delivered,CMP001,972,537.49,972,97.2,874.8,537.49,337.30999999999995,38.55852766346593
ORD03419,2025-08-01,CUST0296,P020,1,0.0,Net Banking,Delivered,CMP002,7452,4168.44,7452,0.0,7452.0,4168.44,3283.5600000000004,44.06280193236716
ORD03420,2025-05-28,CUST0868,P002,3,10.0,Debit Card,Shipped,CMP003,6053,3796.4,18159,1815.9,16343.1,11389.2,4953.9,30.31187473612717
ORD03421,2025-03-02,CUST0511,P002,2,15.0,Net Banking,Delivered,CMP001,6053,3796.4,12106,1815.9,10290.1,7592.8,2697.3,26.21257325001701
ORD03422,2025-05-29,CUST0788,P022,4,15.0,COD,Delivered,CMP002,5915,3970.45,23660,3549.0,20111.0,15881.8,4229.200000000001,21.029287454626825
ORD03423,2025-03-29,CUST0984,P024,1,0.0,Net Banking,Returned,CMP004,972,537.49,972,0.0,972.0,537.49,434.51,44.702674897119344
ORD03424,2025-11-20,CUST0239,P023,3,20.0,Credit Card,Returned,CMP006,5137,3830.78,15411,3082.2,12328.8,11492.34,836.4599999999991,6.78460190772824
ORD03425,2025-10-05,CUST0581,P020,1,5.0,Debit Card,Delivered,CMP003,7452,4168.44,7452,372.6,7079.4,4168.44,2910.96,41.11873887617595
ORD03426,2025-03-23,CUST0301,P018,1,20.0,UPI,Returned,CMP004,6660,5091.78,6660,1332.0,5328.0,5091.78,236.22000000000025,4.4335585585585635
ORD03427,2025-05-09,CUST0006,P025,1,0.0,Net Banking,Delivered,CMP004,7392,5142.33,7392,0.0,7392.0,5142.33,2249.67,30.4338474025974
ORD03428,2025-10-13,CUST0220,P020,2,10.0,Debit Card,Returned,CMP001,7452,4168.44,14904,1490.4,13413.6,8336.88,5076.720000000001,37.847557702630176
ORD03429,2025-12-19,CUST0766,P025,3,10.0,UPI,Delivered,CMP002,7392,5142.33,22176,2217.6,19958.4,15426.99,4531.410000000002,22.704274891774897
ORD03430,2025-10-07,CUST0453,P021,2,0.0,Debit Card,Delivered,CMP004,5045,2967.68,10090,0.0,10090.0,5935.36,4154.64,41.17581764122894
ORD03431,2025-09-27,CUST0433,P014,2,15.0,Debit Card,Delivered,CMP005,6801,4221.32,13602,2040.3,11561.7,8442.64,3119.0600000000013,26.977520606831185
ORD03432,2025-10-19,CUST0807,P015,1,10.0,UPI,Shipped,CMP002,5978,4066.66,5978,597.8,5380.2,4066.66,1313.54,24.41433403962678
ORD03433,2025-07-22,CUST0870,P012,2,0.0,UPI,Delivered,CMP001,5080,2793.69,10160,0.0,10160.0,5587.38,4572.62,45.00610236220473
ORD03434,2025-01-24,CUST0386,P011,1,10.0,COD,Delivered,CMP001,7881,6026.38,7881,788.1,7092.9,6026.38,1066.5199999999995,15.036444895599818
ORD03435,2025-12-17,CUST0619,P011,2,10.0,Net Banking,Delivered,CMP003,7881,6026.38,15762,1576.2,14185.8,12052.76,2133.039999999999,15.036444895599818
ORD03436,2025-11-07,CUST0295,P007,1,0.0,Net Banking,Delivered,CMP003,5886,3178.13,5886,0.0,5886.0,3178.13,2707.87,46.005266734624534
ORD03437,2025-07-27,CUST0118,P012,1,25.0,Debit Card,Delivered,CMP003,5080,2793.69,5080,1270.0,3810.0,2793.69,1016.31,26.674803149606298
ORD03438,2025-10-07,CUST0405,P016,1,20.0,Credit Card,Delivered,CMP005,7713,5310.71,7713,1542.6,6170.4,5310.71,859.6899999999996,13.932484117723318
ORD03439,2025-07-24,CUST0680,P005,1,5.0,Credit Card,Cancelled,,1046,807.54,1046,52.3,993.7,807.54,186.16000000000008,18.734024353426594
ORD03440,2025-06-01,CUST0997,P002,4,10.0,Debit Card,Delivered,CMP006,6053,3796.4,24212,2421.2,21790.8,15185.6,6605.199999999999,30.31187473612717
ORD03441,2025-01-26,CUST0763,P022,1,5.0,COD,Delivered,CMP004,5915,3970.45,5915,295.75,5619.25,3970.45,1648.8000000000002,29.341994038350315
ORD03442,2025-07-13,CUST0594,P016,3,15.0,UPI,Delivered,CMP003,7713,5310.71,23139,3470.85,19668.15,15932.130000000001,3736.0200000000004,18.995279169621952
ORD03443,2025-12-02,CUST0566,P023,1,20.0,Debit Card,Shipped,CMP001,5137,3830.78,5137,1027.4,4109.6,3830.78,278.82000000000016,6.784601907728249
ORD03444,2025-08-26,CUST0752,P015,1,5.0,Net Banking,Delivered,CMP003,5978,4066.66,5978,298.9,5679.1,4066.66,1612.4400000000005,28.392526984909587
ORD03445,2025-11-17,CUST0878,P011,4,15.0,Credit Card,Delivered,CMP004,7881,6026.38,31524,4728.6,26795.4,24105.52,2689.880000000001,10.038588712988053
ORD03446,2025-03-16,CUST0012,P006,1,10.0,Credit Card,Delivered,CMP006,4933,3611.45,4933,493.3,4439.7,3611.45,828.25,18.655539788724465
ORD03447,2025-06-12,CUST0209,P013,2,5.0,Credit Card,Delivered,CMP001,6435,4995.55,12870,643.5,12226.5,9991.1,2235.3999999999996,18.283237230605646
ORD03448,2025-10-26,CUST0165,P019,1,20.0,COD,Delivered,CMP005,7745,4299.97,7745,1549.0,6196.0,4299.97,1896.0299999999997,30.600871530019365
ORD03449,2025-01-29,CUST0878,P010,4,10.0,Net Banking,Delivered,CMP006,3310,2109.97,13240,1324.0,11916.0,8439.88,3476.120000000001,29.171869754951334
ORD03450,2025-06-14,CUST0294,P024,1,10.0,COD,Delivered,CMP005,972,537.49,972,97.2,874.8,537.49,337.30999999999995,38.55852766346593
ORD03451,2025-12-03,CUST0911,P019,1,10.0,UPI,Delivered,CMP005,7745,4299.97,7745,774.5,6970.5,4299.97,2670.5299999999997,38.31188580446165
ORD03452,2025-07-05,CUST0519,P005,1,5.0,Debit Card,Delivered,CMP002,1046,807.54,1046,52.3,993.7,807.54,186.16000000000008,18.734024353426594
ORD03453,2025-02-23,CUST0078,P025,2,5.0,Debit Card,Delivered,CMP001,7392,5142.33,14784,739.2,14044.8,10284.66,3760.1399999999994,26.772470950102527
ORD03454,2025-10-22,CUST0434,P021,1,20.0,Credit Card,Shipped,CMP002,5045,2967.68,5045,1009.0,4036.0,2967.68,1068.3200000000002,26.46977205153618
ORD03455,2025-02-11,CUST0577,P007,4,10.0,Credit Card,Delivered,CMP005,5886,3178.13,23544,2354.4,21189.6,12712.52,8477.079999999998,40.00585192736059
ORD03456,2025-10-12,CUST0614,P011,1,15.0,UPI,Delivered,CMP001,7881,6026.38,7881,1182.15,6698.85,6026.38,672.4700000000003,10.038588712988053
ORD03457,2025-05-18,CUST0963,P014,2,5.0,COD,Returned,CMP002,6801,4221.32,13602,680.1,12921.9,8442.64,4479.26,34.66409738505948
ORD03458,2025-07-06,CUST0869,P023,2,10.0,Net Banking,Delivered,CMP004,5137,3830.78,10274,1027.4,9246.6,7661.56,1585.04,17.141868362425107
ORD03459,2025-07-23,CUST0812,P021,3,25.0,UPI,Delivered,CMP004,5045,2967.68,15135,3783.75,11351.25,8903.039999999999,2448.210000000001,21.56775685497193
ORD03460,2025-02-11,CUST0799,P016,4,5.0,Debit Card,Delivered,CMP003,7713,5310.71,30852,1542.6,29309.4,21242.84,8066.560000000001,27.52209188860912
ORD03461,2025-12-16,CUST0683,P018,2,0.0,Debit Card,Delivered,CMP006,6660,5091.78,13320,0.0,13320.0,10183.56,3136.4400000000005,23.54684684684685
ORD03462,2025-10-15,CUST0077,P021,4,10.0,COD,Delivered,CMP001,5045,2967.68,20180,2018.0,18162.0,11870.72,6291.280000000001,34.639797379143275
ORD03463,2025-01-26,CUST0048,P023,4,5.0,UPI,Delivered,CMP003,5137,3830.78,20548,1027.4,19520.6,15323.12,4197.479999999998,21.502822659139564
ORD03464,2025-02-25,CUST0767,P023,2,0.0,Net Banking,Delivered,CMP003,5137,3830.78,10274,0.0,10274.0,7661.56,2612.4399999999996,25.427681526182592
ORD03465,2025-09-10,CUST0082,P004,4,20.0,UPI,Delivered,CMP002,2776,1530.45,11104,2220.8,8883.2,6121.8,2761.4000000000005,31.08564481268012
ORD03466,2025-05-02,CUST0895,P001,2,25.0,UPI,Delivered,CMP003,6748,4695.17,13496,3374.0,10122.0,9390.34,731.6599999999999,7.228413357044062
ORD03467,2025-04-16,CUST0721,P022,2,10.0,COD,Delivered,CMP004,5915,3970.45,11830,1183.0,10647.0,7940.9,2706.1000000000004,25.416549262703114
ORD03468,2025-05-10,CUST0209,P015,2,15.0,Net Banking,Delivered,CMP004,5978,4066.66,11956,1793.4,10162.6,8133.32,2029.2800000000007,19.968118394898948
ORD03469,2025-12-03,CUST0445,P014,4,20.0,Debit Card,Delivered,CMP001,6801,4221.32,27204,5440.8,21763.2,16885.28,4877.920000000002,22.41361564475813
ORD03470,2025-06-07,CUST0971,P019,4,15.0,Credit Card,Shipped,CMP005,7745,4299.97,30980,4647.0,26333.0,17199.88,9133.119999999999,34.683173204724106
ORD03471,2025-08-19,CUST0596,P005,1,0.0,Net Banking,Delivered,CMP006,1046,807.54,1046,0.0,1046.0,807.54,238.46000000000004,22.797323135755263
ORD03472,2025-11-04,CUST0522,P004,4,0.0,Debit Card,Delivered,CMP001,2776,1530.45,11104,0.0,11104.0,6121.8,4982.2,44.86851585014409
ORD03473,2025-04-01,CUST0029,P013,1,0.0,COD,Delivered,CMP003,6435,4995.55,6435,0.0,6435.0,4995.55,1439.4499999999998,22.369075369075368
ORD03474,2025-01-22,CUST0304,P018,3,0.0,Net Banking,Cancelled,CMP003,6660,5091.78,19980,0.0,19980.0,15275.34,4704.66,23.546846846846847
ORD03475,2025-10-17,CUST0994,P012,1,5.0,Net Banking,Returned,CMP001,5080,2793.69,5080,254.0,4826.0,2793.69,2032.31,42.11168669705761
ORD03476,2025-04-20,CUST0465,P023,1,5.0,Debit Card,Returned,CMP003,5137,3830.78,5137,256.85,4880.15,3830.78,1049.3699999999994,21.502822659139564
ORD03477,2025-02-18,CUST0502,P021,3,0.0,Debit Card,Delivered,CMP002,5045,2967.68,15135,0.0,15135.0,8903.039999999999,6231.960000000001,41.175817641228946
ORD03478,2025-05-09,CUST0446,P015,3,0.0,UPI,Delivered,CMP006,5978,4066.66,17934,0.0,17934.0,12199.98,5734.02,31.972900635664104
ORD03479,2025-03-14,CUST0628,P023,1,10.0,UPI,Delivered,CMP003,5137,3830.78,5137,513.7,4623.3,3830.78,792.52,17.141868362425107
ORD03480,2025-12-06,CUST0490,P009,1,5.0,Net Banking,Delivered,CMP006,1097,712.85,1097,54.85,1042.15,712.85,329.30000000000007,31.59813846375282
ORD03481,2025-02-22,CUST0781,P004,2,15.0,Credit Card,Delivered,CMP001,2776,1530.45,5552,832.8,4719.2,3060.9,1658.2999999999997,35.13943041193422
ORD03482,2025-12-22,CUST0428,P005,1,0.0,COD,Delivered,CMP001,1046,807.54,1046,0.0,1046.0,807.54,238.46000000000004,22.797323135755263
ORD03483,2025-06-17,CUST0559,P009,2,20.0,Debit Card,Delivered,CMP003,1097,712.85,2194,438.8,1755.2,1425.7,329.5,18.77278942570647
ORD03484,2025-02-14,CUST0359,P013,1,25.0,UPI,Returned,CMP006,6435,4995.55,6435,1608.75,4826.25,4995.55,-169.30000000000018,-3.507899507899512
ORD03485,2025-04-15,CUST0960,P010,4,15.0,COD,Delivered,CMP003,3310,2109.97,13240,1986.0,11254.0,8439.88,2814.120000000001,25.005509152301407
ORD03486,2025-05-30,CUST0091,P016,3,15.0,Net Banking,Delivered,CMP005,7713,5310.71,23139,3470.85,19668.15,15932.130000000001,3736.0200000000004,18.995279169621952
ORD03487,2025-05-26,CUST0053,P013,1,20.0,Debit Card,Delivered,CMP003,6435,4995.55,6435,1287.0,5148.0,4995.55,152.44999999999982,2.961344211344208
ORD03488,2025-07-23,CUST0730,P004,1,0.0,Debit Card,Delivered,CMP001,2776,1530.45,2776,0.0,2776.0,1530.45,1245.55,44.86851585014409
ORD03489,2025-12-28,CUST0860,P021,3,25.0,UPI,Delivered,CMP004,5045,2967.68,15135,3783.75,11351.25,8903.039999999999,2448.210000000001,21.56775685497193
ORD03490,2025-10-26,CUST0589,P013,1,15.0,Credit Card,Delivered,CMP004,6435,4995.55,6435,965.25,5469.75,4995.55,474.1999999999998,8.669500434206313
ORD03491,2025-06-16,CUST0204,P021,4,15.0,Debit Card,Delivered,CMP001,5045,2967.68,20180,3027.0,17153.0,11870.72,5282.280000000001,30.7950795779164
ORD03492,2025-07-20,CUST0556,P008,1,5.0,Credit Card,Delivered,CMP001,3129,1758.81,3129,156.45,2972.55,1758.81,1213.7400000000002,40.831609224403294
ORD03493,2025-05-14,CUST0156,P013,4,10.0,COD,Delivered,CMP003,6435,4995.55,25740,2574.0,23166.0,19982.2,3183.7999999999993,13.743417076750408
ORD03494,2025-07-30,CUST0002,P015,1,10.0,Debit Card,Delivered,CMP003,5978,4066.66,5978,597.8,5380.2,4066.66,1313.54,24.41433403962678
ORD03495,2025-02-17,CUST0357,P020,2,10.0,Debit Card,Returned,CMP005,7452,4168.44,14904,1490.4,13413.6,8336.88,5076.720000000001,37.847557702630176
ORD03496,2025-05-06,CUST0825,P020,1,15.0,Credit Card,Cancelled,CMP003,7452,4168.44,7452,1117.8,6334.2,4168.44,2165.76,34.191531685137825
ORD03497,2025-08-27,CUST0569,P013,1,0.0,UPI,Delivered,CMP004,6435,4995.55,6435,0.0,6435.0,4995.55,1439.4499999999998,22.369075369075368
ORD03498,2025-01-07,CUST0802,P023,3,5.0,Net Banking,Delivered,CMP004,5137,3830.78,15411,770.55,14640.45,11492.34,3148.1100000000006,21.50282265913958
ORD03499,2025-09-29,CUST0983,P005,2,10.0,COD,Delivered,CMP004,1046,807.54,2092,209.2,1882.8,1615.08,267.72,14.219247928616955
ORD03500,2025-02-06,CUST0058,P022,1,5.0,,Delivered,CMP004,5915,3970.45,5915,295.75,5619.25,3970.45,1648.8000000000002,29.341994038350315
ORD03501,2025-07-30,CUST0254,P022,1,0.0,UPI,Returned,CMP005,5915,3970.45,5915,0.0,5915.0,3970.45,1944.5500000000002,32.8748943364328
ORD03502,2025-06-14,CUST0180,P006,4,0.0,Debit Card,Delivered,CMP004,4933,3611.45,19732,0.0,19732.0,14445.8,5286.200000000001,26.78998580985202
ORD03503,2025-05-05,CUST0493,P005,2,5.0,COD,Delivered,CMP005,1046,807.54,2092,104.6,1987.4,1615.08,372.32000000000016,18.734024353426594
ORD03504,2025-12-03,CUST0669,P013,2,10.0,Net Banking,Delivered,CMP004,6435,4995.55,12870,1287.0,11583.0,9991.1,1591.8999999999996,13.743417076750408
ORD03505,2025-07-11,CUST0035,P005,1,0.0,Debit Card,Delivered,CMP001,1046,807.54,1046,0.0,1046.0,807.54,238.46000000000004,22.797323135755263
ORD03506,2025-08-06,CUST0075,P025,1,20.0,Credit Card,Delivered,CMP002,7392,5142.33,7392,1478.4,5913.6,5142.33,771.2700000000004,13.042309253246758
ORD03507,2025-08-02,CUST0944,P013,1,15.0,UPI,Delivered,CMP002,6435,4995.55,6435,965.25,5469.75,4995.55,474.1999999999998,8.669500434206313
ORD03508,2025-03-03,CUST0289,P024,1,15.0,Net Banking,Delivered,CMP001,972,537.49,972,145.8,826.2,537.49,288.71000000000004,34.9443234083757
ORD03509,2025-11-24,CUST0371,P020,2,0.0,Debit Card,Delivered,CMP004,7452,4168.44,14904,0.0,14904.0,8336.88,6567.120000000001,44.06280193236716
ORD03510,2025-06-10,CUST0587,P023,1,10.0,Net Banking,Delivered,CMP004,5137,3830.78,5137,513.7,4623.3,3830.78,792.52,17.141868362425107
ORD03511,2025-03-07,CUST0329,P008,2,10.0,Credit Card,Shipped,CMP004,3129,1758.81,6258,625.8,5632.2,3517.62,2114.58,37.544476403536805
ORD03512,2025-10-13,CUST0590,P009,1,25.0,Debit Card,Delivered,CMP003,1097,712.85,1097,274.25,822.75,712.85,109.89999999999998,13.357642054086902
ORD03513,2025-08-27,CUST0767,P021,3,15.0,Net Banking,Delivered,CMP003,5045,2967.68,15135,2270.25,12864.75,8903.039999999999,3961.710000000001,30.795079577916407
ORD03514,2025-01-20,CUST0777,P019,1,10.0,Debit Card,Delivered,CMP001,7745,4299.97,7745,774.5,6970.5,4299.97,2670.5299999999997,38.31188580446165
ORD03515,2025-07-07,CUST0999,P020,1,20.0,Debit Card,Returned,CMP001,7452,4168.44,7452,1490.4,5961.6,4168.44,1793.1600000000008,30.078502415458946
ORD03516,2025-03-23,CUST0304,P015,2,0.0,Net Banking,Delivered,CMP004,5978,4066.66,11956,0.0,11956.0,8133.32,3822.6800000000003,31.972900635664104
ORD03517,2025-12-29,CUST0579,P022,2,0.0,Debit Card,Returned,CMP002,5915,3970.45,11830,0.0,11830.0,7940.9,3889.1000000000004,32.8748943364328
ORD03518,2025-07-21,CUST0221,P010,2,15.0,Credit Card,Delivered,CMP001,3310,2109.97,6620,993.0,5627.0,4219.94,1407.0600000000004,25.005509152301407
ORD03519,2025-05-12,CUST0979,P011,1,0.0,Net Banking,Delivered,CMP002,7881,6026.38,7881,0.0,7881.0,6026.38,1854.62,23.53280040603984
ORD03520,2025-02-06,CUST0164,P005,4,0.0,Net Banking,Delivered,CMP002,1046,807.54,4184,0.0,4184.0,3230.16,953.8400000000001,22.797323135755263
ORD03521,2025-05-12,CUST0480,P009,4,15.0,Credit Card,Shipped,CMP001,1097,712.85,4388,658.2,3729.8,2851.4,878.4000000000001,23.550860635959033
ORD03522,2025-03-18,CUST0455,P011,1,5.0,Credit Card,Delivered,CMP003,7881,6026.38,7881,394.05,7486.95,6026.38,1460.5699999999997,19.508210953726145
ORD03523,2025-03-30,CUST0375,P019,2,10.0,Credit Card,Delivered,CMP001,7745,4299.97,15490,1549.0,13941.0,8599.94,5341.0599999999995,38.31188580446165
ORD03524,2025-09-10,CUST0220,P002,3,20.0,Debit Card,Delivered,CMP001,6053,3796.4,18159,3631.8,14527.2,11389.2,3138.0,21.60085907814307
ORD03525,2025-12-10,CUST0684,P006,3,5.0,Debit Card,Delivered,CMP005,4933,3611.45,14799,739.95,14059.05,10834.349999999999,3224.7000000000007,22.936827168265285
ORD03526,2025-07-13,CUST0254,P023,4,0.0,COD,Shipped,CMP002,5137,3830.78,20548,0.0,20548.0,15323.12,5224.879999999999,25.427681526182592
ORD03527,2025-06-25,CUST0722,P021,4,0.0,Debit Card,Delivered,CMP004,5045,2967.68,20180,0.0,20180.0,11870.72,8309.28,41.17581764122894
ORD03528,2025-02-02,CUST0188,P001,2,0.0,Credit Card,Cancelled,CMP002,6748,4695.17,13496,0.0,13496.0,9390.34,4105.66,30.421310017783043
ORD03529,2025-02-27,CUST0191,P003,1,0.0,COD,Delivered,CMP006,5857,3883.91,5857,0.0,5857.0,3883.91,1973.0900000000001,33.68772409083148
ORD03530,2025-07-20,CUST0389,P003,2,0.0,Credit Card,Delivered,CMP005,5857,3883.91,11714,0.0,11714.0,7767.82,3946.1800000000003,33.68772409083148
ORD03531,2025-01-28,CUST0215,P014,2,10.0,UPI,Delivered,CMP002,6801,4221.32,13602,1360.2,12241.8,8442.64,3799.16,31.034325017562775
ORD03532,2025-02-04,CUST0375,P020,1,5.0,Net Banking,Delivered,CMP002,7452,4168.44,7452,372.6,7079.4,4168.44,2910.96,41.11873887617595
ORD03533,2025-05-05,CUST0086,P022,1,15.0,UPI,Delivered,CMP001,5915,3970.45,5915,887.25,5027.75,3970.45,1057.3000000000002,21.029287454626825
ORD03534,2025-11-17,CUST0474,P005,3,20.0,Credit Card,Delivered,CMP005,1046,807.54,3138,627.6,2510.4,2422.62,87.7800000000002,3.4966539196940802
ORD03535,2025-02-11,CUST0618,P017,2,15.0,Debit Card,Delivered,CMP003,4817,3075.17,9634,1445.1,8188.9,6150.34,2038.5599999999995,24.894186032312028
ORD03536,2025-03-26,CUST0844,P015,2,10.0,Net Banking,Returned,CMP002,5978,4066.66,11956,1195.6,10760.4,8133.32,2627.08,24.41433403962678
ORD03537,2025-07-07,CUST0808,P006,4,0.0,Debit Card,Delivered,CMP006,4933,3611.45,19732,0.0,19732.0,14445.8,5286.200000000001,26.78998580985202
ORD03538,2025-04-21,CUST0531,P014,3,15.0,Debit Card,Delivered,CMP003,6801,4221.32,20403,3060.45,17342.55,12663.96,4678.59,26.977520606831177
ORD03539,2025-09-28,CUST0047,P014,3,5.0,Net Banking,Returned,CMP003,6801,4221.32,20403,1020.15,19382.85,12663.96,6718.889999999999,34.66409738505947
ORD03540,2025-11-21,CUST0065,P025,1,0.0,Net Banking,Delivered,CMP006,7392,5142.33,7392,0.0,7392.0,5142.33,2249.67,30.4338474025974
ORD03541,2025-04-15,CUST0963,P017,3,20.0,UPI,Delivered,CMP005,4817,3075.17,14451,2890.2,11560.8,9225.51,2335.289999999999,20.20007265933153
ORD03542,2025-11-16,CUST0475,P008,2,5.0,Credit Card,Delivered,CMP004,3129,1758.81,6258,312.9,5945.1,3517.62,2427.4800000000005,40.831609224403294
ORD03543,2025-02-10,CUST0146,P008,3,0.0,Debit Card,Delivered,CMP006,3129,1758.81,9387,0.0,9387.0,5276.43,4110.57,43.790028763183116
ORD03544,2025-08-03,CUST0946,P019,3,20.0,Credit Card,Cancelled,CMP006,7745,4299.97,23235,4647.0,18588.0,12899.91,5688.09,30.60087153001937
ORD03545,2025-03-12,CUST0798,P009,2,20.0,Credit Card,Delivered,CMP006,1097,712.85,2194,438.8,1755.2,1425.7,329.5,18.77278942570647
ORD03546,2025-02-25,CUST0382,P011,2,5.0,COD,Delivered,CMP002,7881,6026.38,15762,788.1,14973.9,12052.76,2921.1399999999994,19.508210953726145
ORD03547,2025-08-24,CUST0066,P013,4,5.0,UPI,Delivered,CMP003,6435,4995.55,25740,1287.0,24453.0,19982.2,4470.799999999999,18.283237230605646
ORD03548,2025-10-08,CUST0517,P013,1,10.0,Debit Card,Delivered,CMP002,6435,4995.55,6435,643.5,5791.5,4995.55,795.9499999999998,13.743417076750408
ORD03549,2025-04-15,CUST0093,P024,1,15.0,Net Banking,Delivered,CMP005,972,537.49,972,145.8,826.2,537.49,288.71000000000004,34.9443234083757
ORD03550,2025-06-11,CUST0865,P019,2,0.0,Net Banking,Delivered,CMP001,7745,4299.97,15490,0.0,15490.0,8599.94,6890.0599999999995,44.48069722401549
ORD03551,2025-07-10,CUST0426,P021,1,10.0,Credit Card,Delivered,CMP002,5045,2967.68,5045,504.5,4540.5,2967.68,1572.8200000000002,34.639797379143275
ORD03552,2025-01-09,CUST0468,P019,1,25.0,UPI,Returned,CMP001,7745,4299.97,7745,1936.25,5808.75,4299.97,1508.7799999999997,25.97426296535399
ORD03553,2025-03-01,CUST0094,P005,3,5.0,UPI,Delivered,CMP004,1046,807.54,3138,156.9,2981.1,2422.62,558.48,18.73402435342659
ORD03554,2025-11-01,CUST0618,P016,4,20.0,Debit Card,Delivered,CMP004,7713,5310.71,30852,6170.4,24681.6,21242.84,3438.7599999999984,13.932484117723318
ORD03555,2025-08-13,CUST0133,P009,1,25.0,Debit Card,Delivered,CMP002,1097,712.85,1097,274.25,822.75,712.85,109.89999999999998,13.357642054086902
ORD03556,2025-11-03,CUST0434,P020,1,5.0,Credit Card,Delivered,CMP005,7452,4168.44,7452,372.6,7079.4,4168.44,2910.96,41.11873887617595
ORD03557,2025-07-07,CUST0341,P022,3,15.0,Credit Card,Delivered,CMP003,5915,3970.45,17745,2661.75,15083.25,11911.349999999999,3171.9000000000015,21.02928745462683
ORD03558,2025-03-11,CUST0314,P003,4,0.0,Credit Card,Delivered,CMP002,5857,3883.91,23428,0.0,23428.0,15535.64,7892.360000000001,33.68772409083148
ORD03559,2025-10-20,CUST0591,P019,2,15.0,COD,Delivered,CMP006,7745,4299.97,15490,2323.5,13166.5,8599.94,4566.5599999999995,34.683173204724106
ORD03560,2025-10-14,CUST0212,P005,1,15.0,UPI,Returned,CMP004,1046,807.54,1046,156.9,889.1,807.54,81.56000000000006,9.173321336182664
ORD03561,2025-06-18,CUST0520,P008,1,0.0,Credit Card,Cancelled,CMP002,3129,1758.81,3129,0.0,3129.0,1758.81,1370.19,43.79002876318312
ORD03562,2025-03-03,CUST0159,P014,4,15.0,UPI,Returned,CMP006,6801,4221.32,27204,4080.6,23123.4,16885.28,6238.120000000003,26.977520606831185
ORD03563,2025-12-15,CUST0268,P024,1,15.0,Net Banking,Shipped,CMP003,972,537.49,972,145.8,826.2,537.49,288.71000000000004,34.9443234083757
ORD03564,2025-01-14,CUST0661,P003,1,5.0,Net Banking,Delivered,CMP004,5857,3883.91,5857,292.85,5564.15,3883.91,1680.2399999999998,30.197604306138402
ORD03565,2025-06-13,CUST0862,P024,1,0.0,UPI,Cancelled,CMP005,972,537.49,972,0.0,972.0,537.49,434.51,44.702674897119344
ORD03566,2025-09-02,CUST0958,P013,2,0.0,Net Banking,Delivered,CMP003,6435,4995.55,12870,0.0,12870.0,9991.1,2878.8999999999996,22.369075369075368
ORD03567,2025-12-01,CUST0603,P011,2,,Net Banking,Delivered,CMP003,7881,6026.38,15762,1576.2,14185.8,12052.76,2133.039999999999,15.036444895599818
ORD03568,2025-01-08,CUST0748,P008,1,25.0,Net Banking,Delivered,CMP002,3129,1758.81,3129,782.25,2346.75,1758.81,587.94,25.05337168424417
ORD03569,2025-06-03,CUST0474,P019,2,15.0,Debit Card,Delivered,CMP003,7745,4299.97,15490,2323.5,13166.5,8599.94,4566.5599999999995,34.683173204724106
ORD03570,2025-02-05,CUST0801,P010,1,10.0,Debit Card,Shipped,CMP002,3310,2109.97,3310,331.0,2979.0,2109.97,869.0300000000002,29.171869754951334
ORD03571,2025-02-17,CUST0410,P018,2,10.0,UPI,Delivered,CMP003,6660,5091.78,13320,1332.0,11988.0,10183.56,1804.4400000000005,15.052052052052057
ORD03572,2025-03-26,CUST0474,P018,2,5.0,UPI,Cancelled,CMP004,6660,5091.78,13320,666.0,12654.0,10183.56,2470.4400000000005,19.52299668089142
ORD03573,2025-01-28,CUST0356,P025,4,0.0,COD,Delivered,CMP004,7392,5142.33,29568,0.0,29568.0,20569.32,8998.68,30.4338474025974
ORD03574,2025-07-15,CUST0680,P007,4,10.0,Debit Card,Delivered,CMP005,5886,3178.13,23544,2354.4,21189.6,12712.52,8477.079999999998,40.00585192736059
ORD03575,2025-07-27,CUST0193,P016,2,10.0,UPI,Delivered,CMP001,7713,5310.71,15426,1542.6,13883.4,10621.42,3261.9799999999996,23.495541437976286
ORD03576,2025-07-23,CUST0699,P006,2,10.0,Debit Card,Returned,CMP001,4933,3611.45,9866,986.6,8879.4,7222.9,1656.5,18.655539788724465
ORD03577,2025-11-03,CUST0271,P016,2,25.0,COD,Cancelled,CMP002,7713,5310.71,15426,3856.5,11569.5,10621.42,948.0799999999999,8.194649725571546
ORD03578,2025-04-14,CUST0114,P016,2,10.0,UPI,Cancelled,CMP006,7713,5310.71,15426,1542.6,13883.4,10621.42,3261.9799999999996,23.495541437976286
ORD03579,2025-08-18,CUST0897,P023,3,10.0,UPI,Delivered,CMP005,5137,3830.78,15411,1541.1,13869.9,11492.34,2377.5599999999995,17.141868362425107
ORD03580,2025-04-11,CUST0523,P024,1,0.0,UPI,Delivered,CMP006,972,537.49,972,0.0,972.0,537.49,434.51,44.702674897119344
ORD03581,2025-01-29,CUST0055,P001,2,25.0,UPI,Delivered,CMP002,6748,4695.17,13496,3374.0,10122.0,9390.34,731.6599999999999,7.228413357044062
ORD03582,2025-05-07,CUST0770,P024,4,15.0,Credit Card,Delivered,CMP004,972,537.49,3888,583.2,3304.8,2149.96,1154.8400000000001,34.9443234083757
ORD03583,2025-12-04,CUST0065,P019,3,20.0,Debit Card,Cancelled,CMP003,7745,4299.97,23235,4647.0,18588.0,12899.91,5688.09,30.60087153001937
ORD03584,2025-01-10,CUST0991,P003,1,5.0,Debit Card,Delivered,CMP004,5857,3883.91,5857,292.85,5564.15,3883.91,1680.2399999999998,30.197604306138402
ORD03585,2025-04-16,CUST0684,P006,3,10.0,Debit Card,Delivered,CMP005,4933,3611.45,14799,1479.9,13319.1,10834.349999999999,2484.750000000002,18.655539788724475
ORD03586,2025-06-16,CUST0272,P004,2,10.0,COD,Delivered,CMP003,2776,1530.45,5552,555.2,4996.8,3060.9,1935.9,38.74279538904899
ORD03587,2025-09-14,CUST0502,P004,3,0.0,Credit Card,Delivered,CMP004,2776,1530.45,8328,0.0,8328.0,4591.35,3736.6499999999996,44.868515850144085
ORD03588,2025-10-22,CUST0662,P004,1,15.0,Debit Card,Delivered,CMP005,2776,1530.45,2776,416.4,2359.6,1530.45,829.1499999999999,35.13943041193422
ORD03589,2025-10-04,CUST0362,P010,2,20.0,Debit Card,Shipped,CMP002,3310,2109.97,6620,1324.0,5296.0,4219.94,1076.0600000000004,20.31835347432025
ORD03590,2025-03-06,CUST0146,P009,1,0.0,UPI,Delivered,CMP006,1097,712.85,1097,0.0,1097.0,712.85,384.15,35.018231540565175
ORD03591,2025-09-28,CUST0943,P008,1,0.0,UPI,Delivered,CMP003,3129,1758.81,3129,0.0,3129.0,1758.81,1370.19,43.79002876318312
ORD03592,2025-07-07,CUST0209,P019,4,15.0,UPI,Delivered,CMP005,7745,4299.97,30980,4647.0,26333.0,17199.88,9133.119999999999,34.683173204724106
ORD03593,2025-11-13,CUST0286,P017,1,5.0,Debit Card,Cancelled,CMP005,4817,3075.17,4817,240.85,4576.15,3075.17,1500.9799999999996,32.80006118680549
ORD03594,2025-05-18,CUST0010,P017,3,10.0,UPI,Delivered,CMP004,4817,3075.17,14451,1445.1,13005.9,9225.51,3780.3899999999994,29.066731252739135
ORD03595,2025-12-09,CUST0739,P001,2,15.0,Debit Card,Delivered,CMP002,6748,4695.17,13496,2024.4,11471.6,9390.34,2081.26,18.142717667980058
ORD03596,2025-04-15,CUST0186,P020,3,5.0,COD,Delivered,CMP004,7452,4168.44,22356,1117.8,21238.2,12505.32,8732.880000000001,41.118738876175954
ORD03597,2025-02-03,CUST0574,P014,4,15.0,COD,Delivered,CMP001,6801,4221.32,27204,4080.6,23123.4,16885.28,6238.120000000003,26.977520606831185
ORD03598,2025-04-20,CUST0597,P022,4,10.0,Net Banking,Delivered,CMP006,5915,3970.45,23660,2366.0,21294.0,15881.8,5412.200000000001,25.416549262703114
ORD03599,2025-02-02,CUST0464,P020,2,20.0,Credit Card,Returned,CMP002,7452,4168.44,14904,2980.8,11923.2,8336.88,3586.3200000000015,30.078502415458946
ORD03600,2025-12-20,CUST0134,P011,1,15.0,UPI,Delivered,CMP002,7881,6026.38,7881,1182.15,6698.85,6026.38,672.4700000000003,10.038588712988053
ORD03601,2025-08-19,CUST0835,P003,1,20.0,UPI,Delivered,CMP006,5857,3883.91,5857,1171.4,4685.6,3883.91,801.6900000000005,17.109655113539365
ORD03602,2025-11-13,CUST0809,P024,2,0.0,Credit Card,Delivered,CMP002,972,537.49,1944,0.0,1944.0,1074.98,869.02,44.702674897119344
ORD03603,2025-09-23,CUST0171,P008,1,0.0,Credit Card,Delivered,CMP001,3129,1758.81,3129,0.0,3129.0,1758.81,1370.19,43.79002876318312
ORD03604,2025-07-01,CUST0213,P022,1,0.0,Net Banking,Delivered,CMP005,5915,3970.45,5915,0.0,5915.0,3970.45,1944.5500000000002,32.8748943364328
ORD03605,2025-12-06,CUST0973,P025,2,10.0,Credit Card,Delivered,CMP002,7392,5142.33,14784,1478.4,13305.6,10284.66,3020.9400000000005,22.704274891774894
ORD03606,2025-03-06,CUST0530,P010,1,20.0,Debit Card,Delivered,CMP001,3310,2109.97,3310,662.0,2648.0,2109.97,538.0300000000002,20.31835347432025
ORD03607,2025-11-29,CUST0826,P017,1,10.0,UPI,Delivered,CMP002,4817,3075.17,4817,481.7,4335.3,3075.17,1260.13,29.066731252739142
ORD03608,2025-01-01,CUST0502,P008,2,20.0,Credit Card,Returned,CMP006,3129,1758.81,6258,1251.6,5006.4,3517.62,1488.7799999999997,29.737535953978906
ORD03609,2025-05-13,CUST0572,P022,3,5.0,Debit Card,Delivered,CMP002,5915,3970.45,17745,887.25,16857.75,11911.349999999999,4946.4000000000015,29.34199403835032
ORD03610,2025-03-21,CUST0600,P001,2,5.0,Credit Card,Cancelled,CMP004,6748,4695.17,13496,674.8,12821.2,9390.34,3430.8600000000006,26.759273702929526
ORD03611,2025-09-28,CUST0027,P020,1,20.0,Debit Card,Delivered,CMP003,7452,4168.44,7452,1490.4,5961.6,4168.44,1793.1600000000008,30.078502415458946
ORD03612,2025-08-29,CUST0068,P021,1,5.0,COD,Delivered,CMP002,5045,2967.68,5045,252.25,4792.75,2967.68,1825.0700000000002,38.07980804339889
ORD03613,2025-01-28,CUST0790,P007,1,15.0,Debit Card,Delivered,CMP001,5886,3178.13,5886,882.9,5003.1,3178.13,1824.9700000000003,36.47678439367592
ORD03614,2025-08-11,CUST0408,P024,1,0.0,Net Banking,Delivered,CMP006,972,537.49,972,0.0,972.0,537.49,434.51,44.702674897119344
ORD03615,2025-01-23,CUST0552,P009,3,20.0,Debit Card,Delivered,CMP003,1097,712.85,3291,658.2,2632.8,2138.55,494.25,18.77278942570647
ORD03616,2025-04-19,CUST0109,P012,1,10.0,Credit Card,Cancelled,CMP001,5080,2793.69,5080,508.0,4572.0,2793.69,1778.31,38.89566929133858
ORD03617,2025-04-17,CUST0074,P022,2,15.0,COD,Delivered,CMP002,5915,3970.45,11830,1774.5,10055.5,7940.9,2114.6000000000004,21.029287454626825
ORD03618,2025-05-25,CUST0578,P009,1,0.0,COD,Cancelled,CMP003,1097,712.85,1097,0.0,1097.0,712.85,384.15,35.018231540565175
ORD03619,2025-12-20,CUST0680,P020,1,10.0,Debit Card,Delivered,CMP003,7452,4168.44,7452,745.2,6706.8,4168.44,2538.3600000000006,37.847557702630176
ORD03620,2025-05-19,CUST0262,P024,2,20.0,Credit Card,Cancelled,CMP002,972,537.49,1944,388.8,1555.2,1074.98,480.22,30.87834362139918
ORD03621,2025-10-11,CUST0368,P003,3,20.0,COD,Delivered,CMP002,5857,3883.91,17571,3514.2,14056.8,11651.73,2405.0699999999997,17.109655113539354
ORD03622,2025-10-25,CUST0786,P004,4,0.0,Debit Card,Delivered,CMP005,2776,1530.45,11104,0.0,11104.0,6121.8,4982.2,44.86851585014409
ORD03623,2025-04-09,CUST0849,P010,2,5.0,Debit Card,Cancelled,CMP003,3310,2109.97,6620,331.0,6289.0,4219.94,2069.0600000000004,32.89966608363811
ORD03624,2025-11-13,CUST0870,P004,1,10.0,Debit Card,Delivered,CMP001,2776,1530.45,2776,277.6,2498.4,1530.45,967.95,38.74279538904899
ORD03625,2025-05-03,CUST0237,P022,2,0.0,COD,Delivered,CMP001,5915,3970.45,11830,0.0,11830.0,7940.9,3889.1000000000004,32.8748943364328
ORD03626,2025-11-16,CUST0727,P009,1,15.0,UPI,Delivered,CMP003,1097,712.85,1097,164.55,932.45,712.85,219.60000000000002,23.550860635959033
ORD03627,2025-10-14,CUST0366,P022,2,0.0,Credit Card,Returned,CMP001,5915,3970.45,11830,0.0,11830.0,7940.9,3889.1000000000004,32.8748943364328
ORD03628,2025-03-22,CUST0286,P001,1,5.0,Net Banking,Delivered,CMP001,6748,4695.17,6748,337.4,6410.6,4695.17,1715.4300000000003,26.759273702929526
ORD03629,2025-01-10,CUST0378,P005,1,10.0,Net Banking,Delivered,CMP005,1046,807.54,1046,104.6,941.4,807.54,133.86,14.219247928616955
ORD03630,2025-01-08,CUST0661,P009,4,10.0,Credit Card,Delivered,CMP003,1097,712.85,4388,438.8,3949.2,2851.4,1097.7999999999997,27.798035045072417
ORD03631,2025-07-24,CUST0830,P005,2,15.0,UPI,Cancelled,CMP003,1046,807.54,2092,313.8,1778.2,1615.08,163.12000000000012,9.173321336182664
ORD03632,2025-11-11,CUST0906,P006,1,25.0,Credit Card,Delivered,CMP004,4933,3611.45,4933,1233.25,3699.75,3611.45,88.30000000000018,2.386647746469361
ORD03633,2025-07-16,CUST0376,P019,1,0.0,Debit Card,Delivered,CMP005,7745,4299.97,7745,0.0,7745.0,4299.97,3445.0299999999997,44.48069722401549
ORD03634,2025-07-17,CUST0619,P008,1,15.0,Credit Card,Delivered,CMP001,3129,1758.81,3129,469.35,2659.65,1758.81,900.8400000000001,33.8706220743331
ORD03635,2025-01-30,CUST0653,P010,3,0.0,Credit Card,Delivered,CMP001,3310,2109.97,9930,0.0,9930.0,6329.91,3600.09,36.254682779456196
ORD03636,2025-01-20,CUST0076,P011,1,5.0,COD,Delivered,CMP001,7881,6026.38,7881,394.05,7486.95,6026.38,1460.5699999999997,19.508210953726145
ORD03637,2025-02-17,CUST0009,P013,4,0.0,Net Banking,Delivered,CMP006,6435,4995.55,25740,0.0,25740.0,19982.2,5757.799999999999,22.369075369075368
ORD03638,2025-05-10,CUST0196,P020,2,0.0,Net Banking,Delivered,CMP004,7452,4168.44,14904,0.0,14904.0,8336.88,6567.120000000001,44.06280193236716
ORD03639,2025-10-20,CUST0807,P004,1,5.0,Debit Card,Returned,CMP001,2776,1530.45,2776,138.8,2637.2,1530.45,1106.7499999999998,41.966858789625356
ORD03640,2025-05-12,CUST0792,P011,1,5.0,Debit Card,Delivered,CMP002,7881,6026.38,7881,394.05,7486.95,6026.38,1460.5699999999997,19.508210953726145
ORD03641,2025-12-22,CUST0893,P012,1,20.0,COD,Delivered,CMP005,5080,2793.69,5080,1016.0,4064.0,2793.69,1270.31,31.257627952755907
ORD03642,2025-02-23,CUST0630,P005,1,15.0,Debit Card,Delivered,CMP001,1046,807.54,1046,156.9,889.1,807.54,81.56000000000006,9.173321336182664
ORD03643,2025-10-08,CUST0290,P010,2,25.0,UPI,Delivered,CMP005,3310,2109.97,6620,1655.0,4965.0,4219.94,745.0600000000004,15.0062437059416
ORD03644,2025-09-22,CUST0999,P025,1,10.0,COD,Delivered,CMP006,7392,5142.33,7392,739.2,6652.8,5142.33,1510.4700000000003,22.704274891774894
ORD03645,2025-08-03,CUST0061,P024,1,0.0,COD,Delivered,CMP001,972,537.49,972,0.0,972.0,537.49,434.51,44.702674897119344
ORD03646,2025-10-17,CUST0937,P007,1,5.0,Credit Card,Cancelled,CMP002,5886,3178.13,5886,294.3,5591.7,3178.13,2413.5699999999997,43.16343866802582
ORD03647,2025-02-12,CUST0389,P021,1,5.0,Credit Card,Delivered,CMP001,5045,2967.68,5045,252.25,4792.75,2967.68,1825.0700000000002,38.07980804339889
ORD03648,2025-03-15,CUST0847,P009,1,5.0,UPI,Delivered,CMP001,1097,712.85,1097,54.85,1042.15,712.85,329.30000000000007,31.59813846375282
ORD03649,2025-12-16,CUST0818,P009,1,10.0,COD,Delivered,CMP004,1097,712.85,1097,109.7,987.3,712.85,274.44999999999993,27.798035045072417
ORD03650,2025-10-05,CUST0900,P010,3,10.0,COD,Delivered,CMP001,3310,2109.97,9930,993.0,8937.0,6329.91,2607.09,29.17186975495133
ORD03651,2025-11-22,CUST0563,P010,1,5.0,Credit Card,Delivered,CMP003,3310,2109.97,3310,165.5,3144.5,2109.97,1034.5300000000002,32.89966608363811
ORD03652,2025-08-30,CUST0564,P002,1,0.0,Net Banking,Delivered,CMP003,6053,3796.4,6053,0.0,6053.0,3796.4,2256.6,37.280687262514455
ORD03653,2025-05-10,CUST0634,P004,1,0.0,Net Banking,Delivered,CMP006,2776,1530.45,2776,0.0,2776.0,1530.45,1245.55,44.86851585014409
ORD03654,2025-12-16,CUST0679,P008,1,0.0,Credit Card,Cancelled,CMP003,3129,1758.81,3129,0.0,3129.0,1758.81,1370.19,43.79002876318312
ORD03655,2025-07-13,CUST0008,P014,2,0.0,Debit Card,Delivered,,6801,4221.32,13602,0.0,13602.0,8442.64,5159.360000000001,37.930892515806505
ORD03656,2025-02-01,CUST0369,P017,1,15.0,COD,Delivered,CMP002,4817,3075.17,4817,722.55,4094.45,3075.17,1019.2799999999997,24.894186032312028
ORD03657,2025-04-16,CUST0045,P013,1,0.0,UPI,Delivered,CMP004,6435,4995.55,6435,0.0,6435.0,4995.55,1439.4499999999998,22.369075369075368
ORD03658,2025-07-23,CUST0344,P021,4,15.0,Net Banking,Cancelled,CMP001,5045,2967.68,20180,3027.0,17153.0,11870.72,5282.280000000001,30.7950795779164
ORD03659,2025-01-01,CUST0757,P024,2,5.0,Debit Card,Delivered,CMP002,972,537.49,1944,97.2,1846.8,1074.98,771.8199999999999,41.79228936538878
ORD03660,2025-09-02,CUST0796,P018,1,0.0,COD,Shipped,CMP006,6660,5091.78,6660,0.0,6660.0,5091.78,1568.2200000000003,23.54684684684685
ORD03661,2025-03-13,CUST0375,P018,1,15.0,Debit Card,Delivered,CMP001,6660,5091.78,6660,999.0,5661.0,5091.78,569.2200000000003,10.055113937466883
ORD03662,2025-11-02,CUST0619,P013,4,10.0,COD,Shipped,CMP001,6435,4995.55,25740,2574.0,23166.0,19982.2,3183.7999999999993,13.743417076750408
ORD03663,2025-01-15,CUST0027,P008,2,0.0,COD,Delivered,CMP005,3129,1758.81,6258,0.0,6258.0,3517.62,2740.38,43.79002876318312
ORD03664,2025-02-22,CUST0193,P012,2,20.0,Credit Card,Delivered,CMP001,5080,2793.69,10160,2032.0,8128.0,5587.38,2540.62,31.257627952755907
ORD03665,2025-01-08,CUST0930,P025,4,0.0,Credit Card,Shipped,CMP001,7392,5142.33,29568,0.0,29568.0,20569.32,8998.68,30.4338474025974
ORD03666,2025-11-26,CUST0849,P023,1,0.0,UPI,Delivered,CMP001,5137,3830.78,5137,0.0,5137.0,3830.78,1306.2199999999998,25.427681526182592
ORD03667,2025-02-15,CUST0357,P024,1,15.0,UPI,Delivered,CMP004,972,537.49,972,145.8,826.2,537.49,288.71000000000004,34.9443234083757
ORD03668,2025-11-21,CUST0062,P021,3,15.0,Debit Card,Returned,CMP006,5045,2967.68,15135,2270.25,12864.75,8903.039999999999,3961.710000000001,30.795079577916407
ORD03669,2025-04-24,CUST0062,P001,1,5.0,Credit Card,Delivered,CMP004,6748,4695.17,6748,337.4,6410.6,4695.17,1715.4300000000003,26.759273702929526
ORD03670,2025-05-27,CUST0422,P020,2,0.0,COD,Delivered,CMP001,7452,4168.44,14904,0.0,14904.0,8336.88,6567.120000000001,44.06280193236716
ORD03671,2025-06-15,CUST0794,P018,3,20.0,,Delivered,CMP002,6660,5091.78,19980,3996.0,15984.0,15275.34,708.6599999999999,4.433558558558557
ORD03672,2025-05-19,CUST0633,P003,1,5.0,COD,Delivered,CMP003,5857,3883.91,5857,292.85,5564.15,3883.91,1680.2399999999998,30.197604306138402
ORD03673,2025-04-27,CUST0792,P012,1,0.0,Credit Card,Returned,CMP005,5080,2793.69,5080,0.0,5080.0,2793.69,2286.31,45.00610236220473
ORD03674,2025-10-26,CUST0551,P019,2,10.0,COD,Delivered,CMP004,7745,4299.97,15490,1549.0,13941.0,8599.94,5341.0599999999995,38.31188580446165
ORD03675,2025-10-03,CUST0380,P025,1,20.0,Debit Card,Delivered,CMP004,7392,5142.33,7392,1478.4,5913.6,5142.33,771.2700000000004,13.042309253246758
ORD03676,2025-10-04,CUST0277,P013,1,0.0,Credit Card,Cancelled,CMP006,6435,4995.55,6435,0.0,6435.0,4995.55,1439.4499999999998,22.369075369075368
ORD03677,2025-12-04,CUST0606,P010,2,15.0,Net Banking,Shipped,CMP002,3310,2109.97,6620,993.0,5627.0,4219.94,1407.0600000000004,25.005509152301407
ORD03678,2025-11-09,CUST0431,P015,4,10.0,Net Banking,Delivered,CMP001,5978,4066.66,23912,2391.2,21520.8,16266.64,5254.16,24.41433403962678
ORD03679,2025-06-27,CUST0115,P020,1,5.0,COD,Delivered,CMP006,7452,4168.44,7452,372.6,7079.4,4168.44,2910.96,41.11873887617595
ORD03680,2025-11-26,CUST0688,P002,1,15.0,Debit Card,Delivered,CMP002,6053,3796.4,6053,907.95,5145.05,3796.4,1348.65,26.21257325001701
ORD03681,2025-12-20,CUST0121,P019,1,25.0,COD,Returned,CMP002,7745,4299.97,7745,1936.25,5808.75,4299.97,1508.7799999999997,25.97426296535399
ORD03682,2025-06-03,CUST0525,P003,1,0.0,Debit Card,Delivered,CMP003,5857,3883.91,5857,0.0,5857.0,3883.91,1973.0900000000001,33.68772409083148
ORD03683,2025-07-20,CUST0997,P014,1,0.0,UPI,Returned,CMP003,6801,4221.32,6801,0.0,6801.0,4221.32,2579.6800000000003,37.930892515806505
ORD03684,2025-04-25,CUST0899,P007,2,20.0,Credit Card,Shipped,CMP002,5886,3178.13,11772,2354.4,9417.6,6356.26,3061.34,32.50658341828066
ORD03685,2025-06-08,CUST0416,P008,2,10.0,Debit Card,Delivered,CMP006,3129,1758.81,6258,625.8,5632.2,3517.62,2114.58,37.544476403536805
ORD03686,2025-02-11,CUST0163,P011,1,10.0,COD,Delivered,CMP001,7881,6026.38,7881,788.1,7092.9,6026.38,1066.5199999999995,15.036444895599818
ORD03687,2025-09-04,CUST0787,P022,1,10.0,UPI,Delivered,CMP003,5915,3970.45,5915,591.5,5323.5,3970.45,1353.0500000000002,25.416549262703114
ORD03688,2025-03-09,CUST0910,P020,1,15.0,COD,Delivered,CMP001,7452,4168.44,7452,1117.8,6334.2,4168.44,2165.76,34.191531685137825
ORD03689,2025-11-22,CUST0688,P006,2,15.0,Net Banking,Delivered,CMP005,4933,3611.45,9866,1479.9,8386.1,7222.9,1163.2000000000007,13.87057154100238
ORD03690,2025-11-30,CUST0982,P011,1,20.0,Net Banking,Delivered,CMP001,7881,6026.38,7881,1576.2,6304.8,6026.38,278.4200000000001,4.416000507549804
ORD03691,2025-07-15,CUST0337,P017,2,5.0,Credit Card,Delivered,CMP005,4817,3075.17,9634,481.7,9152.3,6150.34,3001.959999999999,32.80006118680549
ORD03692,2025-03-31,CUST0379,P010,2,5.0,Credit Card,Shipped,CMP001,3310,2109.97,6620,331.0,6289.0,4219.94,2069.0600000000004,32.89966608363811
ORD03693,2025-04-21,CUST0324,P024,2,10.0,UPI,Delivered,CMP003,972,537.49,1944,194.4,1749.6,1074.98,674.6199999999999,38.55852766346593
ORD03694,2025-12-25,CUST0173,P017,1,5.0,Net Banking,Delivered,CMP005,4817,3075.17,4817,240.85,4576.15,3075.17,1500.9799999999996,32.80006118680549
ORD03695,2025-05-25,CUST1000,P021,1,10.0,Debit Card,Cancelled,CMP002,5045,2967.68,5045,504.5,4540.5,2967.68,1572.8200000000002,34.639797379143275
ORD03696,2025-10-02,CUST0787,P002,2,5.0,Net Banking,Delivered,CMP002,6053,3796.4,12106,605.3,11500.7,7592.8,3907.9000000000005,33.9796708026468
ORD03697,2025-06-28,CUST0064,P006,1,0.0,Credit Card,Delivered,CMP004,4933,3611.45,4933,0.0,4933.0,3611.45,1321.5500000000002,26.78998580985202
ORD03698,2025-08-29,CUST0101,P025,2,10.0,COD,Delivered,CMP002,7392,5142.33,14784,1478.4,13305.6,10284.66,3020.9400000000005,22.704274891774894
ORD03699,2025-11-22,CUST0322,P005,3,15.0,UPI,Cancelled,CMP006,1046,807.54,3138,470.7,2667.3,2422.62,244.6800000000003,9.173321336182667
ORD03700,2025-11-15,CUST0975,P004,2,15.0,Net Banking,Delivered,CMP002,2776,1530.45,5552,832.8,4719.2,3060.9,1658.2999999999997,35.13943041193422
ORD03701,2025-11-27,CUST0066,P002,2,10.0,Debit Card,Delivered,CMP005,6053,3796.4,12106,1210.6,10895.4,7592.8,3302.5999999999995,30.31187473612717
ORD03702,2025-06-02,CUST0843,P012,2,0.0,Debit Card,Shipped,CMP005,5080,2793.69,10160,0.0,10160.0,5587.38,4572.62,45.00610236220473
ORD03703,2025-04-14,CUST0557,P003,1,5.0,Debit Card,Delivered,CMP002,5857,3883.91,5857,292.85,5564.15,3883.91,1680.2399999999998,30.197604306138402
ORD03704,2025-03-16,CUST0599,P006,3,15.0,UPI,Delivered,CMP001,4933,3611.45,14799,2219.85,12579.15,10834.349999999999,1744.800000000001,13.870571541002382
ORD03705,2025-05-08,CUST0458,P024,2,5.0,Debit Card,Delivered,CMP001,972,537.49,1944,97.2,1846.8,1074.98,771.8199999999999,41.79228936538878
ORD03706,2025-07-18,CUST0579,P014,1,15.0,Debit Card,Delivered,CMP006,6801,4221.32,6801,1020.15,5780.85,4221.32,1559.5300000000007,26.977520606831185
ORD03707,2025-06-03,CUST0453,P008,2,10.0,Net Banking,Delivered,CMP005,3129,1758.81,6258,625.8,5632.2,3517.62,2114.58,37.544476403536805
ORD03708,2025-02-25,CUST0259,P021,2,0.0,UPI,Delivered,CMP003,5045,2967.68,10090,0.0,10090.0,5935.36,4154.64,41.17581764122894
ORD03709,2025-10-05,CUST0934,P021,3,15.0,COD,Cancelled,CMP002,5045,2967.68,15135,2270.25,12864.75,8903.039999999999,3961.710000000001,30.795079577916407
ORD03710,2025-12-11,CUST0717,P014,4,0.0,COD,Cancelled,CMP001,6801,4221.32,27204,0.0,27204.0,16885.28,10318.720000000001,37.930892515806505
ORD03711,2025-01-19,CUST0426,P003,2,10.0,Debit Card,Delivered,CMP004,5857,3883.91,11714,1171.4,10542.6,7767.82,2774.7800000000007,26.319693434257207
ORD03712,2025-06-08,CUST0979,P016,2,0.0,Credit Card,Delivered,CMP006,7713,5310.71,15426,0.0,15426.0,10621.42,4804.58,31.145987294178656
ORD03713,2025-01-26,CUST0936,P015,2,0.0,UPI,Delivered,CMP001,5978,4066.66,11956,0.0,11956.0,8133.32,3822.6800000000003,31.972900635664104
ORD03714,2025-06-18,CUST0178,P007,2,10.0,Credit Card,Delivered,CMP005,5886,3178.13,11772,1177.2,10594.8,6356.26,4238.539999999999,40.00585192736059
ORD03715,2025-01-23,CUST0931,P015,3,10.0,UPI,Delivered,CMP001,5978,4066.66,17934,1793.4,16140.6,12199.98,3940.620000000001,24.414334039626784
ORD03716,2025-02-16,CUST0280,P013,1,15.0,UPI,Delivered,CMP005,6435,4995.55,6435,965.25,5469.75,4995.55,474.1999999999998,8.669500434206313
ORD03717,2025-01-13,CUST0344,P006,1,15.0,Net Banking,Delivered,CMP002,4933,3611.45,4933,739.95,4193.05,3611.45,581.6000000000004,13.87057154100238
ORD03718,2025-08-05,CUST0017,P015,1,15.0,Debit Card,Delivered,CMP005,5978,4066.66,5978,896.7,5081.3,4066.66,1014.6400000000003,19.968118394898948
ORD03719,2025-11-18,CUST0296,P017,4,5.0,Net Banking,Delivered,CMP006,4817,3075.17,19268,963.4,18304.6,12300.68,6003.919999999998,32.80006118680549
ORD03720,2025-07-13,CUST0202,P004,4,10.0,Credit Card,Delivered,CMP004,2776,1530.45,11104,1110.4,9993.6,6121.8,3871.8,38.74279538904899
ORD03721,2025-05-24,CUST0962,P022,2,10.0,Credit Card,Delivered,CMP006,5915,3970.45,11830,1183.0,10647.0,7940.9,2706.1000000000004,25.416549262703114
ORD03722,2025-03-14,CUST0684,P022,2,5.0,COD,Delivered,CMP002,5915,3970.45,11830,591.5,11238.5,7940.9,3297.6000000000004,29.341994038350315
ORD03723,2025-06-05,CUST0919,P014,1,10.0,Net Banking,Delivered,CMP006,6801,4221.32,6801,680.1,6120.9,4221.32,1899.58,31.034325017562775
ORD03724,2025-03-18,CUST0774,P015,2,20.0,Net Banking,Delivered,CMP006,5978,4066.66,11956,2391.2,9564.8,8133.32,1431.4799999999996,14.966125794580124
ORD03725,2025-06-18,CUST0194,P012,1,0.0,Net Banking,Delivered,CMP001,5080,2793.69,5080,0.0,5080.0,2793.69,2286.31,45.00610236220473
ORD03726,2025-10-14,CUST0149,P019,4,20.0,COD,Delivered,CMP003,7745,4299.97,30980,6196.0,24784.0,17199.88,7584.119999999999,30.600871530019365
ORD03727,2025-03-26,CUST0375,P022,2,0.0,Net Banking,Delivered,CMP006,5915,3970.45,11830,0.0,11830.0,7940.9,3889.1000000000004,32.8748943364328
ORD03728,2025-07-01,CUST0888,P010,1,5.0,Net Banking,Delivered,CMP001,3310,2109.97,3310,165.5,3144.5,2109.97,1034.5300000000002,32.89966608363811
ORD03729,2025-11-11,CUST0035,P006,4,5.0,Net Banking,Delivered,CMP003,4933,3611.45,19732,986.6,18745.4,14445.8,4299.600000000002,22.936827168265292
ORD03730,2025-10-24,CUST0369,P025,1,10.0,Net Banking,Delivered,CMP005,7392,5142.33,7392,739.2,6652.8,5142.33,1510.4700000000003,22.704274891774894
ORD03731,2025-04-22,CUST0029,P009,4,0.0,Credit Card,Delivered,CMP001,1097,712.85,4388,0.0,4388.0,2851.4,1536.6,35.018231540565175
ORD03732,2025-08-18,CUST0775,P002,1,20.0,Debit Card,Delivered,CMP005,6053,3796.4,6053,1210.6,4842.4,3796.4,1045.9999999999995,21.60085907814306
ORD03733,2025-04-06,CUST0221,P004,1,15.0,Credit Card,Cancelled,CMP002,2776,1530.45,2776,416.4,2359.6,1530.45,829.1499999999999,35.13943041193422
ORD03734,2025-06-17,CUST0053,P009,3,10.0,Net Banking,Cancelled,CMP002,1097,712.85,3291,329.1,2961.9,2138.55,823.3499999999999,27.798035045072417
ORD03735,2025-06-05,CUST0933,P015,1,10.0,UPI,Delivered,CMP004,5978,4066.66,5978,597.8,5380.2,4066.66,1313.54,24.41433403962678
ORD03736,2025-04-15,CUST0791,P013,2,20.0,UPI,Delivered,CMP003,6435,4995.55,12870,2574.0,10296.0,9991.1,304.89999999999964,2.961344211344208
ORD03737,2025-07-12,CUST0353,P020,2,20.0,COD,Delivered,CMP006,7452,4168.44,14904,2980.8,11923.2,8336.88,3586.3200000000015,30.078502415458946
ORD03738,2025-11-26,CUST0392,P008,1,10.0,Credit Card,Delivered,CMP004,3129,1758.81,3129,312.9,2816.1,1758.81,1057.29,37.544476403536805
ORD03739,2025-05-12,CUST0076,P019,1,15.0,COD,Returned,CMP003,7745,4299.97,7745,1161.75,6583.25,4299.97,2283.2799999999997,34.683173204724106
ORD03740,2025-12-21,CUST0494,P019,1,10.0,COD,Delivered,CMP004,7745,4299.97,7745,774.5,6970.5,4299.97,2670.5299999999997,38.31188580446165
ORD03741,2025-05-18,CUST0688,P025,2,10.0,UPI,Delivered,CMP005,7392,5142.33,14784,1478.4,13305.6,10284.66,3020.9400000000005,22.704274891774894
ORD03742,2025-11-27,CUST0522,P016,1,5.0,Credit Card,Delivered,CMP006,7713,5310.71,7713,385.65,7327.35,5310.71,2016.6400000000003,27.52209188860912
ORD03743,2025-09-27,CUST0975,P011,4,10.0,Debit Card,Delivered,CMP004,7881,6026.38,31524,3152.4,28371.6,24105.52,4266.079999999998,15.036444895599818
ORD03744,2025-02-07,CUST0117,P010,4,0.0,Credit Card,Delivered,CMP003,3310,2109.97,13240,0.0,13240.0,8439.88,4800.120000000001,36.254682779456196
ORD03745,2025-02-14,CUST0280,P008,1,5.0,COD,Delivered,CMP002,3129,1758.81,3129,156.45,2972.55,1758.81,1213.7400000000002,40.831609224403294
ORD03746,2025-06-12,CUST0730,P001,1,15.0,Net Banking,Delivered,CMP006,6748,4695.17,6748,1012.2,5735.8,4695.17,1040.63,18.142717667980058
ORD03747,2025-11-27,CUST0175,P010,3,25.0,COD,Shipped,CMP005,3310,2109.97,9930,2482.5,7447.5,6329.91,1117.5900000000001,15.006243705941595
ORD03748,2025-09-10,CUST0746,P018,1,25.0,Credit Card,Delivered,CMP001,6660,5091.78,6660,1665.0,4995.0,5091.78,-96.77999999999975,-1.9375375375375326
ORD03749,2025-06-18,CUST0949,P003,1,10.0,UPI,Returned,CMP004,5857,3883.91,5857,585.7,5271.3,3883.91,1387.3900000000003,26.319693434257207
ORD03750,2025-10-12,CUST0764,P011,2,10.0,Credit Card,Cancelled,CMP003,7881,6026.38,15762,1576.2,14185.8,12052.76,2133.039999999999,15.036444895599818
ORD03751,2025-10-01,CUST0295,P018,4,0.0,Debit Card,Cancelled,CMP001,6660,5091.78,26640,0.0,26640.0,20367.12,6272.880000000001,23.54684684684685
ORD03752,2025-01-20,CUST0451,P003,2,15.0,Net Banking,Delivered,CMP004,5857,3883.91,11714,1757.1,9956.9,7767.82,2189.08,21.985557753919394
ORD03753,2025-08-27,CUST0834,P008,2,0.0,Net Banking,Delivered,CMP002,3129,1758.81,6258,0.0,6258.0,3517.62,2740.38,43.79002876318312
ORD03754,2025-09-27,CUST0518,P014,2,5.0,COD,Delivered,CMP004,6801,4221.32,13602,680.1,12921.9,8442.64,4479.26,34.66409738505948
ORD03755,2025-11-06,CUST0021,P006,1,10.0,Credit Card,Shipped,CMP002,4933,3611.45,4933,493.3,4439.7,3611.45,828.25,18.655539788724465
ORD03756,2025-01-31,CUST0073,P015,3,5.0,UPI,Returned,CMP001,5978,4066.66,17934,896.7,17037.3,12199.98,4837.32,28.392526984909583
ORD03757,2025-11-10,CUST0842,P014,2,0.0,Debit Card,Delivered,CMP001,6801,4221.32,13602,0.0,13602.0,8442.64,5159.360000000001,37.930892515806505
ORD03758,2025-04-14,CUST0036,P007,1,20.0,COD,Delivered,CMP003,5886,3178.13,5886,1177.2,4708.8,3178.13,1530.67,32.50658341828066
ORD03759,2025-06-19,CUST0507,P010,1,5.0,Credit Card,Delivered,CMP002,3310,2109.97,3310,165.5,3144.5,2109.97,1034.5300000000002,32.89966608363811
ORD03760,2025-07-05,CUST0899,P015,3,0.0,UPI,Delivered,CMP006,5978,4066.66,17934,0.0,17934.0,12199.98,5734.02,31.972900635664104
ORD03761,2025-05-08,CUST0233,P010,1,0.0,Credit Card,Cancelled,CMP001,3310,2109.97,3310,0.0,3310.0,2109.97,1200.0300000000002,36.254682779456196
ORD03762,2025-07-29,CUST0728,P022,1,5.0,UPI,Cancelled,CMP005,5915,3970.45,5915,295.75,5619.25,3970.45,1648.8000000000002,29.341994038350315
ORD03763,2025-10-08,CUST0982,P017,2,0.0,Credit Card,Delivered,CMP003,4817,3075.17,9634,0.0,9634.0,6150.34,3483.66,36.16005812746523
ORD03764,2025-09-10,CUST0497,P019,2,15.0,Credit Card,Delivered,CMP006,7745,4299.97,15490,2323.5,13166.5,8599.94,4566.5599999999995,34.683173204724106
ORD03765,2025-01-19,CUST0206,P017,4,5.0,COD,Delivered,CMP002,4817,3075.17,19268,963.4,18304.6,12300.68,6003.919999999998,32.80006118680549
ORD03766,2025-07-19,CUST0426,P012,3,15.0,Credit Card,Delivered,CMP001,5080,2793.69,15240,2286.0,12954.0,8381.07,4572.93,35.30129689671144
ORD03767,2025-08-08,CUST0941,P015,1,0.0,Credit Card,Cancelled,CMP004,5978,4066.66,5978,0.0,5978.0,4066.66,1911.3400000000001,31.972900635664104
ORD03768,2025-05-16,CUST0044,P012,1,10.0,COD,Cancelled,CMP004,5080,2793.69,5080,508.0,4572.0,2793.69,1778.31,38.89566929133858
ORD03769,2025-08-11,CUST0091,P025,1,15.0,COD,Delivered,CMP002,7392,5142.33,7392,1108.8,6283.2,5142.33,1140.87,18.157467532467532
ORD03770,2025-01-03,CUST0929,P009,4,10.0,Net Banking,Delivered,CMP001,1097,712.85,4388,438.8,3949.2,2851.4,1097.7999999999997,27.798035045072417
ORD03771,2025-08-24,CUST0828,P005,1,10.0,Net Banking,Delivered,CMP003,1046,807.54,1046,104.6,941.4,807.54,133.86,14.219247928616955
ORD03772,2025-12-08,CUST0470,P004,1,20.0,COD,Cancelled,CMP002,2776,1530.45,2776,555.2,2220.8,1530.45,690.3500000000001,31.08564481268012
ORD03773,2025-08-16,CUST0605,P012,1,0.0,Debit Card,Delivered,CMP002,5080,2793.69,5080,0.0,5080.0,2793.69,2286.31,45.00610236220473
ORD03774,2025-05-22,CUST0467,P016,2,10.0,UPI,Delivered,CMP003,7713,5310.71,15426,1542.6,13883.4,10621.42,3261.9799999999996,23.495541437976286
ORD03775,2025-01-09,CUST0851,P009,1,20.0,COD,Delivered,CMP004,1097,712.85,1097,219.4,877.6,712.85,164.75,18.77278942570647
ORD03776,2025-07-09,CUST0454,P025,1,0.0,Net Banking,Cancelled,CMP006,7392,5142.33,7392,0.0,7392.0,5142.33,2249.67,30.4338474025974
ORD03777,2025-12-16,CUST0595,P003,3,0.0,Credit Card,Delivered,CMP001,5857,3883.91,17571,0.0,17571.0,11651.73,5919.27,33.68772409083148
ORD03778,2025-06-14,CUST0333,P021,3,0.0,COD,Delivered,CMP004,5045,2967.68,15135,0.0,15135.0,8903.039999999999,6231.960000000001,41.175817641228946
ORD03779,2025-05-19,CUST0507,P003,1,10.0,COD,Delivered,CMP002,5857,3883.91,5857,585.7,5271.3,3883.91,1387.3900000000003,26.319693434257207
ORD03780,2025-10-03,CUST0794,P018,1,5.0,Net Banking,Delivered,CMP002,6660,5091.78,6660,333.0,6327.0,5091.78,1235.2200000000003,19.52299668089142
ORD03781,2025-10-18,CUST0470,P017,1,0.0,Net Banking,Cancelled,CMP004,4817,3075.17,4817,0.0,4817.0,3075.17,1741.83,36.16005812746523
ORD03782,2025-02-22,CUST0021,P010,2,10.0,Debit Card,Delivered,CMP005,3310,2109.97,6620,662.0,5958.0,4219.94,1738.0600000000004,29.171869754951334
ORD03783,2025-06-24,CUST0228,P002,4,10.0,Net Banking,Delivered,CMP006,6053,3796.4,24212,2421.2,21790.8,15185.6,6605.199999999999,30.31187473612717
ORD03784,2025-04-20,CUST0376,P024,1,0.0,Net Banking,Delivered,CMP005,972,537.49,972,0.0,972.0,537.49,434.51,44.702674897119344
ORD03785,2025-07-22,CUST0130,P011,1,5.0,Net Banking,Delivered,CMP001,7881,6026.38,7881,394.05,7486.95,6026.38,1460.5699999999997,19.508210953726145
ORD03786,2025-05-16,CUST0687,P024,3,10.0,Credit Card,Cancelled,CMP002,972,537.49,2916,291.6,2624.4,1612.47,1011.9300000000001,38.55852766346594
ORD03787,2025-01-04,CUST0620,P003,1,20.0,COD,Delivered,CMP005,5857,3883.91,5857,1171.4,4685.6,3883.91,801.6900000000005,17.109655113539365
ORD03788,2025-06-04,CUST0414,P023,1,10.0,COD,Returned,CMP003,5137,3830.78,5137,513.7,4623.3,3830.78,792.52,17.141868362425107
ORD03789,2025-06-21,CUST0795,P023,2,15.0,Net Banking,Delivered,CMP002,5137,3830.78,10274,1541.1,8732.9,7661.56,1071.3399999999992,12.267860619038341
ORD03790,2025-12-24,CUST0071,P002,1,5.0,Debit Card,Delivered,CMP003,6053,3796.4,6053,302.65,5750.35,3796.4,1953.9500000000003,33.9796708026468
ORD03791,2025-02-16,CUST0404,P009,1,5.0,Net Banking,Delivered,CMP006,1097,712.85,1097,54.85,1042.15,712.85,329.30000000000007,31.59813846375282
ORD03792,2025-04-04,CUST0562,P019,4,10.0,Debit Card,Delivered,CMP005,7745,4299.97,30980,3098.0,27882.0,17199.88,10682.119999999999,38.31188580446165
ORD03793,2025-02-17,CUST0607,P002,1,15.0,COD,Delivered,CMP003,6053,3796.4,6053,907.95,5145.05,3796.4,1348.65,26.21257325001701
ORD03794,2025-08-28,CUST0791,P019,3,10.0,Debit Card,Delivered,CMP006,7745,4299.97,23235,2323.5,20911.5,12899.91,8011.59,38.31188580446166
ORD03795,2025-12-13,CUST0397,P002,3,20.0,Debit Card,Delivered,CMP005,6053,3796.4,18159,3631.8,14527.2,11389.2,3138.0,21.60085907814307
ORD03796,2025-08-01,CUST0337,P015,4,25.0,UPI,Cancelled,CMP001,5978,4066.66,23912,5978.0,17934.0,16266.64,1667.3600000000006,9.297200847552139
ORD03797,2025-12-06,CUST0644,P024,2,0.0,Debit Card,Delivered,CMP001,972,537.49,1944,0.0,1944.0,1074.98,869.02,44.702674897119344
ORD03798,2025-11-20,CUST0505,P021,1,0.0,Debit Card,Delivered,CMP003,5045,2967.68,5045,0.0,5045.0,2967.68,2077.32,41.17581764122894
ORD03799,2025-05-19,CUST0910,P003,1,0.0,Credit Card,Cancelled,CMP002,5857,3883.91,5857,0.0,5857.0,3883.91,1973.0900000000001,33.68772409083148
ORD03800,2025-07-24,CUST0276,P005,1,5.0,COD,Returned,CMP005,1046,807.54,1046,52.3,993.7,807.54,186.16000000000008,18.734024353426594
ORD03801,2025-03-14,CUST0892,P011,1,0.0,Net Banking,Delivered,CMP006,7881,6026.38,7881,0.0,7881.0,6026.38,1854.62,23.53280040603984
ORD03802,2025-01-04,CUST0013,P024,3,20.0,UPI,Cancelled,CMP002,972,537.49,2916,583.2,2332.8,1612.47,720.3300000000002,30.87834362139918
ORD03803,2025-03-17,CUST0003,P007,1,0.0,Debit Card,Delivered,CMP005,5886,3178.13,5886,0.0,5886.0,3178.13,2707.87,46.005266734624534
ORD03804,2025-11-25,CUST0986,P006,1,5.0,Credit Card,Shipped,CMP003,4933,3611.45,4933,246.65,4686.35,3611.45,1074.9000000000005,22.936827168265292
ORD03805,2025-03-18,CUST0986,P014,1,0.0,Credit Card,Delivered,CMP003,6801,4221.32,6801,0.0,6801.0,4221.32,2579.6800000000003,37.930892515806505
ORD03806,2025-10-31,CUST0978,P001,1,20.0,Net Banking,Shipped,CMP005,6748,4695.17,6748,1349.6,5398.4,4695.17,703.2299999999996,13.026637522228802
ORD03807,2025-09-13,CUST0224,P017,2,10.0,Net Banking,Delivered,CMP004,4817,3075.17,9634,963.4,8670.6,6150.34,2520.26,29.066731252739142
ORD03808,2025-04-12,CUST0974,P017,3,20.0,COD,Delivered,CMP004,4817,3075.17,14451,2890.2,11560.8,9225.51,2335.289999999999,20.20007265933153
ORD03809,2025-04-16,CUST0175,P014,1,25.0,Debit Card,Delivered,CMP001,6801,4221.32,6801,1700.25,5100.75,4221.32,879.4300000000003,17.241190021075337
ORD03810,2025-11-29,CUST0899,P010,1,10.0,Credit Card,Delivered,CMP004,3310,2109.97,3310,331.0,2979.0,2109.97,869.0300000000002,29.171869754951334
ORD03811,2025-02-08,CUST0385,P008,1,0.0,UPI,Delivered,CMP002,3129,1758.81,3129,0.0,3129.0,1758.81,1370.19,43.79002876318312
ORD03812,2025-11-10,CUST0602,P008,1,0.0,COD,Delivered,CMP003,3129,1758.81,3129,0.0,3129.0,1758.81,1370.19,43.79002876318312
ORD03813,2025-10-02,CUST0920,P014,1,0.0,Debit Card,Delivered,CMP002,6801,4221.32,6801,0.0,6801.0,4221.32,2579.6800000000003,37.930892515806505
ORD03814,2025-03-29,CUST0241,P007,3,15.0,Net Banking,Delivered,CMP004,5886,3178.13,17658,2648.7,15009.3,9534.39,5474.91,36.47678439367592
ORD03815,2025-07-30,CUST0547,P006,4,0.0,,Delivered,CMP001,4933,3611.45,19732,0.0,19732.0,14445.8,5286.200000000001,26.78998580985202
ORD03816,2025-03-18,CUST0014,P004,1,0.0,Net Banking,Delivered,CMP001,2776,1530.45,2776,0.0,2776.0,1530.45,1245.55,44.86851585014409
ORD03817,2025-03-18,CUST0195,P001,2,10.0,Debit Card,Delivered,CMP002,6748,4695.17,13496,1349.6,12146.4,9390.34,2756.0599999999995,22.69034446420338
ORD03818,2025-01-28,CUST0397,P015,1,10.0,UPI,Delivered,CMP005,5978,4066.66,5978,597.8,5380.2,4066.66,1313.54,24.41433403962678
ORD03819,2025-09-02,CUST0431,P025,1,10.0,COD,Delivered,CMP001,7392,5142.33,7392,739.2,6652.8,5142.33,1510.4700000000003,22.704274891774894
ORD03820,2025-03-07,CUST0306,P015,1,5.0,Net Banking,Delivered,CMP005,5978,4066.66,5978,298.9,5679.1,4066.66,1612.4400000000005,28.392526984909587
ORD03821,2025-09-23,CUST0334,P001,1,15.0,UPI,Cancelled,CMP001,6748,4695.17,6748,1012.2,5735.8,4695.17,1040.63,18.142717667980058
ORD03822,2025-07-24,CUST0725,P020,1,10.0,Credit Card,Delivered,CMP004,7452,4168.44,7452,745.2,6706.8,4168.44,2538.3600000000006,37.847557702630176
ORD03823,2025-02-27,CUST0410,P003,4,0.0,UPI,Delivered,CMP005,5857,3883.91,23428,0.0,23428.0,15535.64,7892.360000000001,33.68772409083148
ORD03824,2025-07-20,CUST0003,P023,3,15.0,,Delivered,CMP002,5137,3830.78,15411,2311.65,13099.35,11492.34,1607.0100000000002,12.267860619038352
ORD03825,2025-08-13,CUST0691,P005,1,25.0,UPI,Delivered,CMP002,1046,807.54,1046,261.5,784.5,807.54,-23.039999999999964,-2.9369024856596515
ORD03826,2025-05-22,CUST0552,P005,1,0.0,Net Banking,Delivered,CMP002,1046,807.54,1046,0.0,1046.0,807.54,238.46000000000004,22.797323135755263
ORD03827,2025-03-25,CUST0452,P004,1,5.0,Credit Card,Shipped,CMP004,2776,1530.45,2776,138.8,2637.2,1530.45,1106.7499999999998,41.966858789625356
ORD03828,2025-05-23,CUST0676,P017,3,10.0,COD,Delivered,CMP002,4817,3075.17,14451,1445.1,13005.9,9225.51,3780.3899999999994,29.066731252739135
ORD03829,2025-12-18,CUST0819,P021,1,0.0,UPI,Delivered,CMP003,5045,2967.68,5045,0.0,5045.0,2967.68,2077.32,41.17581764122894
ORD03830,2025-02-02,CUST0747,P020,3,20.0,Net Banking,Delivered,CMP001,7452,4168.44,22356,4471.2,17884.8,12505.32,5379.48,30.078502415458935
ORD03831,2025-06-01,CUST0769,P014,1,5.0,Net Banking,Delivered,CMP003,6801,4221.32,6801,340.05,6460.95,4221.32,2239.63,34.66409738505948
ORD03832,2025-06-07,CUST0872,P008,1,15.0,COD,Delivered,CMP004,3129,1758.81,3129,469.35,2659.65,1758.81,900.8400000000001,33.8706220743331
ORD03833,2025-05-21,CUST0495,P002,1,10.0,Debit Card,Returned,CMP001,6053,3796.4,6053,605.3,5447.7,3796.4,1651.2999999999997,30.31187473612717
ORD03834,2025-09-08,CUST0417,P008,2,10.0,Credit Card,Returned,CMP005,3129,1758.81,6258,625.8,5632.2,3517.62,2114.58,37.544476403536805
ORD03835,2025-10-30,CUST0391,P001,2,0.0,Credit Card,Delivered,CMP006,6748,4695.17,13496,0.0,13496.0,9390.34,4105.66,30.421310017783043
ORD03836,2025-04-22,CUST0373,P004,1,0.0,UPI,Delivered,CMP002,2776,1530.45,2776,0.0,2776.0,1530.45,1245.55,44.86851585014409
ORD03837,2025-05-24,CUST0628,P019,4,0.0,Debit Card,Delivered,CMP005,7745,4299.97,30980,0.0,30980.0,17199.88,13780.119999999999,44.48069722401549
ORD03838,2025-07-28,CUST0052,P005,2,0.0,Credit Card,Delivered,CMP002,1046,807.54,2092,0.0,2092.0,1615.08,476.9200000000001,22.797323135755263
ORD03839,2025-08-12,CUST0376,P005,2,5.0,UPI,Cancelled,CMP004,1046,807.54,2092,104.6,1987.4,1615.08,372.32000000000016,18.734024353426594
ORD03840,2025-02-12,CUST0395,P021,3,20.0,Debit Card,Delivered,CMP002,5045,2967.68,15135,3027.0,12108.0,8903.039999999999,3204.960000000001,26.469772051536182
ORD03841,2025-09-21,CUST0923,P020,2,5.0,Net Banking,Delivered,CMP006,7452,4168.44,14904,745.2,14158.8,8336.88,5821.92,41.11873887617595
ORD03842,2025-09-01,CUST0142,P024,2,15.0,UPI,Cancelled,CMP002,972,537.49,1944,291.6,1652.4,1074.98,577.4200000000001,34.9443234083757
ORD03843,2025-01-03,CUST0086,P019,2,10.0,Debit Card,Delivered,CMP005,7745,4299.97,15490,1549.0,13941.0,8599.94,5341.0599999999995,38.31188580446165
ORD03844,2025-05-05,CUST0464,P012,1,15.0,COD,Delivered,CMP005,5080,2793.69,5080,762.0,4318.0,2793.69,1524.31,35.301296896711435
ORD03845,2025-09-25,CUST0046,P020,1,25.0,Credit Card,Delivered,CMP002,7452,4168.44,7452,1863.0,5589.0,4168.44,1420.5600000000004,25.41706924315621
ORD03846,2025-03-25,CUST0844,P001,2,0.0,UPI,Delivered,CMP001,6748,4695.17,13496,0.0,13496.0,9390.34,4105.66,30.421310017783043
ORD03847,2025-01-16,CUST0238,P007,1,20.0,Net Banking,Delivered,CMP005,5886,3178.13,5886,1177.2,4708.8,3178.13,1530.67,32.50658341828066
ORD03848,2025-11-30,CUST0010,P017,1,10.0,UPI,Delivered,CMP003,4817,3075.17,4817,481.7,4335.3,3075.17,1260.13,29.066731252739142
ORD03849,2025-02-28,CUST0664,P002,1,15.0,Credit Card,Cancelled,CMP006,6053,3796.4,6053,907.95,5145.05,3796.4,1348.65,26.21257325001701
ORD03850,2025-06-26,CUST0573,P011,1,10.0,Credit Card,Delivered,CMP006,7881,6026.38,7881,788.1,7092.9,6026.38,1066.5199999999995,15.036444895599818
ORD03851,2025-03-04,CUST0530,P007,3,5.0,Debit Card,Delivered,CMP004,5886,3178.13,17658,882.9,16775.1,9534.39,7240.709999999999,43.16343866802582
ORD03852,2025-02-18,CUST0598,P017,3,0.0,Net Banking,Cancelled,CMP003,4817,3075.17,14451,0.0,14451.0,9225.51,5225.49,36.16005812746523
ORD03853,2025-11-03,CUST0649,P003,1,0.0,Debit Card,Delivered,CMP002,5857,3883.91,5857,0.0,5857.0,3883.91,1973.0900000000001,33.68772409083148
ORD03854,2025-09-03,CUST0913,P022,1,10.0,Net Banking,Cancelled,CMP006,5915,3970.45,5915,591.5,5323.5,3970.45,1353.0500000000002,25.416549262703114
ORD03855,2025-10-16,CUST0742,P006,4,25.0,UPI,Delivered,CMP001,4933,3611.45,19732,4933.0,14799.0,14445.8,353.2000000000007,2.386647746469361
ORD03856,2025-10-13,CUST0640,P022,1,15.0,UPI,Delivered,CMP002,5915,3970.45,5915,887.25,5027.75,3970.45,1057.3000000000002,21.029287454626825
ORD03857,2025-11-28,CUST0616,P011,3,5.0,Debit Card,Delivered,CMP002,7881,6026.38,23643,1182.15,22460.85,18079.14,4381.709999999999,19.50821095372615
ORD03858,2025-01-15,CUST0698,P018,4,15.0,COD,Delivered,CMP006,6660,5091.78,26640,3996.0,22644.0,20367.12,2276.880000000001,10.055113937466883
ORD03859,2025-12-04,CUST0909,P018,1,15.0,Credit Card,Returned,CMP001,6660,5091.78,6660,999.0,5661.0,5091.78,569.2200000000003,10.055113937466883
ORD03860,2025-09-12,CUST0178,P022,1,5.0,Debit Card,Delivered,CMP006,5915,3970.45,5915,295.75,5619.25,3970.45,1648.8000000000002,29.341994038350315
ORD03861,2025-04-02,CUST0869,P010,4,0.0,Debit Card,Delivered,CMP003,3310,2109.97,13240,0.0,13240.0,8439.88,4800.120000000001,36.254682779456196
ORD03862,2025-10-06,CUST0006,P005,4,0.0,UPI,Delivered,CMP001,1046,807.54,4184,0.0,4184.0,3230.16,953.8400000000001,22.797323135755263
ORD03863,2025-07-25,CUST0853,P023,2,20.0,Credit Card,Delivered,CMP005,5137,3830.78,10274,2054.8,8219.2,7661.56,557.6400000000003,6.784601907728249
ORD03864,2025-04-04,CUST0307,P023,1,20.0,Debit Card,Returned,CMP001,5137,3830.78,5137,1027.4,4109.6,3830.78,278.82000000000016,6.784601907728249
ORD03865,2025-08-13,CUST0548,P021,1,5.0,UPI,Returned,CMP002,5045,2967.68,5045,252.25,4792.75,2967.68,1825.0700000000002,38.07980804339889
ORD03866,2025-10-28,CUST0327,P024,4,5.0,UPI,Delivered,CMP005,972,537.49,3888,194.4,3693.6,2149.96,1543.6399999999999,41.79228936538878
ORD03867,2025-11-14,CUST0356,P022,3,15.0,Debit Card,Delivered,CMP001,5915,3970.45,17745,2661.75,15083.25,11911.349999999999,3171.9000000000015,21.02928745462683
ORD03868,2025-07-18,CUST0793,P015,2,20.0,Debit Card,Delivered,CMP002,5978,4066.66,11956,2391.2,9564.8,8133.32,1431.4799999999996,14.966125794580124
ORD03869,2025-09-28,CUST0395,P021,1,15.0,UPI,Delivered,CMP002,5045,2967.68,5045,756.75,4288.25,2967.68,1320.5700000000002,30.7950795779164
ORD03870,2025-08-22,CUST0300,P020,1,10.0,Debit Card,Delivered,CMP004,7452,4168.44,7452,745.2,6706.8,4168.44,2538.3600000000006,37.847557702630176
ORD03871,2025-02-15,CUST0526,P023,1,0.0,Credit Card,Delivered,CMP005,5137,3830.78,5137,0.0,5137.0,3830.78,1306.2199999999998,25.427681526182592
ORD03872,2025-03-05,CUST0749,P004,3,10.0,UPI,Delivered,CMP002,2776,1530.45,8328,832.8,7495.2,4591.35,2903.8499999999995,38.742795389048986
ORD03873,2025-08-18,CUST0285,P021,4,0.0,UPI,Delivered,CMP002,5045,2967.68,20180,0.0,20180.0,11870.72,8309.28,41.17581764122894
ORD03874,2025-09-06,CUST0330,P021,1,15.0,Debit Card,Delivered,CMP002,5045,2967.68,5045,756.75,4288.25,2967.68,1320.5700000000002,30.7950795779164
ORD03875,2025-09-03,CUST0050,P001,1,5.0,Debit Card,Delivered,CMP003,6748,4695.17,6748,337.4,6410.6,4695.17,1715.4300000000003,26.759273702929526
ORD03876,2025-03-16,CUST0773,P015,1,20.0,Debit Card,Delivered,CMP003,5978,4066.66,5978,1195.6,4782.4,4066.66,715.7399999999998,14.966125794580124
ORD03877,2025-06-06,CUST0968,P017,1,5.0,Credit Card,Delivered,CMP001,4817,3075.17,4817,240.85,4576.15,3075.17,1500.9799999999996,32.80006118680549
ORD03878,2025-08-11,CUST0622,P019,4,15.0,UPI,Delivered,CMP005,7745,4299.97,30980,4647.0,26333.0,17199.88,9133.119999999999,34.683173204724106
ORD03879,2025-07-09,CUST0709,P014,2,5.0,COD,Delivered,CMP006,6801,4221.32,13602,680.1,12921.9,8442.64,4479.26,34.66409738505948
ORD03880,2025-02-21,CUST0378,P019,3,10.0,Credit Card,Delivered,CMP005,7745,4299.97,23235,2323.5,20911.5,12899.91,8011.59,38.31188580446166
ORD03881,2025-03-29,CUST0764,P018,2,10.0,Credit Card,Delivered,CMP001,6660,5091.78,13320,1332.0,11988.0,10183.56,1804.4400000000005,15.052052052052057
ORD03882,2025-11-09,CUST0600,P002,1,0.0,UPI,Shipped,CMP003,6053,3796.4,6053,0.0,6053.0,3796.4,2256.6,37.280687262514455
ORD03883,2025-12-05,CUST1000,P006,4,20.0,COD,Delivered,CMP005,4933,3611.45,19732,3946.4,15785.6,14445.8,1339.800000000001,8.487482262315028
ORD03884,2025-03-07,CUST0825,P013,1,10.0,UPI,Delivered,CMP002,6435,4995.55,6435,643.5,5791.5,4995.55,795.9499999999998,13.743417076750408
ORD03885,2025-05-30,CUST0538,P017,2,10.0,Credit Card,Cancelled,CMP006,4817,3075.17,9634,963.4,8670.6,6150.34,2520.26,29.066731252739142
ORD03886,2025-01-20,CUST0774,P006,4,20.0,Debit Card,Delivered,CMP006,4933,3611.45,19732,3946.4,15785.6,14445.8,1339.800000000001,8.487482262315028
ORD03887,2025-02-02,CUST0144,P021,3,20.0,UPI,Cancelled,CMP001,5045,2967.68,15135,3027.0,12108.0,8903.039999999999,3204.960000000001,26.469772051536182
ORD03888,2025-11-24,CUST0060,P022,3,10.0,UPI,Delivered,CMP003,5915,3970.45,17745,1774.5,15970.5,11911.349999999999,4059.1500000000015,25.41654926270312
ORD03889,2025-10-08,CUST0868,P005,1,20.0,Debit Card,Delivered,CMP001,1046,807.54,1046,209.2,836.8,807.54,29.25999999999999,3.496653919694072
ORD03890,2025-02-15,CUST0780,P007,3,0.0,COD,Delivered,CMP002,5886,3178.13,17658,0.0,17658.0,9534.39,8123.610000000001,46.005266734624534
ORD03891,2025-03-14,CUST0075,P001,2,0.0,COD,Delivered,CMP005,6748,4695.17,13496,0.0,13496.0,9390.34,4105.66,30.421310017783043
ORD03892,2025-12-20,CUST0003,P013,4,10.0,UPI,Delivered,CMP006,6435,4995.55,25740,2574.0,23166.0,19982.2,3183.7999999999993,13.743417076750408
ORD03893,2025-11-09,CUST0575,P019,4,5.0,Debit Card,Delivered,CMP006,7745,4299.97,30980,1549.0,29431.0,17199.88,12231.119999999999,41.55862865685841
ORD03894,2025-12-09,CUST0748,P022,3,10.0,UPI,Delivered,CMP001,5915,3970.45,17745,1774.5,15970.5,11911.349999999999,4059.1500000000015,25.41654926270312
ORD03895,2025-05-13,CUST0448,P001,4,5.0,Debit Card,Delivered,CMP006,6748,4695.17,26992,1349.6,25642.4,18780.68,6861.720000000001,26.759273702929526
ORD03896,2025-02-24,CUST0958,P013,2,5.0,Credit Card,Delivered,CMP005,6435,4995.55,12870,643.5,12226.5,9991.1,2235.3999999999996,18.283237230605646
ORD03897,2025-03-02,CUST0741,P011,1,15.0,Debit Card,Delivered,CMP006,7881,6026.38,7881,1182.15,6698.85,6026.38,672.4700000000003,10.038588712988053
ORD03898,2025-12-11,CUST0902,P007,2,10.0,UPI,Delivered,CMP006,5886,3178.13,11772,1177.2,10594.8,6356.26,4238.539999999999,40.00585192736059
ORD03899,2025-01-08,CUST0275,P020,1,25.0,Net Banking,Delivered,CMP003,7452,4168.44,7452,1863.0,5589.0,4168.44,1420.5600000000004,25.41706924315621
ORD03900,2025-09-29,CUST0530,P003,2,15.0,COD,Delivered,CMP002,5857,3883.91,11714,1757.1,9956.9,7767.82,2189.08,21.985557753919394
ORD03901,2025-09-03,CUST0592,P025,1,5.0,UPI,Delivered,CMP001,7392,5142.33,7392,369.6,7022.4,5142.33,1880.0699999999997,26.772470950102527
ORD03902,2025-06-25,CUST0215,P001,1,5.0,Debit Card,Delivered,CMP001,6748,4695.17,6748,337.4,6410.6,4695.17,1715.4300000000003,26.759273702929526
ORD03903,2025-04-26,CUST0683,P008,4,5.0,Debit Card,Delivered,CMP004,3129,1758.81,12516,625.8,11890.2,7035.24,4854.960000000001,40.831609224403294
ORD03904,2025-11-13,CUST0485,P017,1,20.0,,Cancelled,CMP002,4817,3075.17,4817,963.4,3853.6,3075.17,778.4299999999998,20.200072659331532
ORD03905,2025-09-28,CUST0329,P013,1,0.0,UPI,Returned,CMP003,6435,4995.55,6435,0.0,6435.0,4995.55,1439.4499999999998,22.369075369075368
ORD03906,2025-07-12,CUST0255,P014,2,0.0,Net Banking,Delivered,CMP001,6801,4221.32,13602,0.0,13602.0,8442.64,5159.360000000001,37.930892515806505
ORD03907,2025-05-30,CUST0387,P005,1,20.0,Credit Card,Delivered,CMP006,1046,807.54,1046,209.2,836.8,807.54,29.25999999999999,3.496653919694072
ORD03908,2025-05-11,CUST0126,P024,1,10.0,Net Banking,Delivered,CMP001,972,537.49,972,97.2,874.8,537.49,337.30999999999995,38.55852766346593
ORD03909,2025-04-12,CUST0767,P022,1,0.0,Credit Card,Delivered,CMP003,5915,3970.45,5915,0.0,5915.0,3970.45,1944.5500000000002,32.8748943364328
ORD03910,2025-11-06,CUST0584,P023,1,0.0,Credit Card,Delivered,CMP003,5137,3830.78,5137,0.0,5137.0,3830.78,1306.2199999999998,25.427681526182592
ORD03911,2025-09-27,CUST0550,P024,3,20.0,UPI,Delivered,CMP001,972,537.49,2916,583.2,2332.8,1612.47,720.3300000000002,30.87834362139918
ORD03912,2025-10-19,CUST0324,P006,1,20.0,Credit Card,Delivered,CMP004,4933,3611.45,4933,986.6,3946.4,3611.45,334.9500000000003,8.487482262315028
ORD03913,2025-07-29,CUST0204,P022,1,5.0,Debit Card,Returned,CMP003,5915,3970.45,5915,295.75,5619.25,3970.45,1648.8000000000002,29.341994038350315
ORD03914,2025-12-27,CUST0172,P006,2,5.0,Credit Card,Delivered,CMP003,4933,3611.45,9866,493.3,9372.7,7222.9,2149.800000000001,22.936827168265292
ORD03915,2025-12-04,CUST0735,P021,1,20.0,Credit Card,Delivered,CMP005,5045,2967.68,5045,1009.0,4036.0,2967.68,1068.3200000000002,26.46977205153618
ORD03916,2025-03-08,CUST0217,P008,2,15.0,COD,Delivered,CMP002,3129,1758.81,6258,938.7,5319.3,3517.62,1801.6800000000003,33.8706220743331
ORD03917,2025-01-10,CUST0245,P013,2,15.0,COD,Cancelled,CMP006,6435,4995.55,12870,1930.5,10939.5,9991.1,948.3999999999996,8.669500434206313
ORD03918,2025-02-18,CUST0336,P018,1,10.0,UPI,Delivered,CMP006,6660,5091.78,6660,666.0,5994.0,5091.78,902.2200000000003,15.052052052052057
ORD03919,2025-04-21,CUST0703,P023,1,20.0,UPI,Shipped,CMP005,5137,3830.78,5137,1027.4,4109.6,3830.78,278.82000000000016,6.784601907728249
ORD03920,2025-11-17,CUST0298,P004,3,5.0,Debit Card,Cancelled,CMP002,2776,1530.45,8328,416.4,7911.6,4591.35,3320.25,41.96685878962536
ORD03921,2025-08-07,CUST0832,P017,4,0.0,COD,Delivered,CMP001,4817,3075.17,19268,0.0,19268.0,12300.68,6967.32,36.16005812746523
ORD03922,2025-02-26,CUST0182,P005,3,15.0,Net Banking,Delivered,CMP003,1046,807.54,3138,470.7,2667.3,2422.62,244.6800000000003,9.173321336182667
ORD03923,2025-10-10,CUST0334,P003,1,10.0,,Delivered,CMP002,5857,3883.91,5857,585.7,5271.3,3883.91,1387.3900000000003,26.319693434257207
ORD03924,2025-04-23,CUST0511,P004,3,20.0,UPI,Shipped,CMP001,2776,1530.45,8328,1665.6,6662.4,4591.35,2071.0499999999993,31.08564481268011
ORD03925,2025-05-13,CUST0383,P023,1,0.0,COD,Returned,CMP002,5137,3830.78,5137,0.0,5137.0,3830.78,1306.2199999999998,25.427681526182592
ORD03926,2025-03-12,CUST0717,P005,1,20.0,COD,Delivered,CMP003,1046,807.54,1046,209.2,836.8,807.54,29.25999999999999,3.496653919694072
ORD03927,2025-03-24,CUST0873,P014,2,5.0,Debit Card,Delivered,CMP001,6801,4221.32,13602,680.1,12921.9,8442.64,4479.26,34.66409738505948
ORD03928,2025-02-26,CUST0199,P015,3,10.0,COD,Delivered,CMP006,5978,4066.66,17934,1793.4,16140.6,12199.98,3940.620000000001,24.414334039626784
ORD03929,2025-12-15,CUST0332,P020,3,0.0,Credit Card,Delivered,CMP004,7452,4168.44,22356,0.0,22356.0,12505.32,9850.68,44.06280193236715
ORD03930,2025-09-28,CUST0165,P017,4,10.0,Net Banking,Cancelled,CMP001,4817,3075.17,19268,1926.8,17341.2,12300.68,5040.52,29.066731252739142
ORD03931,2025-04-21,CUST0242,P006,3,15.0,Credit Card,Delivered,CMP005,4933,3611.45,14799,2219.85,12579.15,10834.349999999999,1744.800000000001,13.870571541002382
ORD03932,2025-12-23,CUST0900,P010,1,5.0,Credit Card,Returned,CMP006,3310,2109.97,3310,165.5,3144.5,2109.97,1034.5300000000002,32.89966608363811
ORD03933,2025-03-17,CUST0642,P022,2,0.0,Credit Card,Delivered,CMP002,5915,3970.45,11830,0.0,11830.0,7940.9,3889.1000000000004,32.8748943364328
ORD03934,2025-06-07,CUST0227,P023,3,10.0,UPI,Delivered,CMP001,5137,3830.78,15411,1541.1,13869.9,11492.34,2377.5599999999995,17.141868362425107
ORD03935,2025-01-20,CUST0634,P016,2,20.0,Credit Card,Delivered,CMP002,7713,5310.71,15426,3085.2,12340.8,10621.42,1719.3799999999992,13.932484117723318
ORD03936,2025-05-11,CUST0556,P017,2,5.0,UPI,Delivered,CMP005,4817,3075.17,9634,481.7,9152.3,6150.34,3001.959999999999,32.80006118680549
ORD03937,2025-11-25,CUST0451,P014,2,5.0,COD,Delivered,CMP001,6801,4221.32,13602,680.1,12921.9,8442.64,4479.26,34.66409738505948
ORD03938,2025-05-02,CUST0196,P020,3,5.0,Net Banking,Delivered,CMP005,7452,4168.44,22356,1117.8,21238.2,12505.32,8732.880000000001,41.118738876175954
ORD03939,2025-02-10,CUST0870,P012,4,20.0,Net Banking,Delivered,CMP005,5080,2793.69,20320,4064.0,16256.0,11174.76,5081.24,31.257627952755907
ORD03940,2025-06-16,CUST0204,P009,1,5.0,Credit Card,Delivered,CMP004,1097,712.85,1097,54.85,1042.15,712.85,329.30000000000007,31.59813846375282
ORD03941,2025-05-10,CUST0979,P015,4,0.0,Net Banking,Delivered,CMP003,5978,4066.66,23912,0.0,23912.0,16266.64,7645.360000000001,31.972900635664104
ORD03942,2025-01-23,CUST0458,P012,1,15.0,UPI,Returned,CMP002,5080,2793.69,5080,762.0,4318.0,2793.69,1524.31,35.301296896711435
ORD03943,2025-10-06,CUST0830,P014,1,15.0,COD,Delivered,CMP001,6801,4221.32,6801,1020.15,5780.85,4221.32,1559.5300000000007,26.977520606831185
ORD03944,2025-09-08,CUST0257,P022,1,0.0,Credit Card,Delivered,CMP002,5915,3970.45,5915,0.0,5915.0,3970.45,1944.5500000000002,32.8748943364328
ORD03945,2025-01-09,CUST0529,P018,4,25.0,Debit Card,Delivered,CMP004,6660,5091.78,26640,6660.0,19980.0,20367.12,-387.119999999999,-1.9375375375375326
ORD03946,2025-01-13,CUST0272,P020,3,10.0,Net Banking,Delivered,CMP006,7452,4168.44,22356,2235.6,20120.4,12505.32,7615.080000000002,37.847557702630176
ORD03947,2025-11-03,CUST0009,P006,4,10.0,Net Banking,Delivered,CMP005,4933,3611.45,19732,1973.2,17758.8,14445.8,3313.0,18.655539788724465
ORD03948,2025-11-16,CUST0761,P004,1,5.0,Credit Card,Returned,CMP001,2776,1530.45,2776,138.8,2637.2,1530.45,1106.7499999999998,41.966858789625356
ORD03949,2025-02-21,CUST0949,P023,1,20.0,Net Banking,Delivered,CMP001,5137,3830.78,5137,1027.4,4109.6,3830.78,278.82000000000016,6.784601907728249
ORD03950,2025-07-28,CUST0201,P012,1,0.0,Net Banking,Delivered,CMP005,5080,2793.69,5080,0.0,5080.0,2793.69,2286.31,45.00610236220473
ORD03951,2025-02-07,CUST0059,P013,2,5.0,Debit Card,Cancelled,CMP006,6435,4995.55,12870,643.5,12226.5,9991.1,2235.3999999999996,18.283237230605646
ORD03952,2025-04-10,CUST0887,P019,4,0.0,UPI,Delivered,CMP001,7745,4299.97,30980,0.0,30980.0,17199.88,13780.119999999999,44.48069722401549
ORD03953,2025-07-12,CUST0393,P022,3,15.0,Credit Card,Cancelled,CMP004,5915,3970.45,17745,2661.75,15083.25,11911.349999999999,3171.9000000000015,21.02928745462683
ORD03954,2025-07-10,CUST0652,P013,3,10.0,Credit Card,Cancelled,CMP002,6435,4995.55,19305,1930.5,17374.5,14986.650000000001,2387.8499999999985,13.743417076750402
ORD03955,2025-02-20,CUST0119,P012,2,10.0,Debit Card,Delivered,CMP002,5080,2793.69,10160,1016.0,9144.0,5587.38,3556.62,38.89566929133858
ORD03956,2025-05-21,CUST0553,P020,1,0.0,Debit Card,Delivered,CMP004,7452,4168.44,7452,0.0,7452.0,4168.44,3283.5600000000004,44.06280193236716
ORD03957,2025-06-17,CUST0399,P003,1,10.0,UPI,Delivered,CMP005,5857,3883.91,5857,585.7,5271.3,3883.91,1387.3900000000003,26.319693434257207
ORD03958,2025-11-07,CUST0834,P003,1,15.0,COD,Delivered,CMP002,5857,3883.91,5857,878.55,4978.45,3883.91,1094.54,21.985557753919394
ORD03959,2025-04-19,CUST0331,P014,4,5.0,Credit Card,Delivered,CMP004,6801,4221.32,27204,1360.2,25843.8,16885.28,8958.52,34.66409738505948
ORD03960,2025-07-26,CUST0267,P018,1,15.0,Net Banking,Delivered,CMP004,6660,5091.78,6660,999.0,5661.0,5091.78,569.2200000000003,10.055113937466883
ORD03961,2025-10-27,CUST0520,P019,1,5.0,UPI,Cancelled,CMP003,7745,4299.97,7745,387.25,7357.75,4299.97,3057.7799999999997,41.55862865685841
ORD03962,2025-04-20,CUST0695,P010,4,15.0,Credit Card,Delivered,CMP004,3310,2109.97,13240,1986.0,11254.0,8439.88,2814.120000000001,25.005509152301407
ORD03963,2025-07-15,CUST0480,P017,2,0.0,UPI,Delivered,CMP001,4817,3075.17,9634,0.0,9634.0,6150.34,3483.66,36.16005812746523
ORD03964,2025-06-01,CUST0134,P015,1,10.0,COD,Delivered,CMP001,5978,4066.66,5978,597.8,5380.2,4066.66,1313.54,24.41433403962678
ORD03965,2025-08-31,CUST0693,P019,4,25.0,Credit Card,Delivered,CMP003,7745,4299.97,30980,7745.0,23235.0,17199.88,6035.119999999999,25.97426296535399
ORD03966,2025-05-08,CUST0916,P009,1,25.0,Net Banking,Delivered,CMP003,1097,712.85,1097,274.25,822.75,712.85,109.89999999999998,13.357642054086902
ORD03967,2025-04-15,CUST0935,P004,1,5.0,Credit Card,Cancelled,CMP001,2776,1530.45,2776,138.8,2637.2,1530.45,1106.7499999999998,41.966858789625356
ORD03968,2025-01-10,CUST0355,P015,1,10.0,UPI,Delivered,CMP003,5978,4066.66,5978,597.8,5380.2,4066.66,1313.54,24.41433403962678
ORD03969,2025-12-22,CUST0584,P019,1,0.0,COD,Returned,CMP005,7745,4299.97,7745,0.0,7745.0,4299.97,3445.0299999999997,44.48069722401549
ORD03970,2025-05-28,CUST0498,P016,4,20.0,UPI,Delivered,CMP003,7713,5310.71,30852,6170.4,24681.6,21242.84,3438.7599999999984,13.932484117723318
ORD03971,2025-12-31,CUST0625,P008,1,10.0,UPI,Shipped,CMP003,3129,1758.81,3129,312.9,2816.1,1758.81,1057.29,37.544476403536805
ORD03972,2025-12-30,CUST0107,P017,4,5.0,Debit Card,Delivered,CMP005,4817,3075.17,19268,963.4,18304.6,12300.68,6003.919999999998,32.80006118680549
ORD03973,2025-05-20,CUST0290,P021,1,0.0,UPI,Delivered,CMP001,5045,2967.68,5045,0.0,5045.0,2967.68,2077.32,41.17581764122894
ORD03974,2025-07-09,CUST0825,P001,2,20.0,COD,Delivered,CMP003,6748,4695.17,13496,2699.2,10796.8,9390.34,1406.4599999999991,13.026637522228802
ORD03975,2025-04-04,CUST0629,P007,1,10.0,Net Banking,Returned,CMP001,5886,3178.13,5886,588.6,5297.4,3178.13,2119.2699999999995,40.00585192736059
ORD03976,2025-08-17,CUST0632,P021,1,5.0,Debit Card,Delivered,CMP003,5045,2967.68,5045,252.25,4792.75,2967.68,1825.0700000000002,38.07980804339889
ORD03977,2025-03-04,CUST0147,P018,1,5.0,UPI,Delivered,CMP004,6660,5091.78,6660,333.0,6327.0,5091.78,1235.2200000000003,19.52299668089142
ORD03978,2025-12-06,CUST0327,P012,2,5.0,Credit Card,Delivered,CMP001,5080,2793.69,10160,508.0,9652.0,5587.38,4064.62,42.11168669705761
ORD03979,2025-01-25,CUST0415,P016,1,10.0,Debit Card,Delivered,CMP001,7713,5310.71,7713,771.3,6941.7,5310.71,1630.9899999999998,23.495541437976286
ORD03980,2025-09-25,CUST0210,P001,1,20.0,COD,Delivered,CMP001,6748,4695.17,6748,1349.6,5398.4,4695.17,703.2299999999996,13.026637522228802
ORD03981,2025-10-08,CUST0296,P015,1,20.0,Credit Card,Delivered,CMP004,5978,4066.66,5978,1195.6,4782.4,4066.66,715.7399999999998,14.966125794580124
ORD03982,2025-01-11,CUST0398,P007,4,10.0,COD,Delivered,CMP002,5886,3178.13,23544,2354.4,21189.6,12712.52,8477.079999999998,40.00585192736059
ORD03983,2025-11-16,CUST0103,P017,3,15.0,Credit Card,Delivered,CMP002,4817,3075.17,14451,2167.65,12283.35,9225.51,3057.84,24.89418603231203
ORD03984,2025-07-20,CUST0636,P003,1,5.0,Net Banking,Delivered,CMP004,5857,3883.91,5857,292.85,5564.15,3883.91,1680.2399999999998,30.197604306138402
ORD03985,2025-05-06,CUST0757,P011,1,5.0,COD,Shipped,CMP002,7881,6026.38,7881,394.05,7486.95,6026.38,1460.5699999999997,19.508210953726145
ORD03986,2025-11-02,CUST0508,P006,2,25.0,Credit Card,Delivered,CMP003,4933,3611.45,9866,2466.5,7399.5,7222.9,176.60000000000036,2.386647746469361
ORD03987,2025-07-09,CUST0891,P006,2,5.0,COD,Delivered,CMP006,4933,3611.45,9866,493.3,9372.7,7222.9,2149.800000000001,22.936827168265292
ORD03988,2025-03-30,CUST0868,P015,2,5.0,Debit Card,Shipped,CMP005,5978,4066.66,11956,597.8,11358.2,8133.32,3224.880000000001,28.392526984909587
ORD03989,2025-12-21,CUST0209,P007,1,25.0,COD,Delivered,CMP002,5886,3178.13,5886,1471.5,4414.5,3178.13,1236.37,28.007022312832706
ORD03990,2025-04-26,CUST0933,P011,1,0.0,COD,Delivered,CMP004,7881,6026.38,7881,0.0,7881.0,6026.38,1854.62,23.53280040603984
ORD03991,2025-12-18,CUST0428,P017,1,15.0,Credit Card,Delivered,CMP004,4817,3075.17,4817,722.55,4094.45,3075.17,1019.2799999999997,24.894186032312028
ORD03992,2025-06-26,CUST0393,P023,3,20.0,COD,Delivered,CMP006,5137,3830.78,15411,3082.2,12328.8,11492.34,836.4599999999991,6.78460190772824
ORD03993,2025-01-14,CUST0826,P018,3,10.0,Net Banking,Delivered,CMP003,6660,5091.78,19980,1998.0,17982.0,15275.34,2706.66,15.052052052052051
ORD03994,2025-09-14,CUST0916,P022,3,0.0,UPI,Delivered,CMP004,5915,3970.45,17745,0.0,17745.0,11911.349999999999,5833.6500000000015,32.87489433643281
ORD03995,2025-07-28,CUST0109,P024,1,5.0,Debit Card,Delivered,CMP006,972,537.49,972,48.6,923.4,537.49,385.90999999999997,41.79228936538878
ORD03996,2025-10-08,CUST0889,P021,1,,Credit Card,Delivered,CMP001,5045,2967.68,5045,0.0,5045.0,2967.68,2077.32,41.17581764122894
ORD03997,2025-11-24,CUST0348,P019,4,5.0,COD,Delivered,CMP004,7745,4299.97,30980,1549.0,29431.0,17199.88,12231.119999999999,41.55862865685841
ORD03998,2025-11-21,CUST0050,P008,3,15.0,COD,Delivered,CMP003,3129,1758.81,9387,1408.05,7978.95,5276.43,2702.5199999999995,33.870622074333085
ORD03999,2025-04-15,CUST0916,P024,4,10.0,COD,Delivered,CMP006,972,537.49,3888,388.8,3499.2,2149.96,1349.2399999999998,38.55852766346593
ORD04000,2025-05-27,CUST0105,P020,2,10.0,Debit Card,Returned,CMP006,7452,4168.44,14904,1490.4,13413.6,8336.88,5076.720000000001,37.847557702630176
ORD04001,2025-10-06,CUST0420,P008,2,10.0,UPI,Shipped,CMP001,3129,1758.81,6258,625.8,5632.2,3517.62,2114.58,37.544476403536805
ORD04002,2025-01-09,CUST0373,P021,4,10.0,Net Banking,Cancelled,CMP002,5045,2967.68,20180,2018.0,18162.0,11870.72,6291.280000000001,34.639797379143275
ORD04003,2025-04-28,CUST0027,P011,1,20.0,Net Banking,Shipped,CMP002,7881,6026.38,7881,1576.2,6304.8,6026.38,278.4200000000001,4.416000507549804
ORD04004,2025-04-04,CUST0968,P021,3,5.0,Credit Card,Delivered,CMP001,5045,2967.68,15135,756.75,14378.25,8903.039999999999,5475.210000000001,38.07980804339889
ORD04005,2025-05-24,CUST0800,P003,1,15.0,UPI,Cancelled,CMP003,5857,3883.91,5857,878.55,4978.45,3883.91,1094.54,21.985557753919394
ORD04006,2025-10-16,CUST0769,P023,2,10.0,UPI,Delivered,CMP003,5137,3830.78,10274,1027.4,9246.6,7661.56,1585.04,17.141868362425107
ORD04007,2025-01-14,CUST0273,P014,2,5.0,Debit Card,Delivered,CMP004,6801,4221.32,13602,680.1,12921.9,8442.64,4479.26,34.66409738505948
ORD04008,2025-09-14,CUST0649,P009,1,5.0,COD,Delivered,CMP004,1097,712.85,1097,54.85,1042.15,712.85,329.30000000000007,31.59813846375282
ORD04009,2025-12-12,CUST0340,P025,2,5.0,UPI,Cancelled,CMP001,7392,5142.33,14784,739.2,14044.8,10284.66,3760.1399999999994,26.772470950102527
ORD04010,2025-07-05,CUST0301,P001,4,10.0,COD,Delivered,CMP004,6748,4695.17,26992,2699.2,24292.8,18780.68,5512.119999999999,22.69034446420338
ORD04011,2025-12-11,CUST0480,P001,2,0.0,Debit Card,Delivered,CMP006,6748,4695.17,13496,0.0,13496.0,9390.34,4105.66,30.421310017783043
ORD04012,2025-07-26,CUST0834,P012,2,20.0,Credit Card,Cancelled,CMP003,5080,2793.69,10160,2032.0,8128.0,5587.38,2540.62,31.257627952755907
ORD04013,2025-12-12,CUST0544,P011,1,10.0,Credit Card,Delivered,CMP001,7881,6026.38,7881,788.1,7092.9,6026.38,1066.5199999999995,15.036444895599818
ORD04014,2025-06-21,CUST0557,P021,1,20.0,COD,Delivered,CMP001,5045,2967.68,5045,1009.0,4036.0,2967.68,1068.3200000000002,26.46977205153618
ORD04015,2025-09-27,CUST0265,P001,3,0.0,COD,Delivered,CMP002,6748,4695.17,20244,0.0,20244.0,14085.51,6158.49,30.421310017783043
ORD04016,2025-08-09,CUST0542,P020,4,5.0,UPI,Delivered,CMP005,7452,4168.44,29808,1490.4,28317.6,16673.76,11643.84,41.11873887617595
ORD04017,2025-06-01,CUST0596,P012,1,0.0,Debit Card,Delivered,CMP002,5080,2793.69,5080,0.0,5080.0,2793.69,2286.31,45.00610236220473
ORD04018,2025-04-21,CUST0166,P017,3,5.0,Credit Card,Delivered,CMP005,4817,3075.17,14451,722.55,13728.45,9225.51,4502.9400000000005,32.80006118680551
ORD04019,2025-07-02,CUST0316,P015,1,20.0,UPI,Cancelled,CMP005,5978,4066.66,5978,1195.6,4782.4,4066.66,715.7399999999998,14.966125794580124
ORD04020,2025-12-05,CUST0001,P002,1,0.0,Net Banking,Delivered,CMP003,6053,3796.4,6053,0.0,6053.0,3796.4,2256.6,37.280687262514455
ORD04021,2025-03-13,CUST0761,P018,1,10.0,UPI,Shipped,CMP002,6660,5091.78,6660,666.0,5994.0,5091.78,902.2200000000003,15.052052052052057
ORD04022,2025-10-10,CUST0261,P016,1,0.0,COD,Delivered,CMP004,7713,5310.71,7713,0.0,7713.0,5310.71,2402.29,31.145987294178656
ORD04023,2025-03-15,CUST0063,P004,3,5.0,Net Banking,Delivered,CMP005,2776,1530.45,8328,416.4,7911.6,4591.35,3320.25,41.96685878962536
ORD04024,2025-12-21,CUST0483,P008,1,20.0,UPI,Delivered,CMP001,3129,1758.81,3129,625.8,2503.2,1758.81,744.3899999999999,29.737535953978906
ORD04025,2025-08-03,CUST0676,P002,1,10.0,Debit Card,Delivered,CMP006,6053,3796.4,6053,605.3,5447.7,3796.4,1651.2999999999997,30.31187473612717
ORD04026,2025-11-24,CUST0321,P014,3,15.0,Credit Card,Delivered,CMP004,6801,4221.32,20403,3060.45,17342.55,12663.96,4678.59,26.977520606831177
ORD04027,2025-01-23,CUST0846,P025,2,5.0,Net Banking,Cancelled,CMP003,7392,5142.33,14784,739.2,14044.8,10284.66,3760.1399999999994,26.772470950102527
ORD04028,2025-03-09,CUST0201,P015,3,20.0,Debit Card,Delivered,CMP003,5978,4066.66,17934,3586.8,14347.2,12199.98,2147.220000000001,14.966125794580135
ORD04029,2025-12-28,CUST0222,P009,4,15.0,UPI,Delivered,CMP003,1097,712.85,4388,658.2,3729.8,2851.4,878.4000000000001,23.550860635959033
ORD04030,2025-04-03,CUST0152,P002,2,5.0,COD,Delivered,CMP003,6053,3796.4,12106,605.3,11500.7,7592.8,3907.9000000000005,33.9796708026468
ORD04031,2025-11-17,CUST0644,P017,2,5.0,COD,Delivered,CMP004,4817,3075.17,9634,481.7,9152.3,6150.34,3001.959999999999,32.80006118680549
ORD04032,2025-11-20,CUST0626,P010,1,20.0,Debit Card,Delivered,CMP001,3310,2109.97,3310,662.0,2648.0,2109.97,538.0300000000002,20.31835347432025
ORD04033,2025-03-04,CUST0462,P009,2,10.0,COD,Returned,CMP001,1097,712.85,2194,219.4,1974.6,1425.7,548.8999999999999,27.798035045072417
ORD04034,2025-08-12,CUST0217,P002,3,15.0,Credit Card,Delivered,CMP002,6053,3796.4,18159,2723.85,15435.15,11389.2,4045.949999999999,26.212573250017
ORD04035,2025-08-13,CUST0196,P024,2,5.0,Debit Card,Delivered,CMP003,972,537.49,1944,97.2,1846.8,1074.98,771.8199999999999,41.79228936538878
ORD04036,2025-12-12,CUST0793,P019,2,0.0,Debit Card,Delivered,CMP002,7745,4299.97,15490,0.0,15490.0,8599.94,6890.0599999999995,44.48069722401549
ORD04037,2025-12-03,CUST0202,P017,4,15.0,COD,Returned,CMP005,4817,3075.17,19268,2890.2,16377.8,12300.68,4077.119999999999,24.894186032312028
ORD04038,2025-04-13,CUST0995,P011,3,10.0,Debit Card,Delivered,CMP002,7881,6026.38,23643,2364.3,21278.7,18079.14,3199.5600000000013,15.036444895599832
ORD04039,2025-08-03,CUST0647,P017,2,10.0,UPI,Shipped,CMP001,4817,3075.17,9634,963.4,8670.6,6150.34,2520.26,29.066731252739142
ORD04040,2025-07-11,CUST0234,P010,2,10.0,Net Banking,Delivered,CMP001,3310,2109.97,6620,662.0,5958.0,4219.94,1738.0600000000004,29.171869754951334
ORD04041,2025-06-09,CUST0141,P018,2,0.0,Net Banking,Returned,CMP001,6660,5091.78,13320,0.0,13320.0,10183.56,3136.4400000000005,23.54684684684685
ORD04042,2025-07-26,CUST0708,P023,2,15.0,COD,Cancelled,CMP001,5137,3830.78,10274,1541.1,8732.9,7661.56,1071.3399999999992,12.267860619038341
ORD04043,2025-09-26,CUST0498,P006,1,20.0,Credit Card,Returned,CMP006,4933,3611.45,4933,986.6,3946.4,3611.45,334.9500000000003,8.487482262315028
ORD04044,2025-07-13,CUST0555,P016,2,20.0,Credit Card,Delivered,CMP004,7713,5310.71,15426,3085.2,12340.8,10621.42,1719.3799999999992,13.932484117723318
ORD04045,2025-06-01,CUST0057,P018,1,5.0,COD,Delivered,CMP006,6660,5091.78,6660,333.0,6327.0,5091.78,1235.2200000000003,19.52299668089142
ORD04046,2025-08-25,CUST0932,P020,2,5.0,COD,Delivered,CMP001,7452,4168.44,14904,745.2,14158.8,8336.88,5821.92,41.11873887617595
ORD04047,2025-03-29,CUST0504,P018,4,15.0,Debit Card,Delivered,CMP005,6660,5091.78,26640,3996.0,22644.0,20367.12,2276.880000000001,10.055113937466883
ORD04048,2025-01-11,CUST0142,P001,2,10.0,Credit Card,Delivered,CMP004,6748,4695.17,13496,1349.6,12146.4,9390.34,2756.0599999999995,22.69034446420338
ORD04049,2025-07-06,CUST0722,P003,1,10.0,Net Banking,Delivered,CMP004,5857,3883.91,5857,585.7,5271.3,3883.91,1387.3900000000003,26.319693434257207
ORD04050,2025-08-02,CUST0584,P015,4,20.0,COD,Shipped,CMP002,5978,4066.66,23912,4782.4,19129.6,16266.64,2862.959999999999,14.966125794580124
ORD04051,2025-01-15,CUST0736,P020,4,10.0,Net Banking,Delivered,CMP002,7452,4168.44,29808,2980.8,26827.2,16673.76,10153.440000000002,37.847557702630176
ORD04052,2025-09-23,CUST0539,P010,1,10.0,Net Banking,Delivered,CMP005,3310,2109.97,3310,331.0,2979.0,2109.97,869.0300000000002,29.171869754951334
ORD04053,2025-10-24,CUST0640,P021,1,0.0,Credit Card,Delivered,CMP005,5045,2967.68,5045,0.0,5045.0,2967.68,2077.32,41.17581764122894
ORD04054,2025-03-14,CUST0106,P005,2,0.0,Net Banking,Delivered,CMP004,1046,807.54,2092,0.0,2092.0,1615.08,476.9200000000001,22.797323135755263
ORD04055,2025-02-21,CUST0165,P015,4,0.0,,Delivered,CMP001,5978,4066.66,23912,0.0,23912.0,16266.64,7645.360000000001,31.972900635664104
ORD04056,2025-05-08,CUST0215,P023,2,20.0,Debit Card,Delivered,CMP002,5137,3830.78,10274,2054.8,8219.2,7661.56,557.6400000000003,6.784601907728249
ORD04057,2025-01-28,CUST0071,P014,4,5.0,Credit Card,Cancelled,CMP006,6801,4221.32,27204,1360.2,25843.8,16885.28,8958.52,34.66409738505948
ORD04058,2025-03-06,CUST0716,P015,1,10.0,Debit Card,Delivered,CMP003,5978,4066.66,5978,597.8,5380.2,4066.66,1313.54,24.41433403962678
ORD04059,2025-01-17,CUST0665,P010,1,20.0,COD,Delivered,CMP005,3310,2109.97,3310,662.0,2648.0,2109.97,538.0300000000002,20.31835347432025
ORD04060,2025-12-17,CUST0579,P024,2,10.0,Credit Card,Cancelled,CMP003,972,537.49,1944,194.4,1749.6,1074.98,674.6199999999999,38.55852766346593
ORD04061,2025-05-18,CUST0090,P009,3,10.0,Net Banking,Delivered,CMP005,1097,712.85,3291,329.1,2961.9,2138.55,823.3499999999999,27.798035045072417
ORD04062,2025-11-15,CUST0772,P012,2,5.0,COD,Returned,CMP001,5080,2793.69,10160,508.0,9652.0,5587.38,4064.62,42.11168669705761
ORD04063,2025-08-17,CUST0874,P007,2,20.0,Credit Card,Delivered,CMP001,5886,3178.13,11772,2354.4,9417.6,6356.26,3061.34,32.50658341828066
ORD04064,2025-09-11,CUST0228,P005,4,0.0,Net Banking,Delivered,CMP003,1046,807.54,4184,0.0,4184.0,3230.16,953.8400000000001,22.797323135755263
ORD04065,2025-07-29,CUST0079,P025,2,0.0,Net Banking,Delivered,CMP004,7392,5142.33,14784,0.0,14784.0,10284.66,4499.34,30.4338474025974
ORD04066,2025-10-21,CUST0608,P024,2,0.0,Net Banking,Returned,CMP002,972,537.49,1944,0.0,1944.0,1074.98,869.02,44.702674897119344
ORD04067,2025-08-19,CUST0349,P010,4,5.0,Net Banking,Shipped,CMP005,3310,2109.97,13240,662.0,12578.0,8439.88,4138.120000000001,32.89966608363811
ORD04068,2025-08-29,CUST0842,P025,1,5.0,Net Banking,Delivered,CMP003,7392,5142.33,7392,369.6,7022.4,5142.33,1880.0699999999997,26.772470950102527
ORD04069,2025-03-11,CUST0981,P008,1,10.0,Credit Card,Delivered,CMP006,3129,1758.81,3129,312.9,2816.1,1758.81,1057.29,37.544476403536805
ORD04070,2025-04-14,CUST0894,P022,1,0.0,Debit Card,Delivered,CMP001,5915,3970.45,5915,0.0,5915.0,3970.45,1944.5500000000002,32.8748943364328
ORD04071,2025-07-23,CUST0246,P020,3,10.0,Net Banking,Delivered,CMP001,7452,4168.44,22356,2235.6,20120.4,12505.32,7615.080000000002,37.847557702630176
ORD04072,2025-02-22,CUST0272,P025,1,0.0,COD,Delivered,CMP006,7392,5142.33,7392,0.0,7392.0,5142.33,2249.67,30.4338474025974
ORD04073,2025-11-26,CUST0403,P016,1,0.0,Credit Card,Delivered,CMP004,7713,5310.71,7713,0.0,7713.0,5310.71,2402.29,31.145987294178656
ORD04074,2025-02-23,CUST0669,P012,1,10.0,UPI,Cancelled,CMP004,5080,2793.69,5080,508.0,4572.0,2793.69,1778.31,38.89566929133858
ORD04075,2025-10-03,CUST0116,P009,1,20.0,Debit Card,Delivered,,1097,712.85,1097,219.4,877.6,712.85,164.75,18.77278942570647
ORD04076,2025-12-01,CUST0435,P010,2,20.0,COD,Delivered,CMP006,3310,2109.97,6620,1324.0,5296.0,4219.94,1076.0600000000004,20.31835347432025
ORD04077,2025-01-31,CUST0530,P016,1,25.0,Net Banking,Delivered,CMP005,7713,5310.71,7713,1928.25,5784.75,5310.71,474.03999999999996,8.194649725571546
ORD04078,2025-05-15,CUST0442,P010,2,10.0,Credit Card,Cancelled,CMP005,3310,2109.97,6620,662.0,5958.0,4219.94,1738.0600000000004,29.171869754951334
ORD04079,2025-02-27,CUST0172,P009,3,10.0,Credit Card,Delivered,CMP006,1097,712.85,3291,329.1,2961.9,2138.55,823.3499999999999,27.798035045072417
ORD04080,2025-04-15,CUST0016,P003,1,10.0,Net Banking,Delivered,CMP004,5857,3883.91,5857,585.7,5271.3,3883.91,1387.3900000000003,26.319693434257207
ORD04081,2025-09-23,CUST0961,P019,1,10.0,,Delivered,CMP003,7745,4299.97,7745,774.5,6970.5,4299.97,2670.5299999999997,38.31188580446165
ORD04082,2025-01-10,CUST0752,P011,1,0.0,Credit Card,Cancelled,CMP003,7881,6026.38,7881,0.0,7881.0,6026.38,1854.62,23.53280040603984
ORD04083,2025-09-10,CUST0898,P006,4,10.0,Debit Card,Delivered,CMP005,4933,3611.45,19732,1973.2,17758.8,14445.8,3313.0,18.655539788724465
ORD04084,2025-10-22,CUST0056,P006,1,5.0,COD,Delivered,CMP005,4933,3611.45,4933,246.65,4686.35,3611.45,1074.9000000000005,22.936827168265292
ORD04085,2025-06-05,CUST0591,P015,4,10.0,Net Banking,Delivered,CMP004,5978,4066.66,23912,2391.2,21520.8,16266.64,5254.16,24.41433403962678
ORD04086,2025-06-07,CUST0103,P015,2,10.0,COD,Delivered,CMP002,5978,4066.66,11956,1195.6,10760.4,8133.32,2627.08,24.41433403962678
ORD04087,2025-02-06,CUST0284,P013,1,0.0,COD,Delivered,CMP005,6435,4995.55,6435,0.0,6435.0,4995.55,1439.4499999999998,22.369075369075368
ORD04088,2025-04-29,CUST0705,P022,1,5.0,UPI,Delivered,CMP004,5915,3970.45,5915,295.75,5619.25,3970.45,1648.8000000000002,29.341994038350315
ORD04089,2025-03-08,CUST0517,P005,1,0.0,Net Banking,Delivered,CMP002,1046,807.54,1046,0.0,1046.0,807.54,238.46000000000004,22.797323135755263
ORD04090,2025-08-30,CUST0618,P014,2,25.0,Debit Card,Delivered,CMP003,6801,4221.32,13602,3400.5,10201.5,8442.64,1758.8600000000006,17.241190021075337
ORD04091,2025-10-26,CUST0278,P021,1,0.0,Net Banking,Delivered,CMP006,5045,2967.68,5045,0.0,5045.0,2967.68,2077.32,41.17581764122894
ORD04092,2025-08-01,CUST0885,P002,2,5.0,UPI,Cancelled,CMP002,6053,3796.4,12106,605.3,11500.7,7592.8,3907.9000000000005,33.9796708026468
ORD04093,2025-11-04,CUST0612,P023,2,20.0,Net Banking,Delivered,CMP001,5137,3830.78,10274,2054.8,8219.2,7661.56,557.6400000000003,6.784601907728249
ORD04094,2025-04-11,CUST0750,P012,3,10.0,Net Banking,Cancelled,CMP001,5080,2793.69,15240,1524.0,13716.0,8381.07,5334.93,38.895669291338585
ORD04095,2025-02-25,CUST0269,P020,1,0.0,Debit Card,Delivered,CMP002,7452,4168.44,7452,0.0,7452.0,4168.44,3283.5600000000004,44.06280193236716
ORD04096,2025-11-28,CUST0833,P014,1,5.0,UPI,Delivered,CMP002,6801,4221.32,6801,340.05,6460.95,4221.32,2239.63,34.66409738505948
ORD04097,2025-11-20,CUST0400,P019,1,0.0,Net Banking,Delivered,CMP006,7745,4299.97,7745,0.0,7745.0,4299.97,3445.0299999999997,44.48069722401549
ORD04098,2025-08-27,CUST0503,P024,1,0.0,Net Banking,Delivered,CMP001,972,537.49,972,0.0,972.0,537.49,434.51,44.702674897119344
ORD04099,2025-08-19,CUST0086,P020,1,0.0,Credit Card,Delivered,CMP006,7452,4168.44,7452,0.0,7452.0,4168.44,3283.5600000000004,44.06280193236716
ORD04100,2025-12-28,CUST0320,P015,2,10.0,Net Banking,Delivered,CMP001,5978,4066.66,11956,1195.6,10760.4,8133.32,2627.08,24.41433403962678
ORD04101,2025-04-02,CUST0032,P020,3,15.0,Debit Card,Delivered,CMP006,7452,4168.44,22356,3353.4,19002.6,12505.32,6497.279999999999,34.19153168513782
ORD04102,2025-10-06,CUST0336,P024,1,10.0,Credit Card,Delivered,CMP002,972,537.49,972,97.2,874.8,537.49,337.30999999999995,38.55852766346593
ORD04103,2025-04-19,CUST0051,P017,2,10.0,UPI,Returned,CMP004,4817,3075.17,9634,963.4,8670.6,6150.34,2520.26,29.066731252739142
ORD04104,2025-11-13,CUST0079,P025,2,0.0,COD,Delivered,CMP001,7392,5142.33,14784,0.0,14784.0,10284.66,4499.34,30.4338474025974
ORD04105,2025-06-17,CUST0698,P014,3,5.0,Debit Card,Delivered,CMP003,6801,4221.32,20403,1020.15,19382.85,12663.96,6718.889999999999,34.66409738505947
ORD04106,2025-10-27,CUST0174,P023,2,20.0,UPI,Delivered,CMP001,5137,3830.78,10274,2054.8,8219.2,7661.56,557.6400000000003,6.784601907728249
ORD04107,2025-08-06,CUST0948,P018,2,0.0,Credit Card,Delivered,CMP004,6660,5091.78,13320,0.0,13320.0,10183.56,3136.4400000000005,23.54684684684685
ORD04108,2025-08-10,CUST0618,P022,1,20.0,COD,Cancelled,CMP002,5915,3970.45,5915,1183.0,4732.0,3970.45,761.5500000000002,16.093617920541
ORD04109,2025-06-10,CUST0501,P024,4,10.0,UPI,Delivered,CMP006,972,537.49,3888,388.8,3499.2,2149.96,1349.2399999999998,38.55852766346593
ORD04110,2025-01-16,CUST0575,P005,2,20.0,Debit Card,Delivered,CMP002,1046,807.54,2092,418.4,1673.6,1615.08,58.51999999999998,3.496653919694072
ORD04111,2025-10-05,CUST0076,P022,1,5.0,Credit Card,Cancelled,CMP002,5915,3970.45,5915,295.75,5619.25,3970.45,1648.8000000000002,29.341994038350315
ORD04112,2025-02-26,CUST0316,P012,3,,Debit Card,Delivered,CMP001,5080,2793.69,15240,762.0,14478.0,8381.07,6096.93,42.11168669705761
ORD04113,2025-03-03,CUST0833,P010,1,15.0,Debit Card,Delivered,CMP004,3310,2109.97,3310,496.5,2813.5,2109.97,703.5300000000002,25.005509152301407
ORD04114,2025-12-29,CUST0373,P008,3,15.0,Credit Card,Cancelled,CMP001,3129,1758.81,9387,1408.05,7978.95,5276.43,2702.5199999999995,33.870622074333085
ORD04115,2025-11-23,CUST0081,P006,3,0.0,Net Banking,Delivered,CMP002,4933,3611.45,14799,0.0,14799.0,10834.349999999999,3964.6500000000015,26.78998580985203
ORD04116,2025-08-30,CUST0873,P025,3,25.0,Debit Card,Delivered,CMP004,7392,5142.33,22176,5544.0,16632.0,15426.99,1205.0100000000002,7.245129870129871
ORD04117,2025-03-31,CUST0640,P015,3,0.0,Credit Card,Delivered,CMP001,5978,4066.66,17934,0.0,17934.0,12199.98,5734.02,31.972900635664104
ORD04118,2025-03-13,CUST0695,P012,2,0.0,Debit Card,Cancelled,CMP005,5080,2793.69,10160,0.0,10160.0,5587.38,4572.62,45.00610236220473
ORD04119,2025-11-22,CUST0755,P025,3,10.0,Net Banking,Delivered,CMP001,7392,5142.33,22176,2217.6,19958.4,15426.99,4531.410000000002,22.704274891774897
ORD04120,2025-01-30,CUST0697,P025,1,15.0,Credit Card,Delivered,CMP004,7392,5142.33,7392,1108.8,6283.2,5142.33,1140.87,18.157467532467532
ORD04121,2025-12-25,CUST0732,P006,3,25.0,UPI,Delivered,CMP006,4933,3611.45,14799,3699.75,11099.25,10834.349999999999,264.90000000000146,2.386647746469369
ORD04122,2025-10-15,CUST0071,P012,1,5.0,UPI,Delivered,CMP001,5080,2793.69,5080,254.0,4826.0,2793.69,2032.31,42.11168669705761
ORD04123,2025-03-27,CUST0969,P015,2,0.0,UPI,Delivered,CMP002,5978,4066.66,11956,0.0,11956.0,8133.32,3822.6800000000003,31.972900635664104
ORD04124,2025-08-22,CUST0854,P012,1,10.0,COD,Delivered,CMP006,5080,2793.69,5080,508.0,4572.0,2793.69,1778.31,38.89566929133858
ORD04125,2025-08-23,CUST0666,P009,2,5.0,Debit Card,Delivered,CMP004,1097,712.85,2194,109.7,2084.3,1425.7,658.6000000000001,31.59813846375282
ORD04126,2025-11-09,CUST0757,P019,1,10.0,Debit Card,Delivered,CMP003,7745,4299.97,7745,774.5,6970.5,4299.97,2670.5299999999997,38.31188580446165
ORD04127,2025-12-31,CUST0652,P021,1,10.0,Credit Card,Delivered,CMP004,5045,2967.68,5045,504.5,4540.5,2967.68,1572.8200000000002,34.639797379143275
ORD04128,2025-09-22,CUST0071,P002,2,0.0,COD,Delivered,CMP002,6053,3796.4,12106,0.0,12106.0,7592.8,4513.2,37.280687262514455
ORD04129,2025-10-14,CUST0046,P013,2,10.0,Debit Card,Cancelled,CMP006,6435,4995.55,12870,1287.0,11583.0,9991.1,1591.8999999999996,13.743417076750408
ORD04130,2025-11-23,CUST0047,P013,2,5.0,Credit Card,Delivered,CMP005,6435,4995.55,12870,643.5,12226.5,9991.1,2235.3999999999996,18.283237230605646
ORD04131,2025-09-26,CUST0591,P008,1,15.0,Net Banking,Delivered,CMP004,3129,1758.81,3129,469.35,2659.65,1758.81,900.8400000000001,33.8706220743331
ORD04132,2025-07-05,CUST0422,P013,1,10.0,Debit Card,Delivered,CMP006,6435,4995.55,6435,643.5,5791.5,4995.55,795.9499999999998,13.743417076750408
ORD04133,2025-05-11,CUST0149,P004,1,0.0,Debit Card,Delivered,CMP004,2776,1530.45,2776,0.0,2776.0,1530.45,1245.55,44.86851585014409
ORD04134,2025-10-18,CUST0910,P006,4,0.0,Net Banking,Delivered,CMP003,4933,3611.45,19732,0.0,19732.0,14445.8,5286.200000000001,26.78998580985202
ORD04135,2025-10-04,CUST0130,P006,2,5.0,Net Banking,Delivered,CMP006,4933,3611.45,9866,493.3,9372.7,7222.9,2149.800000000001,22.936827168265292
ORD04136,2025-11-16,CUST0456,P021,1,0.0,Debit Card,Delivered,CMP002,5045,2967.68,5045,0.0,5045.0,2967.68,2077.32,41.17581764122894
ORD04137,2025-12-17,CUST0639,P012,1,10.0,Net Banking,Delivered,CMP001,5080,2793.69,5080,508.0,4572.0,2793.69,1778.31,38.89566929133858
ORD04138,2025-06-29,CUST0877,P012,2,25.0,Credit Card,Cancelled,CMP001,5080,2793.69,10160,2540.0,7620.0,5587.38,2032.62,26.674803149606298
ORD04139,2025-10-17,CUST0631,P017,2,10.0,Debit Card,Delivered,CMP006,4817,3075.17,9634,963.4,8670.6,6150.34,2520.26,29.066731252739142
ORD04140,2025-06-12,CUST0966,P007,3,10.0,Debit Card,Delivered,CMP004,5886,3178.13,17658,1765.8,15892.2,9534.39,6357.810000000001,40.005851927360595
ORD04141,2025-09-28,CUST0997,P015,1,5.0,UPI,Delivered,CMP002,5978,4066.66,5978,298.9,5679.1,4066.66,1612.4400000000005,28.392526984909587
ORD04142,2025-04-06,CUST0869,P024,2,5.0,Debit Card,Delivered,CMP002,972,537.49,1944,97.2,1846.8,1074.98,771.8199999999999,41.79228936538878
ORD04143,2025-09-19,CUST0505,P017,2,20.0,UPI,Returned,CMP001,4817,3075.17,9634,1926.8,7707.2,6150.34,1556.8599999999997,20.200072659331532
ORD04144,2025-12-31,CUST0929,P010,1,25.0,Net Banking,Shipped,CMP001,3310,2109.97,3310,827.5,2482.5,2109.97,372.5300000000002,15.0062437059416
ORD04145,2025-12-19,CUST0774,P023,1,10.0,Net Banking,Delivered,CMP006,5137,3830.78,5137,513.7,4623.3,3830.78,792.52,17.141868362425107
ORD04146,2025-10-15,CUST0244,P020,4,5.0,Credit Card,Delivered,CMP005,7452,4168.44,29808,1490.4,28317.6,16673.76,11643.84,41.11873887617595
ORD04147,2025-03-24,CUST0474,P006,3,15.0,UPI,Delivered,CMP006,4933,3611.45,14799,2219.85,12579.15,10834.349999999999,1744.800000000001,13.870571541002382
ORD04148,2025-08-13,CUST0382,P009,1,0.0,Debit Card,Shipped,CMP003,1097,712.85,1097,0.0,1097.0,712.85,384.15,35.018231540565175
ORD04149,2025-08-11,CUST0103,P015,2,15.0,UPI,Delivered,CMP004,5978,4066.66,11956,1793.4,10162.6,8133.32,2029.2800000000007,19.968118394898948
ORD04150,2025-04-28,CUST0489,P016,2,15.0,Net Banking,Delivered,CMP003,7713,5310.71,15426,2313.9,13112.1,10621.42,2490.6800000000003,18.995279169621952
ORD04151,2025-07-11,CUST0037,P021,4,0.0,Net Banking,Delivered,CMP006,5045,2967.68,20180,0.0,20180.0,11870.72,8309.28,41.17581764122894
ORD04152,2025-03-20,CUST0654,P008,1,25.0,Credit Card,Delivered,CMP006,3129,1758.81,3129,782.25,2346.75,1758.81,587.94,25.05337168424417
ORD04153,2025-03-19,CUST0549,P016,3,25.0,Net Banking,Delivered,CMP006,7713,5310.71,23139,5784.75,17354.25,15932.130000000001,1422.119999999999,8.19464972557154
ORD04154,2025-05-27,CUST0520,P005,3,20.0,UPI,Delivered,CMP004,1046,807.54,3138,627.6,2510.4,2422.62,87.7800000000002,3.4966539196940802
ORD04155,2025-04-17,CUST0743,P018,4,10.0,Debit Card,Delivered,CMP001,6660,5091.78,26640,2664.0,23976.0,20367.12,3608.880000000001,15.052052052052057
ORD04156,2025-09-28,CUST0333,P020,2,0.0,Debit Card,Delivered,CMP004,7452,4168.44,14904,0.0,14904.0,8336.88,6567.120000000001,44.06280193236716
ORD04157,2025-09-01,CUST0397,P014,2,10.0,UPI,Delivered,CMP001,6801,4221.32,13602,1360.2,12241.8,8442.64,3799.16,31.034325017562775
ORD04158,2025-03-14,CUST0296,P002,2,5.0,Credit Card,Delivered,CMP001,6053,3796.4,12106,605.3,11500.7,7592.8,3907.9000000000005,33.9796708026468
ORD04159,2025-12-23,CUST0107,P023,2,0.0,Debit Card,Cancelled,CMP002,5137,3830.78,10274,0.0,10274.0,7661.56,2612.4399999999996,25.427681526182592
ORD04160,2025-12-20,CUST0860,P023,1,5.0,UPI,Delivered,CMP002,5137,3830.78,5137,256.85,4880.15,3830.78,1049.3699999999994,21.502822659139564
ORD04161,2025-01-26,CUST0954,P003,1,10.0,UPI,Delivered,CMP004,5857,3883.91,5857,585.7,5271.3,3883.91,1387.3900000000003,26.319693434257207
ORD04162,2025-07-29,CUST0530,P014,4,0.0,Net Banking,Delivered,CMP002,6801,4221.32,27204,0.0,27204.0,16885.28,10318.720000000001,37.930892515806505
ORD04163,2025-04-02,CUST0825,P007,3,5.0,Net Banking,Delivered,CMP003,5886,3178.13,17658,882.9,16775.1,9534.39,7240.709999999999,43.16343866802582
ORD04164,2025-05-05,CUST0083,P015,2,0.0,Credit Card,Delivered,CMP001,5978,4066.66,11956,0.0,11956.0,8133.32,3822.6800000000003,31.972900635664104
ORD04165,2025-03-14,CUST0934,P017,1,15.0,Credit Card,Delivered,CMP004,4817,3075.17,4817,722.55,4094.45,3075.17,1019.2799999999997,24.894186032312028
ORD04166,2025-05-03,CUST0288,P001,1,10.0,Credit Card,Delivered,CMP004,6748,4695.17,6748,674.8,6073.2,4695.17,1378.0299999999997,22.69034446420338
ORD04167,2025-11-05,CUST0982,P009,2,0.0,UPI,Delivered,CMP001,1097,712.85,2194,0.0,2194.0,1425.7,768.3,35.018231540565175
ORD04168,2025-07-03,CUST0706,P022,1,25.0,UPI,Delivered,CMP005,5915,3970.45,5915,1478.75,4436.25,3970.45,465.8000000000002,10.499859115243733
ORD04169,2025-07-06,CUST0461,P014,1,0.0,Net Banking,Delivered,CMP004,6801,4221.32,6801,0.0,6801.0,4221.32,2579.6800000000003,37.930892515806505
ORD04170,2025-07-17,CUST0215,P016,1,10.0,Debit Card,Delivered,CMP003,7713,5310.71,7713,771.3,6941.7,5310.71,1630.9899999999998,23.495541437976286
ORD04171,2025-03-19,CUST0281,P021,2,15.0,Credit Card,Delivered,CMP003,5045,2967.68,10090,1513.5,8576.5,5935.36,2641.1400000000003,30.7950795779164
ORD04172,2025-12-14,CUST0732,P013,1,15.0,COD,Delivered,CMP003,6435,4995.55,6435,965.25,5469.75,4995.55,474.1999999999998,8.669500434206313
ORD04173,2025-07-05,CUST0954,P006,2,0.0,Credit Card,Delivered,CMP001,4933,3611.45,9866,0.0,9866.0,7222.9,2643.1000000000004,26.78998580985202
ORD04174,2025-12-10,CUST0459,P022,1,20.0,Net Banking,Cancelled,CMP005,5915,3970.45,5915,1183.0,4732.0,3970.45,761.5500000000002,16.093617920541
ORD04175,2025-09-10,CUST0801,P001,2,20.0,UPI,Delivered,CMP003,6748,4695.17,13496,2699.2,10796.8,9390.34,1406.4599999999991,13.026637522228802
ORD04176,2025-01-13,CUST0344,P021,2,10.0,Net Banking,Delivered,CMP001,5045,2967.68,10090,1009.0,9081.0,5935.36,3145.6400000000003,34.639797379143275
ORD04177,2025-10-26,CUST0194,P025,1,10.0,Net Banking,Shipped,CMP004,7392,5142.33,7392,739.2,6652.8,5142.33,1510.4700000000003,22.704274891774894
ORD04178,2025-03-17,CUST0158,P004,1,0.0,Net Banking,Delivered,CMP004,2776,1530.45,2776,0.0,2776.0,1530.45,1245.55,44.86851585014409
ORD04179,2025-02-20,CUST0465,P003,4,10.0,COD,Cancelled,CMP002,5857,3883.91,23428,2342.8,21085.2,15535.64,5549.560000000001,26.319693434257207
ORD04180,2025-10-02,CUST0104,P017,1,5.0,COD,Delivered,CMP005,4817,3075.17,4817,240.85,4576.15,3075.17,1500.9799999999996,32.80006118680549
ORD04181,2025-05-29,CUST0034,P002,2,15.0,Credit Card,Delivered,CMP003,6053,3796.4,12106,1815.9,10290.1,7592.8,2697.3,26.21257325001701
ORD04182,2025-08-07,CUST0102,P019,1,5.0,UPI,Delivered,CMP002,7745,4299.97,7745,387.25,7357.75,4299.97,3057.7799999999997,41.55862865685841
ORD04183,2025-05-02,CUST0639,P020,1,15.0,Net Banking,Cancelled,CMP004,7452,4168.44,7452,1117.8,6334.2,4168.44,2165.76,34.191531685137825
ORD04184,2025-07-30,CUST0726,P023,2,0.0,Debit Card,Delivered,CMP004,5137,3830.78,10274,0.0,10274.0,7661.56,2612.4399999999996,25.427681526182592
ORD04185,2025-10-07,CUST0325,P022,4,0.0,Credit Card,Delivered,CMP001,5915,3970.45,23660,0.0,23660.0,15881.8,7778.200000000001,32.8748943364328
ORD04186,2025-01-26,CUST0944,P008,2,0.0,Credit Card,Delivered,CMP006,3129,1758.81,6258,0.0,6258.0,3517.62,2740.38,43.79002876318312
ORD04187,2025-06-22,CUST0808,P025,2,0.0,Net Banking,Delivered,CMP006,7392,5142.33,14784,0.0,14784.0,10284.66,4499.34,30.4338474025974
ORD04188,2025-06-05,CUST0691,P015,2,10.0,Credit Card,Returned,CMP005,5978,4066.66,11956,1195.6,10760.4,8133.32,2627.08,24.41433403962678
ORD04189,2025-08-26,CUST0592,P006,2,15.0,Net Banking,Delivered,CMP003,4933,3611.45,9866,1479.9,8386.1,7222.9,1163.2000000000007,13.87057154100238
ORD04190,2025-03-23,CUST0141,P023,1,10.0,Credit Card,Delivered,CMP005,5137,3830.78,5137,513.7,4623.3,3830.78,792.52,17.141868362425107
ORD04191,2025-12-22,CUST0474,P020,4,10.0,UPI,Delivered,CMP005,7452,4168.44,29808,2980.8,26827.2,16673.76,10153.440000000002,37.847557702630176
ORD04192,2025-09-30,CUST0031,P002,3,15.0,Credit Card,Delivered,CMP006,6053,3796.4,18159,2723.85,15435.15,11389.2,4045.949999999999,26.212573250017
ORD04193,2025-03-09,CUST0884,P025,2,5.0,Credit Card,Delivered,CMP006,7392,5142.33,14784,739.2,14044.8,10284.66,3760.1399999999994,26.772470950102527
ORD04194,2025-02-13,CUST0935,P025,1,5.0,Debit Card,Delivered,CMP003,7392,5142.33,7392,369.6,7022.4,5142.33,1880.0699999999997,26.772470950102527
ORD04195,2025-03-02,CUST0063,P015,3,5.0,UPI,Delivered,CMP002,5978,4066.66,17934,896.7,17037.3,12199.98,4837.32,28.392526984909583
ORD04196,2025-05-03,CUST0560,P020,2,15.0,UPI,Shipped,CMP002,7452,4168.44,14904,2235.6,12668.4,8336.88,4331.52,34.191531685137825
ORD04197,2025-12-15,CUST0087,P012,4,0.0,UPI,Delivered,CMP003,5080,2793.69,20320,0.0,20320.0,11174.76,9145.24,45.00610236220473
ORD04198,2025-07-15,CUST0304,P003,4,0.0,Credit Card,Cancelled,CMP005,5857,3883.91,23428,0.0,23428.0,15535.64,7892.360000000001,33.68772409083148
ORD04199,2025-11-26,CUST0061,P010,2,10.0,COD,Delivered,CMP005,3310,2109.97,6620,662.0,5958.0,4219.94,1738.0600000000004,29.171869754951334
ORD04200,2025-11-19,CUST0396,P014,2,20.0,Credit Card,Delivered,CMP005,6801,4221.32,13602,2720.4,10881.6,8442.64,2438.960000000001,22.41361564475813
ORD04201,2025-04-21,CUST0334,P022,1,,Net Banking,Returned,CMP002,5915,3970.45,5915,591.5,5323.5,3970.45,1353.0500000000002,25.416549262703114
ORD04202,2025-09-15,CUST0952,P014,3,15.0,Debit Card,Delivered,CMP002,6801,4221.32,20403,3060.45,17342.55,12663.96,4678.59,26.977520606831177
ORD04203,2025-03-30,CUST0786,P003,2,10.0,UPI,Cancelled,CMP001,5857,3883.91,11714,1171.4,10542.6,7767.82,2774.7800000000007,26.319693434257207
ORD04204,2025-07-17,CUST0411,P001,2,10.0,Net Banking,Delivered,CMP004,6748,4695.17,13496,1349.6,12146.4,9390.34,2756.0599999999995,22.69034446420338
ORD04205,2025-10-09,CUST0284,P020,1,15.0,Net Banking,Cancelled,CMP005,7452,4168.44,7452,1117.8,6334.2,4168.44,2165.76,34.191531685137825
ORD04206,2025-07-19,CUST0466,P001,2,15.0,COD,Delivered,CMP006,6748,4695.17,13496,2024.4,11471.6,9390.34,2081.26,18.142717667980058
ORD04207,2025-04-09,CUST0080,P002,3,0.0,UPI,Cancelled,CMP003,6053,3796.4,18159,0.0,18159.0,11389.2,6769.799999999999,37.28068726251445
ORD04208,2025-01-27,CUST0692,P019,2,5.0,Credit Card,Returned,CMP006,7745,4299.97,15490,774.5,14715.5,8599.94,6115.5599999999995,41.55862865685841
ORD04209,2025-03-30,CUST0784,P024,4,0.0,UPI,Delivered,CMP002,972,537.49,3888,0.0,3888.0,2149.96,1738.04,44.702674897119344
ORD04210,2025-05-26,CUST0077,P010,2,10.0,Debit Card,Delivered,CMP003,3310,2109.97,6620,662.0,5958.0,4219.94,1738.0600000000004,29.171869754951334
ORD04211,2025-07-01,CUST0954,P004,2,20.0,UPI,Cancelled,CMP002,2776,1530.45,5552,1110.4,4441.6,3060.9,1380.7000000000003,31.08564481268012
ORD04212,2025-09-14,CUST0733,P004,2,5.0,Net Banking,Delivered,CMP002,2776,1530.45,5552,277.6,5274.4,3060.9,2213.4999999999995,41.966858789625356
ORD04213,2025-07-08,CUST0905,P013,1,5.0,Net Banking,Delivered,CMP006,6435,4995.55,6435,321.75,6113.25,4995.55,1117.6999999999998,18.283237230605646
ORD04214,2025-08-28,CUST0794,P009,1,20.0,Credit Card,Delivered,CMP005,1097,712.85,1097,219.4,877.6,712.85,164.75,18.77278942570647
ORD04215,2025-12-25,CUST0540,P007,1,10.0,Credit Card,Delivered,CMP001,5886,3178.13,5886,588.6,5297.4,3178.13,2119.2699999999995,40.00585192736059
ORD04216,2025-07-15,CUST0361,P016,4,10.0,Credit Card,Delivered,CMP002,7713,5310.71,30852,3085.2,27766.8,21242.84,6523.959999999999,23.495541437976286
ORD04217,2025-10-24,CUST0077,P018,1,20.0,Debit Card,Delivered,CMP002,6660,5091.78,6660,1332.0,5328.0,5091.78,236.22000000000025,4.4335585585585635
ORD04218,2025-06-14,CUST0509,P003,1,10.0,UPI,Delivered,CMP001,5857,3883.91,5857,585.7,5271.3,3883.91,1387.3900000000003,26.319693434257207
ORD04219,2025-11-03,CUST0164,P020,2,15.0,COD,Delivered,CMP004,7452,4168.44,14904,2235.6,12668.4,8336.88,4331.52,34.191531685137825
ORD04220,2025-09-28,CUST0009,P020,1,0.0,UPI,Delivered,CMP004,7452,4168.44,7452,0.0,7452.0,4168.44,3283.5600000000004,44.06280193236716
ORD04221,2025-01-08,CUST0175,P010,2,0.0,Credit Card,Delivered,CMP003,3310,2109.97,6620,0.0,6620.0,4219.94,2400.0600000000004,36.254682779456196
ORD04222,2025-02-07,CUST0462,P024,2,5.0,Debit Card,Delivered,CMP002,972,537.49,1944,97.2,1846.8,1074.98,771.8199999999999,41.79228936538878
ORD04223,2025-04-24,CUST0307,P022,1,10.0,UPI,Delivered,CMP002,5915,3970.45,5915,591.5,5323.5,3970.45,1353.0500000000002,25.416549262703114
ORD04224,2025-12-05,CUST0588,P016,1,25.0,Net Banking,Delivered,CMP002,7713,5310.71,7713,1928.25,5784.75,5310.71,474.03999999999996,8.194649725571546
ORD04225,2025-02-25,CUST0245,P003,1,25.0,UPI,Shipped,CMP005,5857,3883.91,5857,1464.25,4392.75,3883.91,508.84000000000015,11.583632121108648
ORD04226,2025-12-25,CUST0122,P011,1,20.0,Net Banking,Delivered,CMP006,7881,6026.38,7881,1576.2,6304.8,6026.38,278.4200000000001,4.416000507549804
ORD04227,2025-05-18,CUST0185,P025,1,5.0,UPI,Delivered,CMP002,7392,5142.33,7392,369.6,7022.4,5142.33,1880.0699999999997,26.772470950102527
ORD04228,2025-04-12,CUST0032,P010,2,25.0,UPI,Delivered,CMP002,3310,2109.97,6620,1655.0,4965.0,4219.94,745.0600000000004,15.0062437059416
ORD04229,2025-11-30,CUST0998,P016,1,15.0,UPI,Delivered,CMP002,7713,5310.71,7713,1156.95,6556.05,5310.71,1245.3400000000001,18.995279169621952
ORD04230,2025-06-26,CUST0963,P008,1,5.0,Credit Card,Delivered,CMP001,3129,1758.81,3129,156.45,2972.55,1758.81,1213.7400000000002,40.831609224403294
ORD04231,2025-06-18,CUST0762,P009,1,15.0,Net Banking,Returned,CMP002,1097,712.85,1097,164.55,932.45,712.85,219.60000000000002,23.550860635959033
ORD04232,2025-12-05,CUST0569,P015,2,0.0,Debit Card,Delivered,CMP006,5978,4066.66,11956,0.0,11956.0,8133.32,3822.6800000000003,31.972900635664104
ORD04233,2025-10-13,CUST0310,P021,2,0.0,COD,Delivered,CMP005,5045,2967.68,10090,0.0,10090.0,5935.36,4154.64,41.17581764122894
ORD04234,2025-09-18,CUST0372,P003,1,15.0,Net Banking,Shipped,CMP001,5857,3883.91,5857,878.55,4978.45,3883.91,1094.54,21.985557753919394
ORD04235,2025-08-11,CUST0656,P004,1,10.0,Credit Card,Delivered,CMP002,2776,1530.45,2776,277.6,2498.4,1530.45,967.95,38.74279538904899
ORD04236,2025-07-18,CUST0830,P013,1,5.0,Net Banking,Shipped,CMP002,6435,4995.55,6435,321.75,6113.25,4995.55,1117.6999999999998,18.283237230605646
ORD04237,2025-07-30,CUST0596,P012,1,10.0,Debit Card,Returned,CMP001,5080,2793.69,5080,508.0,4572.0,2793.69,1778.31,38.89566929133858
ORD04238,2025-10-14,CUST0992,P021,2,20.0,Net Banking,Shipped,CMP004,5045,2967.68,10090,2018.0,8072.0,5935.36,2136.6400000000003,26.46977205153618
ORD04239,2025-06-29,CUST0056,P009,1,10.0,Credit Card,Cancelled,CMP003,1097,712.85,1097,109.7,987.3,712.85,274.44999999999993,27.798035045072417
ORD04240,2025-09-07,CUST0791,P025,2,5.0,Credit Card,Delivered,CMP003,7392,5142.33,14784,739.2,14044.8,10284.66,3760.1399999999994,26.772470950102527
ORD04241,2025-08-19,CUST0273,P014,2,0.0,COD,Delivered,CMP006,6801,4221.32,13602,0.0,13602.0,8442.64,5159.360000000001,37.930892515806505
ORD04242,2025-01-23,CUST0464,P019,1,5.0,Debit Card,Delivered,CMP004,7745,4299.97,7745,387.25,7357.75,4299.97,3057.7799999999997,41.55862865685841
ORD04243,2025-02-17,CUST0678,P007,1,25.0,COD,Shipped,CMP002,5886,3178.13,5886,1471.5,4414.5,3178.13,1236.37,28.007022312832706
ORD04244,2025-04-19,CUST0456,P016,3,10.0,UPI,Delivered,CMP002,7713,5310.71,23139,2313.9,20825.1,15932.130000000001,4892.9699999999975,23.49554143797628
ORD04245,2025-10-23,CUST0979,P022,1,10.0,Credit Card,Delivered,CMP001,5915,3970.45,5915,591.5,5323.5,3970.45,1353.0500000000002,25.416549262703114
ORD04246,2025-01-06,CUST0670,P020,3,10.0,COD,Cancelled,CMP004,7452,4168.44,22356,2235.6,20120.4,12505.32,7615.080000000002,37.847557702630176
ORD04247,2025-02-07,CUST0249,P005,3,20.0,Credit Card,Delivered,CMP004,1046,807.54,3138,627.6,2510.4,2422.62,87.7800000000002,3.4966539196940802
ORD04248,2025-06-18,CUST0698,P010,1,10.0,Credit Card,Delivered,CMP006,3310,2109.97,3310,331.0,2979.0,2109.97,869.0300000000002,29.171869754951334
ORD04249,2025-12-22,CUST0994,P018,3,15.0,UPI,Returned,CMP006,6660,5091.78,19980,2997.0,16983.0,15275.34,1707.6599999999999,10.055113937466878
ORD04250,2025-10-10,CUST0078,P011,3,5.0,Credit Card,Delivered,CMP005,7881,6026.38,23643,1182.15,22460.85,18079.14,4381.709999999999,19.50821095372615
ORD04251,2025-07-22,CUST0534,P007,3,0.0,COD,Delivered,CMP003,5886,3178.13,17658,0.0,17658.0,9534.39,8123.610000000001,46.005266734624534
ORD04252,2025-11-21,CUST0108,P014,2,20.0,Debit Card,Delivered,CMP004,6801,4221.32,13602,2720.4,10881.6,8442.64,2438.960000000001,22.41361564475813
ORD04253,2025-11-09,CUST0273,P020,2,,Net Banking,Delivered,CMP005,7452,4168.44,14904,2980.8,11923.2,8336.88,3586.3200000000015,30.078502415458946
ORD04254,2025-09-30,CUST0764,P018,3,20.0,COD,Delivered,CMP001,6660,5091.78,19980,3996.0,15984.0,15275.34,708.6599999999999,4.433558558558557
ORD04255,2025-09-01,CUST0015,P011,2,20.0,UPI,Delivered,CMP002,7881,6026.38,15762,3152.4,12609.6,12052.76,556.8400000000001,4.416000507549804
ORD04256,2025-11-23,CUST0370,P022,4,15.0,Net Banking,Delivered,CMP001,5915,3970.45,23660,3549.0,20111.0,15881.8,4229.200000000001,21.029287454626825
ORD04257,2025-02-16,CUST0304,P012,2,15.0,Credit Card,Delivered,CMP003,5080,2793.69,10160,1524.0,8636.0,5587.38,3048.62,35.301296896711435
ORD04258,2025-09-06,CUST0672,P018,4,20.0,COD,Delivered,CMP005,6660,5091.78,26640,5328.0,21312.0,20367.12,944.880000000001,4.4335585585585635
ORD04259,2025-03-20,CUST0205,P002,2,10.0,Net Banking,Delivered,CMP002,6053,3796.4,12106,1210.6,10895.4,7592.8,3302.5999999999995,30.31187473612717
ORD04260,2025-04-20,CUST0981,P023,2,0.0,COD,Delivered,CMP005,5137,3830.78,10274,0.0,10274.0,7661.56,2612.4399999999996,25.427681526182592
ORD04261,2025-01-13,CUST0113,P001,1,5.0,Credit Card,Delivered,CMP003,6748,4695.17,6748,337.4,6410.6,4695.17,1715.4300000000003,26.759273702929526
ORD04262,2025-12-31,CUST0680,P023,1,25.0,COD,Delivered,CMP006,5137,3830.78,5137,1284.25,3852.75,3830.78,21.9699999999998,0.5702420349101239
ORD04263,2025-03-31,CUST0865,P010,2,5.0,UPI,Delivered,CMP004,3310,2109.97,6620,331.0,6289.0,4219.94,2069.0600000000004,32.89966608363811
ORD04264,2025-12-08,CUST0253,P021,1,20.0,Net Banking,Delivered,CMP006,5045,2967.68,5045,1009.0,4036.0,2967.68,1068.3200000000002,26.46977205153618
ORD04265,2025-12-14,CUST0441,P001,1,0.0,Net Banking,Delivered,CMP002,6748,4695.17,6748,0.0,6748.0,4695.17,2052.83,30.421310017783043
ORD04266,2025-10-07,CUST0186,P006,1,5.0,Net Banking,Delivered,CMP006,4933,3611.45,4933,246.65,4686.35,3611.45,1074.9000000000005,22.936827168265292
ORD04267,2025-08-09,CUST0859,P007,1,5.0,COD,Delivered,CMP002,5886,3178.13,5886,294.3,5591.7,3178.13,2413.5699999999997,43.16343866802582
ORD04268,2025-03-14,CUST0227,P017,3,0.0,Credit Card,Delivered,CMP004,4817,3075.17,14451,0.0,14451.0,9225.51,5225.49,36.16005812746523
ORD04269,2025-08-22,CUST0528,P009,1,0.0,COD,Cancelled,CMP001,1097,712.85,1097,0.0,1097.0,712.85,384.15,35.018231540565175
ORD04270,2025-09-17,CUST0668,P007,2,0.0,COD,Delivered,CMP005,5886,3178.13,11772,0.0,11772.0,6356.26,5415.74,46.005266734624534
ORD04271,2025-04-23,CUST0354,P017,1,20.0,Net Banking,Returned,CMP006,4817,3075.17,4817,963.4,3853.6,3075.17,778.4299999999998,20.200072659331532
ORD04272,2025-02-15,CUST0623,P003,2,0.0,Credit Card,Delivered,CMP005,5857,3883.91,11714,0.0,11714.0,7767.82,3946.1800000000003,33.68772409083148
ORD04273,2025-10-01,CUST0001,P016,2,5.0,Debit Card,Delivered,CMP004,7713,5310.71,15426,771.3,14654.7,10621.42,4033.2800000000007,27.52209188860912
ORD04274,2025-02-12,CUST0553,P005,1,0.0,Credit Card,Delivered,CMP003,1046,807.54,1046,0.0,1046.0,807.54,238.46000000000004,22.797323135755263
ORD04275,2025-07-27,CUST0560,P020,1,15.0,COD,Delivered,CMP002,7452,4168.44,7452,1117.8,6334.2,4168.44,2165.76,34.191531685137825
ORD04276,2025-12-15,CUST0927,P018,2,10.0,UPI,Delivered,CMP003,6660,5091.78,13320,1332.0,11988.0,10183.56,1804.4400000000005,15.052052052052057
ORD04277,2025-04-13,CUST0420,P001,4,10.0,Credit Card,Delivered,CMP002,6748,4695.17,26992,2699.2,24292.8,18780.68,5512.119999999999,22.69034446420338
ORD04278,2025-05-04,CUST0620,P004,1,5.0,Net Banking,Delivered,CMP005,2776,1530.45,2776,138.8,2637.2,1530.45,1106.7499999999998,41.966858789625356
ORD04279,2025-01-10,CUST0161,P023,1,0.0,UPI,Delivered,CMP006,5137,3830.78,5137,0.0,5137.0,3830.78,1306.2199999999998,25.427681526182592
ORD04280,2025-11-25,CUST0161,P011,1,15.0,Debit Card,Delivered,CMP006,7881,6026.38,7881,1182.15,6698.85,6026.38,672.4700000000003,10.038588712988053
ORD04281,2025-07-06,CUST0871,P020,3,15.0,Debit Card,Delivered,CMP003,7452,4168.44,22356,3353.4,19002.6,12505.32,6497.279999999999,34.19153168513782
ORD04282,2025-01-31,CUST0128,P009,2,0.0,UPI,Returned,CMP003,1097,712.85,2194,0.0,2194.0,1425.7,768.3,35.018231540565175
ORD04283,2025-06-05,CUST0722,P008,2,10.0,Debit Card,Returned,CMP004,3129,1758.81,6258,625.8,5632.2,3517.62,2114.58,37.544476403536805
ORD04284,2025-03-01,CUST0151,P008,2,0.0,UPI,Delivered,CMP004,3129,1758.81,6258,0.0,6258.0,3517.62,2740.38,43.79002876318312
ORD04285,2025-09-06,CUST0444,P005,2,0.0,COD,Cancelled,CMP001,1046,807.54,2092,0.0,2092.0,1615.08,476.9200000000001,22.797323135755263
ORD04286,2025-09-27,CUST0767,P012,2,15.0,UPI,Shipped,CMP005,5080,2793.69,10160,1524.0,8636.0,5587.38,3048.62,35.301296896711435
ORD04287,2025-08-05,CUST0471,P001,4,10.0,COD,Delivered,CMP002,6748,4695.17,26992,2699.2,24292.8,18780.68,5512.119999999999,22.69034446420338
ORD04288,2025-01-02,CUST0463,P015,1,0.0,Net Banking,Returned,CMP003,5978,4066.66,5978,0.0,5978.0,4066.66,1911.3400000000001,31.972900635664104
ORD04289,2025-01-24,CUST0730,P025,2,5.0,Net Banking,Delivered,CMP005,7392,5142.33,14784,739.2,14044.8,10284.66,3760.1399999999994,26.772470950102527
ORD04290,2025-07-25,CUST0030,P018,1,25.0,Debit Card,Delivered,CMP006,6660,5091.78,6660,1665.0,4995.0,5091.78,-96.77999999999975,-1.9375375375375326
ORD04291,2025-11-16,CUST0473,P006,1,20.0,UPI,Delivered,CMP005,4933,3611.45,4933,986.6,3946.4,3611.45,334.9500000000003,8.487482262315028
ORD04292,2025-07-18,CUST0557,P010,1,20.0,COD,Cancelled,CMP001,3310,2109.97,3310,662.0,2648.0,2109.97,538.0300000000002,20.31835347432025
ORD04293,2025-12-22,CUST0080,P014,3,10.0,Net Banking,Cancelled,CMP002,6801,4221.32,20403,2040.3,18362.7,12663.96,5698.740000000002,31.034325017562786
ORD04294,2025-04-24,CUST0039,P021,1,10.0,Net Banking,Delivered,CMP002,5045,2967.68,5045,504.5,4540.5,2967.68,1572.8200000000002,34.639797379143275
ORD04295,2025-10-07,CUST0240,P008,2,5.0,Net Banking,Delivered,CMP006,3129,1758.81,6258,312.9,5945.1,3517.62,2427.4800000000005,40.831609224403294
ORD04296,2025-06-04,CUST0557,P003,1,0.0,Debit Card,Cancelled,CMP002,5857,3883.91,5857,0.0,5857.0,3883.91,1973.0900000000001,33.68772409083148
ORD04297,2025-06-14,CUST0590,P022,3,5.0,Net Banking,Returned,CMP006,5915,3970.45,17745,887.25,16857.75,11911.349999999999,4946.4000000000015,29.34199403835032
ORD04298,2025-08-10,CUST0337,P022,2,10.0,Credit Card,Delivered,CMP006,5915,3970.45,11830,1183.0,10647.0,7940.9,2706.1000000000004,25.416549262703114
ORD04299,2025-04-01,CUST0908,P019,2,5.0,Debit Card,Cancelled,CMP005,7745,4299.97,15490,774.5,14715.5,8599.94,6115.5599999999995,41.55862865685841
ORD04300,2025-06-16,CUST0861,P012,4,20.0,UPI,Delivered,CMP001,5080,2793.69,20320,4064.0,16256.0,11174.76,5081.24,31.257627952755907
ORD04301,2025-07-26,CUST0800,P012,1,0.0,Credit Card,Delivered,CMP001,5080,2793.69,5080,0.0,5080.0,2793.69,2286.31,45.00610236220473
ORD04302,2025-10-09,CUST0952,P015,2,5.0,Debit Card,Delivered,CMP005,5978,4066.66,11956,597.8,11358.2,8133.32,3224.880000000001,28.392526984909587
ORD04303,2025-03-06,CUST0280,P007,3,0.0,Debit Card,Delivered,CMP005,5886,3178.13,17658,0.0,17658.0,9534.39,8123.610000000001,46.005266734624534
ORD04304,2025-01-04,CUST0116,P004,2,5.0,COD,Delivered,CMP006,2776,1530.45,5552,277.6,5274.4,3060.9,2213.4999999999995,41.966858789625356
ORD04305,2025-06-06,CUST0269,P021,2,0.0,Credit Card,Delivered,CMP002,5045,2967.68,10090,0.0,10090.0,5935.36,4154.64,41.17581764122894
ORD04306,2025-09-06,CUST0916,P009,3,5.0,Credit Card,Delivered,CMP005,1097,712.85,3291,164.55,3126.45,2138.55,987.8999999999996,31.598138463752807
ORD04307,2025-09-14,CUST0335,P022,3,5.0,Credit Card,Delivered,CMP003,5915,3970.45,17745,887.25,16857.75,11911.349999999999,4946.4000000000015,29.34199403835032
ORD04308,2025-08-23,CUST0312,P016,3,10.0,Net Banking,Cancelled,CMP002,7713,5310.71,23139,2313.9,20825.1,15932.130000000001,4892.9699999999975,23.49554143797628
ORD04309,2025-11-02,CUST0053,P013,1,10.0,Net Banking,Shipped,CMP004,6435,4995.55,6435,643.5,5791.5,4995.55,795.9499999999998,13.743417076750408
ORD04310,2025-03-15,CUST0068,P004,3,5.0,UPI,Cancelled,CMP003,2776,1530.45,8328,416.4,7911.6,4591.35,3320.25,41.96685878962536
ORD04311,2025-07-06,CUST0694,P024,1,10.0,UPI,Delivered,CMP002,972,537.49,972,97.2,874.8,537.49,337.30999999999995,38.55852766346593
ORD04312,2025-03-03,CUST0034,P009,2,10.0,UPI,Delivered,CMP002,1097,712.85,2194,219.4,1974.6,1425.7,548.8999999999999,27.798035045072417
ORD04313,2025-12-03,CUST0796,P021,4,5.0,Net Banking,Delivered,CMP003,5045,2967.68,20180,1009.0,19171.0,11870.72,7300.280000000001,38.07980804339889
ORD04314,2025-06-13,CUST0818,P018,1,20.0,COD,Delivered,CMP003,6660,5091.78,6660,1332.0,5328.0,5091.78,236.22000000000025,4.4335585585585635
ORD04315,2025-02-25,CUST0386,P015,2,10.0,UPI,Returned,CMP002,5978,4066.66,11956,1195.6,10760.4,8133.32,2627.08,24.41433403962678
ORD04316,2025-04-21,CUST0249,P015,1,5.0,Debit Card,Delivered,CMP002,5978,4066.66,5978,298.9,5679.1,4066.66,1612.4400000000005,28.392526984909587
ORD04317,2025-08-06,CUST0111,P006,2,20.0,Net Banking,Returned,CMP006,4933,3611.45,9866,1973.2,7892.8,7222.9,669.9000000000005,8.487482262315028
ORD04318,2025-08-28,CUST0094,P011,2,20.0,COD,Delivered,CMP006,7881,6026.38,15762,3152.4,12609.6,12052.76,556.8400000000001,4.416000507549804
ORD04319,2025-01-21,CUST0410,P008,4,25.0,Debit Card,Delivered,CMP005,3129,1758.81,12516,3129.0,9387.0,7035.24,2351.76,25.05337168424417
ORD04320,2025-05-21,CUST0179,P021,3,15.0,Debit Card,Delivered,CMP002,5045,2967.68,15135,2270.25,12864.75,8903.039999999999,3961.710000000001,30.795079577916407
ORD04321,2025-09-22,CUST0047,P017,4,5.0,Net Banking,Cancelled,CMP002,4817,3075.17,19268,963.4,18304.6,12300.68,6003.919999999998,32.80006118680549
ORD04322,2025-05-19,CUST0794,P024,4,5.0,Credit Card,Delivered,CMP005,972,537.49,3888,194.4,3693.6,2149.96,1543.6399999999999,41.79228936538878
ORD04323,2025-03-11,CUST0852,P025,3,10.0,COD,Delivered,CMP002,7392,5142.33,22176,2217.6,19958.4,15426.99,4531.410000000002,22.704274891774897
ORD04324,2025-04-28,CUST0874,P017,2,25.0,Net Banking,Delivered,CMP003,4817,3075.17,9634,2408.5,7225.5,6150.34,1075.1599999999999,14.880077503286968
ORD04325,2025-07-17,CUST0604,P024,3,10.0,Credit Card,Shipped,CMP002,972,537.49,2916,291.6,2624.4,1612.47,1011.9300000000001,38.55852766346594
ORD04326,2025-07-24,CUST0376,P018,2,20.0,Net Banking,Delivered,CMP002,6660,5091.78,13320,2664.0,10656.0,10183.56,472.4400000000005,4.4335585585585635
ORD04327,2025-08-02,CUST0724,P004,3,5.0,Net Banking,Delivered,CMP006,2776,1530.45,8328,416.4,7911.6,4591.35,3320.25,41.96685878962536
ORD04328,2025-02-25,CUST0587,P015,1,5.0,Debit Card,Delivered,CMP006,5978,4066.66,5978,298.9,5679.1,4066.66,1612.4400000000005,28.392526984909587
ORD04329,2025-10-14,CUST0890,P002,1,20.0,Net Banking,Cancelled,CMP006,6053,3796.4,6053,1210.6,4842.4,3796.4,1045.9999999999995,21.60085907814306
ORD04330,2025-10-20,CUST0202,P002,4,15.0,Credit Card,Delivered,CMP006,6053,3796.4,24212,3631.8,20580.2,15185.6,5394.6,26.21257325001701
ORD04331,2025-06-24,CUST0445,P010,2,25.0,Debit Card,Returned,CMP004,3310,2109.97,6620,1655.0,4965.0,4219.94,745.0600000000004,15.0062437059416
ORD04332,2025-12-13,CUST0919,P003,1,15.0,Credit Card,Delivered,CMP003,5857,3883.91,5857,878.55,4978.45,3883.91,1094.54,21.985557753919394
ORD04333,2025-05-08,CUST0933,P008,3,10.0,Credit Card,Delivered,CMP001,3129,1758.81,9387,938.7,8448.3,5276.43,3171.869999999999,37.5444764035368
ORD04334,2025-11-21,CUST0297,P020,3,10.0,Debit Card,Delivered,CMP004,7452,4168.44,22356,2235.6,20120.4,12505.32,7615.080000000002,37.847557702630176
ORD04335,2025-10-19,CUST0308,P007,2,20.0,Credit Card,Delivered,CMP002,5886,3178.13,11772,2354.4,9417.6,6356.26,3061.34,32.50658341828066
ORD04336,2025-10-15,CUST0723,P012,1,10.0,UPI,Delivered,CMP006,5080,2793.69,5080,508.0,4572.0,2793.69,1778.31,38.89566929133858
ORD04337,2025-08-14,CUST0493,P019,1,5.0,Net Banking,Shipped,CMP003,7745,4299.97,7745,387.25,7357.75,4299.97,3057.7799999999997,41.55862865685841
ORD04338,2025-03-05,CUST0338,P015,4,10.0,Debit Card,Delivered,CMP005,5978,4066.66,23912,2391.2,21520.8,16266.64,5254.16,24.41433403962678
ORD04339,2025-02-17,CUST0945,P014,1,10.0,Debit Card,Delivered,,6801,4221.32,6801,680.1,6120.9,4221.32,1899.58,31.034325017562775
ORD04340,2025-07-21,CUST0923,P016,1,0.0,UPI,Delivered,CMP002,7713,5310.71,7713,0.0,7713.0,5310.71,2402.29,31.145987294178656
ORD04341,2025-12-03,CUST0646,P014,1,15.0,UPI,Delivered,CMP005,6801,4221.32,6801,1020.15,5780.85,4221.32,1559.5300000000007,26.977520606831185
ORD04342,2025-03-01,CUST0842,P003,1,0.0,UPI,Delivered,CMP005,5857,3883.91,5857,0.0,5857.0,3883.91,1973.0900000000001,33.68772409083148
ORD04343,2025-09-14,CUST0066,P018,2,5.0,UPI,Delivered,CMP005,6660,5091.78,13320,666.0,12654.0,10183.56,2470.4400000000005,19.52299668089142
ORD04344,2025-03-06,CUST0792,P022,4,15.0,COD,Delivered,CMP005,5915,3970.45,23660,3549.0,20111.0,15881.8,4229.200000000001,21.029287454626825
ORD04345,2025-08-27,CUST0422,P006,1,10.0,Debit Card,Delivered,CMP002,4933,3611.45,4933,493.3,4439.7,3611.45,828.25,18.655539788724465
ORD04346,2025-10-16,CUST0540,P017,2,20.0,Credit Card,Delivered,CMP006,4817,3075.17,9634,1926.8,7707.2,6150.34,1556.8599999999997,20.200072659331532
ORD04347,2025-02-07,CUST0924,P023,1,5.0,Debit Card,Cancelled,CMP003,5137,3830.78,5137,256.85,4880.15,3830.78,1049.3699999999994,21.502822659139564
ORD04348,2025-01-25,CUST0629,P014,1,25.0,Debit Card,Delivered,CMP006,6801,4221.32,6801,1700.25,5100.75,4221.32,879.4300000000003,17.241190021075337
ORD04349,2025-02-28,CUST0493,P014,4,0.0,Debit Card,Delivered,CMP006,6801,4221.32,27204,0.0,27204.0,16885.28,10318.720000000001,37.930892515806505
ORD04350,2025-12-23,CUST0882,P020,2,0.0,UPI,Delivered,CMP001,7452,4168.44,14904,0.0,14904.0,8336.88,6567.120000000001,44.06280193236716
ORD04351,2025-10-24,CUST0999,P013,4,20.0,UPI,Delivered,CMP006,6435,4995.55,25740,5148.0,20592.0,19982.2,609.7999999999993,2.961344211344208
ORD04352,2025-06-07,CUST0962,P003,1,15.0,COD,Delivered,CMP006,5857,3883.91,5857,878.55,4978.45,3883.91,1094.54,21.985557753919394
ORD04353,2025-02-26,CUST0317,P013,3,0.0,Debit Card,Delivered,CMP004,6435,4995.55,19305,0.0,19305.0,14986.650000000001,4318.3499999999985,22.36907536907536
ORD04354,2025-02-17,CUST0942,P024,2,25.0,Net Banking,Delivered,CMP005,972,537.49,1944,486.0,1458.0,1074.98,383.02,26.270233196159122
ORD04355,2025-11-24,CUST0837,P002,4,10.0,COD,Delivered,CMP006,6053,3796.4,24212,2421.2,21790.8,15185.6,6605.199999999999,30.31187473612717
ORD04356,2025-02-25,CUST0626,P009,2,25.0,UPI,Delivered,CMP001,1097,712.85,2194,548.5,1645.5,1425.7,219.79999999999995,13.357642054086902
ORD04357,2025-03-06,CUST0075,P013,4,10.0,Debit Card,Delivered,CMP006,6435,4995.55,25740,2574.0,23166.0,19982.2,3183.7999999999993,13.743417076750408
ORD04358,2025-09-25,CUST0714,P008,1,10.0,UPI,Delivered,CMP004,3129,1758.81,3129,312.9,2816.1,1758.81,1057.29,37.544476403536805
ORD04359,2025-03-10,CUST0939,P016,4,10.0,Credit Card,Cancelled,CMP005,7713,5310.71,30852,3085.2,27766.8,21242.84,6523.959999999999,23.495541437976286
ORD04360,2025-08-04,CUST0059,P024,4,5.0,UPI,Delivered,CMP003,972,537.49,3888,194.4,3693.6,2149.96,1543.6399999999999,41.79228936538878
ORD04361,2025-03-30,CUST0386,P003,1,10.0,UPI,Cancelled,CMP003,5857,3883.91,5857,585.7,5271.3,3883.91,1387.3900000000003,26.319693434257207
ORD04362,2025-10-08,CUST0015,P013,3,10.0,COD,Delivered,CMP006,6435,4995.55,19305,1930.5,17374.5,14986.650000000001,2387.8499999999985,13.743417076750402
ORD04363,2025-09-14,CUST0231,P004,1,0.0,Credit Card,Delivered,CMP003,2776,1530.45,2776,0.0,2776.0,1530.45,1245.55,44.86851585014409
ORD04364,2025-06-09,CUST0617,P018,2,5.0,Net Banking,Delivered,CMP003,6660,5091.78,13320,666.0,12654.0,10183.56,2470.4400000000005,19.52299668089142
ORD04365,2025-08-22,CUST0677,P002,3,0.0,Net Banking,Delivered,CMP004,6053,3796.4,18159,0.0,18159.0,11389.2,6769.799999999999,37.28068726251445
ORD04366,2025-05-11,CUST0199,P020,1,20.0,Net Banking,Shipped,CMP003,7452,4168.44,7452,1490.4,5961.6,4168.44,1793.1600000000008,30.078502415458946
ORD04367,2025-02-18,CUST0916,P022,1,10.0,Debit Card,Delivered,CMP003,5915,3970.45,5915,591.5,5323.5,3970.45,1353.0500000000002,25.416549262703114
ORD04368,2025-05-27,CUST0354,P021,3,15.0,Net Banking,Delivered,CMP002,5045,2967.68,15135,2270.25,12864.75,8903.039999999999,3961.710000000001,30.795079577916407
ORD04369,2025-11-12,CUST0035,P015,1,25.0,Debit Card,Returned,CMP003,5978,4066.66,5978,1494.5,4483.5,4066.66,416.84000000000015,9.297200847552139
ORD04370,2025-01-02,CUST0162,P017,1,10.0,UPI,Delivered,CMP002,4817,3075.17,4817,481.7,4335.3,3075.17,1260.13,29.066731252739142
ORD04371,2025-11-25,CUST0757,P010,4,25.0,Net Banking,Delivered,CMP003,3310,2109.97,13240,3310.0,9930.0,8439.88,1490.1200000000008,15.0062437059416
ORD04372,2025-05-25,CUST0982,P001,2,5.0,COD,Delivered,CMP004,6748,4695.17,13496,674.8,12821.2,9390.34,3430.8600000000006,26.759273702929526
ORD04373,2025-03-02,CUST0799,P006,3,0.0,Credit Card,Returned,CMP004,4933,3611.45,14799,0.0,14799.0,10834.349999999999,3964.6500000000015,26.78998580985203
ORD04374,2025-09-30,CUST0895,P003,3,5.0,Credit Card,Delivered,CMP002,5857,3883.91,17571,878.55,16692.45,11651.73,5040.720000000001,30.19760430613841
ORD04375,2025-02-18,CUST0471,P019,1,10.0,UPI,Delivered,CMP001,7745,4299.97,7745,774.5,6970.5,4299.97,2670.5299999999997,38.31188580446165
ORD04376,2025-11-28,CUST0531,P007,1,20.0,Credit Card,Delivered,CMP005,5886,3178.13,5886,1177.2,4708.8,3178.13,1530.67,32.50658341828066
ORD04377,2025-05-11,CUST0964,P013,2,10.0,Credit Card,Delivered,CMP003,6435,4995.55,12870,1287.0,11583.0,9991.1,1591.8999999999996,13.743417076750408
ORD04378,2025-02-12,CUST0792,P013,1,5.0,UPI,Delivered,CMP003,6435,4995.55,6435,321.75,6113.25,4995.55,1117.6999999999998,18.283237230605646
ORD04379,2025-02-26,CUST0852,P017,1,15.0,UPI,Delivered,CMP001,4817,3075.17,4817,722.55,4094.45,3075.17,1019.2799999999997,24.894186032312028
ORD04380,2025-02-19,CUST0423,P001,3,10.0,UPI,Delivered,CMP003,6748,4695.17,20244,2024.4,18219.6,14085.51,4134.089999999998,22.690344464203378
ORD04381,2025-06-27,CUST0348,P014,2,0.0,COD,Delivered,CMP005,6801,4221.32,13602,0.0,13602.0,8442.64,5159.360000000001,37.930892515806505
ORD04382,2025-10-20,CUST0694,P003,2,10.0,UPI,Cancelled,CMP004,5857,3883.91,11714,1171.4,10542.6,7767.82,2774.7800000000007,26.319693434257207
ORD04383,2025-02-15,CUST0935,P014,4,20.0,UPI,Delivered,CMP001,6801,4221.32,27204,5440.8,21763.2,16885.28,4877.920000000002,22.41361564475813
ORD04384,2025-06-19,CUST0913,P024,3,20.0,UPI,Delivered,CMP002,972,537.49,2916,583.2,2332.8,1612.47,720.3300000000002,30.87834362139918
ORD04385,2025-09-28,CUST0147,P001,4,10.0,Net Banking,Delivered,CMP006,6748,4695.17,26992,2699.2,24292.8,18780.68,5512.119999999999,22.69034446420338
ORD04386,2025-12-02,CUST0374,P016,1,5.0,Net Banking,Delivered,CMP003,7713,5310.71,7713,385.65,7327.35,5310.71,2016.6400000000003,27.52209188860912
ORD04387,2025-05-19,CUST0688,P010,1,0.0,COD,Cancelled,CMP002,3310,2109.97,3310,0.0,3310.0,2109.97,1200.0300000000002,36.254682779456196
ORD04388,2025-09-04,CUST0675,P013,3,10.0,COD,Delivered,CMP006,6435,4995.55,19305,1930.5,17374.5,14986.650000000001,2387.8499999999985,13.743417076750402
ORD04389,2025-05-28,CUST0416,P004,1,15.0,Credit Card,Delivered,CMP002,2776,1530.45,2776,416.4,2359.6,1530.45,829.1499999999999,35.13943041193422
ORD04390,2025-08-18,CUST0687,P009,1,5.0,Net Banking,Delivered,CMP005,1097,712.85,1097,54.85,1042.15,712.85,329.30000000000007,31.59813846375282
ORD04391,2025-10-07,CUST0494,P014,1,0.0,COD,Delivered,CMP001,6801,4221.32,6801,0.0,6801.0,4221.32,2579.6800000000003,37.930892515806505
ORD04392,2025-05-05,CUST0559,P004,1,20.0,COD,Delivered,CMP001,2776,1530.45,2776,555.2,2220.8,1530.45,690.3500000000001,31.08564481268012
ORD04393,2025-07-11,CUST0256,P010,3,15.0,Credit Card,Delivered,CMP004,3310,2109.97,9930,1489.5,8440.5,6329.91,2110.59,25.005509152301407
ORD04394,2025-03-21,CUST0960,P008,4,10.0,UPI,Delivered,CMP002,3129,1758.81,12516,1251.6,11264.4,7035.24,4229.16,37.544476403536805
ORD04395,2025-04-04,CUST0686,P023,3,0.0,Debit Card,Delivered,CMP001,5137,3830.78,15411,0.0,15411.0,11492.34,3918.66,25.427681526182592
ORD04396,2025-08-14,CUST0103,P003,1,0.0,Credit Card,Delivered,CMP006,5857,3883.91,5857,0.0,5857.0,3883.91,1973.0900000000001,33.68772409083148
ORD04397,2025-03-06,CUST0121,P023,1,0.0,Debit Card,Shipped,CMP001,5137,3830.78,5137,0.0,5137.0,3830.78,1306.2199999999998,25.427681526182592
ORD04398,2025-03-29,CUST0419,P007,2,10.0,Credit Card,Delivered,CMP005,5886,3178.13,11772,1177.2,10594.8,6356.26,4238.539999999999,40.00585192736059
ORD04399,2025-03-29,CUST0350,P010,3,0.0,Credit Card,Delivered,CMP002,3310,2109.97,9930,0.0,9930.0,6329.91,3600.09,36.254682779456196
ORD04400,2025-07-20,CUST0657,P003,1,20.0,UPI,Delivered,CMP006,5857,3883.91,5857,1171.4,4685.6,3883.91,801.6900000000005,17.109655113539365
ORD04401,2025-08-02,CUST0042,P002,4,25.0,COD,Delivered,CMP006,6053,3796.4,24212,6053.0,18159.0,15185.6,2973.3999999999996,16.374249683352605
ORD04402,2025-07-23,CUST0367,P015,4,5.0,Net Banking,Cancelled,CMP002,5978,4066.66,23912,1195.6,22716.4,16266.64,6449.760000000002,28.392526984909587
ORD04403,2025-03-30,CUST0029,P009,2,10.0,Credit Card,Delivered,CMP004,1097,712.85,2194,219.4,1974.6,1425.7,548.8999999999999,27.798035045072417
ORD04404,2025-03-02,CUST0966,P015,2,15.0,UPI,Delivered,CMP005,5978,4066.66,11956,1793.4,10162.6,8133.32,2029.2800000000007,19.968118394898948
ORD04405,2025-09-28,CUST0892,P017,1,20.0,Debit Card,Returned,CMP001,4817,3075.17,4817,963.4,3853.6,3075.17,778.4299999999998,20.200072659331532
ORD04406,2025-04-04,CUST0785,P007,1,20.0,COD,Returned,CMP004,5886,3178.13,5886,1177.2,4708.8,3178.13,1530.67,32.50658341828066
ORD04407,2025-11-03,CUST0977,P020,2,0.0,Credit Card,Delivered,CMP006,7452,4168.44,14904,0.0,14904.0,8336.88,6567.120000000001,44.06280193236716
ORD04408,2025-01-27,CUST0014,P018,4,0.0,Debit Card,Delivered,CMP001,6660,5091.78,26640,0.0,26640.0,20367.12,6272.880000000001,23.54684684684685
ORD04409,2025-08-02,CUST0920,P015,1,15.0,Credit Card,Delivered,CMP005,5978,4066.66,5978,896.7,5081.3,4066.66,1014.6400000000003,19.968118394898948
ORD04410,2025-03-15,CUST0953,P018,3,15.0,Net Banking,Delivered,CMP001,6660,5091.78,19980,2997.0,16983.0,15275.34,1707.6599999999999,10.055113937466878
ORD04411,2025-03-02,CUST0818,P024,1,0.0,Net Banking,Delivered,CMP004,972,537.49,972,0.0,972.0,537.49,434.51,44.702674897119344
ORD04412,2025-07-05,CUST0825,P023,2,10.0,COD,Delivered,CMP002,5137,3830.78,10274,1027.4,9246.6,7661.56,1585.04,17.141868362425107
ORD04413,2025-01-31,CUST0485,P012,4,15.0,Debit Card,Cancelled,CMP003,5080,2793.69,20320,3048.0,17272.0,11174.76,6097.24,35.301296896711435
ORD04414,2025-08-07,CUST0189,P023,1,0.0,Net Banking,Delivered,CMP002,5137,3830.78,5137,0.0,5137.0,3830.78,1306.2199999999998,25.427681526182592
ORD04415,2025-01-12,CUST0872,P021,1,20.0,UPI,Delivered,CMP002,5045,2967.68,5045,1009.0,4036.0,2967.68,1068.3200000000002,26.46977205153618
ORD04416,2025-10-29,CUST0295,P008,1,0.0,COD,Delivered,CMP005,3129,1758.81,3129,0.0,3129.0,1758.81,1370.19,43.79002876318312
ORD04417,2025-02-01,CUST0183,P002,2,15.0,Credit Card,Delivered,CMP002,6053,3796.4,12106,1815.9,10290.1,7592.8,2697.3,26.21257325001701
ORD04418,2025-06-09,CUST0864,P002,4,10.0,Debit Card,Delivered,CMP003,6053,3796.4,24212,2421.2,21790.8,15185.6,6605.199999999999,30.31187473612717
ORD04419,2025-08-25,CUST0548,P005,2,5.0,Debit Card,Delivered,CMP002,1046,807.54,2092,104.6,1987.4,1615.08,372.32000000000016,18.734024353426594
ORD04420,2025-08-15,CUST0882,P001,3,15.0,UPI,Cancelled,CMP002,6748,4695.17,20244,3036.6,17207.4,14085.51,3121.8900000000012,18.14271766798006
ORD04421,2025-06-30,CUST0037,P022,2,15.0,Net Banking,Cancelled,CMP004,5915,3970.45,11830,1774.5,10055.5,7940.9,2114.6000000000004,21.029287454626825
ORD04422,2025-11-13,CUST0014,P004,1,20.0,Debit Card,Delivered,CMP001,2776,1530.45,2776,555.2,2220.8,1530.45,690.3500000000001,31.08564481268012
ORD04423,2025-02-15,CUST0923,P006,4,5.0,UPI,Delivered,CMP005,4933,3611.45,19732,986.6,18745.4,14445.8,4299.600000000002,22.936827168265292
ORD04424,2025-12-07,CUST0635,P023,4,15.0,UPI,Cancelled,CMP003,5137,3830.78,20548,3082.2,17465.8,15323.12,2142.6799999999985,12.267860619038341
ORD04425,2025-03-21,CUST0595,P013,1,10.0,Credit Card,Delivered,CMP005,6435,4995.55,6435,643.5,5791.5,4995.55,795.9499999999998,13.743417076750408
ORD04426,2025-05-15,CUST0159,P019,1,10.0,UPI,Shipped,CMP002,7745,4299.97,7745,774.5,6970.5,4299.97,2670.5299999999997,38.31188580446165
ORD04427,2025-09-17,CUST0494,P011,1,20.0,COD,Delivered,CMP004,7881,6026.38,7881,1576.2,6304.8,6026.38,278.4200000000001,4.416000507549804
ORD04428,2025-11-04,CUST0329,P013,1,0.0,Debit Card,Delivered,CMP003,6435,4995.55,6435,0.0,6435.0,4995.55,1439.4499999999998,22.369075369075368
ORD04429,2025-09-04,CUST0614,P008,2,5.0,COD,Delivered,CMP001,3129,1758.81,6258,312.9,5945.1,3517.62,2427.4800000000005,40.831609224403294
ORD04430,2025-06-08,CUST0849,P007,4,10.0,UPI,Delivered,CMP005,5886,3178.13,23544,2354.4,21189.6,12712.52,8477.079999999998,40.00585192736059
ORD04431,2025-07-22,CUST0083,P013,2,0.0,UPI,Delivered,CMP005,6435,4995.55,12870,0.0,12870.0,9991.1,2878.8999999999996,22.369075369075368
ORD04432,2025-04-22,CUST0556,P001,1,20.0,COD,Cancelled,CMP002,6748,4695.17,6748,1349.6,5398.4,4695.17,703.2299999999996,13.026637522228802
ORD04433,2025-10-19,CUST0580,P006,3,10.0,Credit Card,Delivered,CMP006,4933,3611.45,14799,1479.9,13319.1,10834.349999999999,2484.750000000002,18.655539788724475
ORD04434,2025-11-06,CUST0560,P007,1,10.0,UPI,Delivered,CMP005,5886,3178.13,5886,588.6,5297.4,3178.13,2119.2699999999995,40.00585192736059
ORD04435,2025-04-29,CUST0569,P016,3,15.0,COD,Delivered,CMP002,7713,5310.71,23139,3470.85,19668.15,15932.130000000001,3736.0200000000004,18.995279169621952
ORD04436,2025-01-17,CUST0587,P015,1,10.0,COD,Delivered,CMP002,5978,4066.66,5978,597.8,5380.2,4066.66,1313.54,24.41433403962678
ORD04437,2025-11-27,CUST0022,P020,1,10.0,Debit Card,Delivered,CMP003,7452,4168.44,7452,745.2,6706.8,4168.44,2538.3600000000006,37.847557702630176
ORD04438,2025-08-15,CUST0132,P002,1,0.0,Credit Card,Delivered,CMP002,6053,3796.4,6053,0.0,6053.0,3796.4,2256.6,37.280687262514455
ORD04439,2025-12-27,CUST0465,P025,1,5.0,Net Banking,Delivered,CMP002,7392,5142.33,7392,369.6,7022.4,5142.33,1880.0699999999997,26.772470950102527
ORD04440,2025-04-27,CUST0456,P023,1,0.0,COD,Delivered,CMP003,5137,3830.78,5137,0.0,5137.0,3830.78,1306.2199999999998,25.427681526182592
ORD04441,2025-02-12,CUST0302,P016,1,15.0,Debit Card,Delivered,CMP001,7713,5310.71,7713,1156.95,6556.05,5310.71,1245.3400000000001,18.995279169621952
ORD04442,2025-04-25,CUST0955,P017,2,10.0,Net Banking,Delivered,CMP003,4817,3075.17,9634,963.4,8670.6,6150.34,2520.26,29.066731252739142
ORD04443,2025-10-10,CUST0930,P024,2,5.0,Debit Card,Delivered,CMP002,972,537.49,1944,97.2,1846.8,1074.98,771.8199999999999,41.79228936538878
ORD04444,2025-02-06,CUST0267,P015,2,10.0,Debit Card,Delivered,CMP002,5978,4066.66,11956,1195.6,10760.4,8133.32,2627.08,24.41433403962678
ORD04445,2025-10-29,CUST0799,P003,1,0.0,Credit Card,Delivered,CMP001,5857,3883.91,5857,0.0,5857.0,3883.91,1973.0900000000001,33.68772409083148
ORD04446,2025-04-23,CUST0395,P004,1,20.0,UPI,Delivered,CMP004,2776,1530.45,2776,555.2,2220.8,1530.45,690.3500000000001,31.08564481268012
ORD04447,2025-02-04,CUST0120,P012,1,0.0,Credit Card,Cancelled,CMP003,5080,2793.69,5080,0.0,5080.0,2793.69,2286.31,45.00610236220473
ORD04448,2025-05-12,CUST0246,P005,1,20.0,Net Banking,Delivered,CMP005,1046,807.54,1046,209.2,836.8,807.54,29.25999999999999,3.496653919694072
ORD04449,2025-12-02,CUST0568,P017,2,10.0,Credit Card,Delivered,CMP006,4817,3075.17,9634,963.4,8670.6,6150.34,2520.26,29.066731252739142
ORD04450,2025-12-02,CUST0038,P006,2,10.0,UPI,Delivered,CMP001,4933,3611.45,9866,986.6,8879.4,7222.9,1656.5,18.655539788724465
ORD04451,2025-08-16,CUST0245,P010,1,5.0,Credit Card,Delivered,CMP002,3310,2109.97,3310,165.5,3144.5,2109.97,1034.5300000000002,32.89966608363811
ORD04452,2025-05-27,CUST0021,P022,1,25.0,Credit Card,Delivered,CMP004,5915,3970.45,5915,1478.75,4436.25,3970.45,465.8000000000002,10.499859115243733
ORD04453,2025-05-02,CUST0110,P018,1,5.0,Credit Card,Delivered,CMP002,6660,5091.78,6660,333.0,6327.0,5091.78,1235.2200000000003,19.52299668089142
ORD04454,2025-03-22,CUST0606,P010,1,10.0,COD,Delivered,CMP001,3310,2109.97,3310,331.0,2979.0,2109.97,869.0300000000002,29.171869754951334
ORD04455,2025-06-22,CUST0394,P006,1,25.0,COD,Shipped,CMP001,4933,3611.45,4933,1233.25,3699.75,3611.45,88.30000000000018,2.386647746469361
ORD04456,2025-06-03,CUST0410,P024,1,20.0,Credit Card,Delivered,CMP003,972,537.49,972,194.4,777.6,537.49,240.11,30.87834362139918
ORD04457,2025-05-30,CUST0987,P006,2,10.0,UPI,Delivered,CMP003,4933,3611.45,9866,986.6,8879.4,7222.9,1656.5,18.655539788724465
ORD04458,2025-02-27,CUST0648,P020,1,25.0,UPI,Cancelled,CMP006,7452,4168.44,7452,1863.0,5589.0,4168.44,1420.5600000000004,25.41706924315621
ORD04459,2025-03-04,CUST0743,P015,1,15.0,UPI,Delivered,CMP003,5978,4066.66,5978,896.7,5081.3,4066.66,1014.6400000000003,19.968118394898948
ORD04460,2025-06-05,CUST0008,P004,1,0.0,UPI,Shipped,CMP004,2776,1530.45,2776,0.0,2776.0,1530.45,1245.55,44.86851585014409
ORD04461,2025-12-22,CUST0444,P025,1,5.0,Debit Card,Cancelled,CMP003,7392,5142.33,7392,369.6,7022.4,5142.33,1880.0699999999997,26.772470950102527
ORD04462,2025-11-18,CUST0328,P016,1,5.0,Credit Card,Returned,CMP002,7713,5310.71,7713,385.65,7327.35,5310.71,2016.6400000000003,27.52209188860912
ORD04463,2025-06-17,CUST0887,P022,3,5.0,Credit Card,Delivered,CMP001,5915,3970.45,17745,887.25,16857.75,11911.349999999999,4946.4000000000015,29.34199403835032
ORD04464,2025-06-15,CUST0290,P024,4,15.0,Debit Card,Delivered,CMP006,972,537.49,3888,583.2,3304.8,2149.96,1154.8400000000001,34.9443234083757
ORD04465,2025-03-26,CUST0763,P008,4,10.0,UPI,Cancelled,CMP001,3129,1758.81,12516,1251.6,11264.4,7035.24,4229.16,37.544476403536805
ORD04466,2025-05-17,CUST0511,P007,2,0.0,Net Banking,Returned,CMP001,5886,3178.13,11772,0.0,11772.0,6356.26,5415.74,46.005266734624534
ORD04467,2025-07-08,CUST0912,P019,3,20.0,Net Banking,Shipped,CMP002,7745,4299.97,23235,4647.0,18588.0,12899.91,5688.09,30.60087153001937
ORD04468,2025-01-02,CUST0361,P017,1,5.0,Debit Card,Returned,CMP001,4817,3075.17,4817,240.85,4576.15,3075.17,1500.9799999999996,32.80006118680549
ORD04469,2025-04-16,CUST0909,P021,2,25.0,Net Banking,Delivered,CMP001,5045,2967.68,10090,2522.5,7567.5,5935.36,1632.1400000000003,21.567756854971922
ORD04470,2025-12-30,CUST0599,P013,4,25.0,COD,Delivered,CMP004,6435,4995.55,25740,6435.0,19305.0,19982.2,-677.2000000000007,-3.507899507899512
ORD04471,2025-03-13,CUST0716,P015,1,20.0,Credit Card,Delivered,CMP002,5978,4066.66,5978,1195.6,4782.4,4066.66,715.7399999999998,14.966125794580124
ORD04472,2025-05-06,CUST0219,P002,2,15.0,Net Banking,Delivered,CMP002,6053,3796.4,12106,1815.9,10290.1,7592.8,2697.3,26.21257325001701
ORD04473,2025-06-19,CUST0406,P010,1,0.0,COD,Delivered,CMP005,3310,2109.97,3310,0.0,3310.0,2109.97,1200.0300000000002,36.254682779456196
ORD04474,2025-07-24,CUST0992,P013,1,10.0,Credit Card,Delivered,CMP005,6435,4995.55,6435,643.5,5791.5,4995.55,795.9499999999998,13.743417076750408
ORD04475,2025-11-09,CUST0753,P018,1,0.0,COD,Delivered,CMP003,6660,5091.78,6660,0.0,6660.0,5091.78,1568.2200000000003,23.54684684684685
ORD04476,2025-12-03,CUST0923,P023,2,5.0,Credit Card,Delivered,CMP004,5137,3830.78,10274,513.7,9760.3,7661.56,2098.739999999999,21.502822659139564
ORD04477,2025-07-14,CUST0832,P011,2,10.0,Credit Card,Shipped,CMP001,7881,6026.38,15762,1576.2,14185.8,12052.76,2133.039999999999,15.036444895599818
ORD04478,2025-06-07,CUST0770,P013,1,0.0,Net Banking,Delivered,CMP005,6435,4995.55,6435,0.0,6435.0,4995.55,1439.4499999999998,22.369075369075368
ORD04479,2025-05-21,CUST0621,P019,1,25.0,Debit Card,Delivered,CMP003,7745,4299.97,7745,1936.25,5808.75,4299.97,1508.7799999999997,25.97426296535399
ORD04480,2025-10-02,CUST0768,P024,3,20.0,Net Banking,Delivered,CMP004,972,537.49,2916,583.2,2332.8,1612.47,720.3300000000002,30.87834362139918
ORD04481,2025-01-07,CUST0993,P025,1,5.0,UPI,Cancelled,CMP004,7392,5142.33,7392,369.6,7022.4,5142.33,1880.0699999999997,26.772470950102527
ORD04482,2025-02-23,CUST0794,P024,1,10.0,COD,Delivered,CMP003,972,537.49,972,97.2,874.8,537.49,337.30999999999995,38.55852766346593
ORD04483,2025-04-14,CUST0220,P022,2,10.0,UPI,Delivered,CMP003,5915,3970.45,11830,1183.0,10647.0,7940.9,2706.1000000000004,25.416549262703114
ORD04484,2025-12-08,CUST0595,P005,1,20.0,Credit Card,Delivered,CMP003,1046,807.54,1046,209.2,836.8,807.54,29.25999999999999,3.496653919694072
ORD04485,2025-12-04,CUST0107,P003,2,15.0,Net Banking,Delivered,CMP003,5857,3883.91,11714,1757.1,9956.9,7767.82,2189.08,21.985557753919394
ORD04486,2025-03-02,CUST0581,P019,1,5.0,UPI,Delivered,CMP005,7745,4299.97,7745,387.25,7357.75,4299.97,3057.7799999999997,41.55862865685841
ORD04487,2025-03-28,CUST0609,P023,2,10.0,UPI,Delivered,CMP003,5137,3830.78,10274,1027.4,9246.6,7661.56,1585.04,17.141868362425107
ORD04488,2025-09-15,CUST0724,P013,1,5.0,UPI,Cancelled,CMP001,6435,4995.55,6435,321.75,6113.25,4995.55,1117.6999999999998,18.283237230605646
ORD04489,2025-06-27,CUST0286,P005,1,25.0,Credit Card,Delivered,CMP004,1046,807.54,1046,261.5,784.5,807.54,-23.039999999999964,-2.9369024856596515
ORD04490,2025-08-30,CUST0749,P012,3,0.0,Credit Card,Delivered,CMP006,5080,2793.69,15240,0.0,15240.0,8381.07,6858.93,45.00610236220473
ORD04491,2025-07-22,CUST0008,P014,2,0.0,Credit Card,Delivered,CMP002,6801,4221.32,13602,0.0,13602.0,8442.64,5159.360000000001,37.930892515806505
ORD04492,2025-01-31,CUST0806,P006,1,20.0,UPI,Delivered,CMP005,4933,3611.45,4933,986.6,3946.4,3611.45,334.9500000000003,8.487482262315028
ORD04493,2025-10-16,CUST0189,P022,2,20.0,COD,Delivered,CMP003,5915,3970.45,11830,2366.0,9464.0,7940.9,1523.1000000000004,16.093617920541
ORD04494,2025-03-21,CUST0081,P009,4,20.0,Net Banking,Delivered,CMP004,1097,712.85,4388,877.6,3510.4,2851.4,659.0,18.77278942570647
ORD04495,2025-01-11,CUST0108,P017,2,10.0,Net Banking,Returned,CMP006,4817,3075.17,9634,963.4,8670.6,6150.34,2520.26,29.066731252739142
ORD04496,2025-09-11,CUST0321,P008,2,10.0,Credit Card,Delivered,CMP005,3129,1758.81,6258,625.8,5632.2,3517.62,2114.58,37.544476403536805
ORD04497,2025-10-14,CUST0579,P013,2,10.0,UPI,Shipped,CMP006,6435,4995.55,12870,1287.0,11583.0,9991.1,1591.8999999999996,13.743417076750408
ORD04498,2025-06-25,CUST0686,P005,1,0.0,COD,Returned,CMP001,1046,807.54,1046,0.0,1046.0,807.54,238.46000000000004,22.797323135755263
ORD04499,2025-05-06,CUST0346,P022,2,10.0,Debit Card,Delivered,CMP002,5915,3970.45,11830,1183.0,10647.0,7940.9,2706.1000000000004,25.416549262703114
ORD04500,2025-02-16,CUST0863,P022,3,0.0,Credit Card,Delivered,CMP003,5915,3970.45,17745,0.0,17745.0,11911.349999999999,5833.6500000000015,32.87489433643281
ORD04501,2025-07-25,CUST0328,P017,2,5.0,Debit Card,Delivered,CMP005,4817,3075.17,9634,481.7,9152.3,6150.34,3001.959999999999,32.80006118680549
ORD04502,2025-04-17,CUST0555,P003,1,20.0,Net Banking,Delivered,CMP005,5857,3883.91,5857,1171.4,4685.6,3883.91,801.6900000000005,17.109655113539365
ORD04503,2025-10-02,CUST0699,P006,2,5.0,Net Banking,Delivered,CMP002,4933,3611.45,9866,493.3,9372.7,7222.9,2149.800000000001,22.936827168265292
ORD04504,2025-12-03,CUST0302,P014,1,20.0,COD,Delivered,CMP001,6801,4221.32,6801,1360.2,5440.8,4221.32,1219.4800000000005,22.41361564475813
ORD04505,2025-05-03,CUST0200,P015,4,5.0,COD,Returned,CMP005,5978,4066.66,23912,1195.6,22716.4,16266.64,6449.760000000002,28.392526984909587
ORD04506,2025-05-14,CUST0893,P014,4,5.0,Debit Card,Delivered,CMP003,6801,4221.32,27204,1360.2,25843.8,16885.28,8958.52,34.66409738505948
ORD04507,2025-04-17,CUST0419,P011,3,10.0,Net Banking,Delivered,CMP004,7881,6026.38,23643,2364.3,21278.7,18079.14,3199.5600000000013,15.036444895599832
ORD04508,2025-11-01,CUST0039,P011,3,15.0,COD,Delivered,CMP005,7881,6026.38,23643,3546.45,20096.55,18079.14,2017.4099999999999,10.03858871298805
ORD04509,2025-11-25,CUST0732,P009,1,10.0,COD,Returned,CMP002,1097,712.85,1097,109.7,987.3,712.85,274.44999999999993,27.798035045072417
ORD04510,2025-02-19,CUST0307,P006,1,20.0,Net Banking,Delivered,CMP001,4933,3611.45,4933,986.6,3946.4,3611.45,334.9500000000003,8.487482262315028
ORD04511,2025-12-03,CUST0004,P015,2,0.0,Net Banking,Delivered,CMP006,5978,4066.66,11956,0.0,11956.0,8133.32,3822.6800000000003,31.972900635664104
ORD04512,2025-04-05,CUST0633,P012,1,20.0,UPI,Delivered,CMP001,5080,2793.69,5080,1016.0,4064.0,2793.69,1270.31,31.257627952755907
ORD04513,2025-09-25,CUST0848,P006,1,0.0,COD,Cancelled,CMP001,4933,3611.45,4933,0.0,4933.0,3611.45,1321.5500000000002,26.78998580985202
ORD04514,2025-01-23,CUST0077,P001,1,20.0,Debit Card,Shipped,CMP002,6748,4695.17,6748,1349.6,5398.4,4695.17,703.2299999999996,13.026637522228802
ORD04515,2025-02-23,CUST0468,P025,2,5.0,Credit Card,Delivered,CMP002,7392,5142.33,14784,739.2,14044.8,10284.66,3760.1399999999994,26.772470950102527
ORD04516,2025-09-11,CUST0179,P016,1,20.0,Credit Card,Delivered,CMP002,7713,5310.71,7713,1542.6,6170.4,5310.71,859.6899999999996,13.932484117723318
ORD04517,2025-08-23,CUST0645,P020,1,10.0,Net Banking,Delivered,CMP005,7452,4168.44,7452,745.2,6706.8,4168.44,2538.3600000000006,37.847557702630176
ORD04518,2025-02-28,CUST0823,P015,3,0.0,Debit Card,Returned,CMP006,5978,4066.66,17934,0.0,17934.0,12199.98,5734.02,31.972900635664104
ORD04519,2025-06-13,CUST0741,P002,2,20.0,UPI,Delivered,CMP002,6053,3796.4,12106,2421.2,9684.8,7592.8,2091.999999999999,21.60085907814306
ORD04520,2025-09-16,CUST0276,P017,1,0.0,COD,Delivered,CMP005,4817,3075.17,4817,0.0,4817.0,3075.17,1741.83,36.16005812746523
ORD04521,2025-11-10,CUST0152,P003,4,0.0,UPI,Delivered,CMP001,5857,3883.91,23428,0.0,23428.0,15535.64,7892.360000000001,33.68772409083148
ORD04522,2025-08-04,CUST0164,P003,2,15.0,Debit Card,Delivered,CMP001,5857,3883.91,11714,1757.1,9956.9,7767.82,2189.08,21.985557753919394
ORD04523,2025-07-02,CUST0290,P005,2,0.0,UPI,Delivered,CMP003,1046,807.54,2092,0.0,2092.0,1615.08,476.9200000000001,22.797323135755263
ORD04524,2025-02-26,CUST0378,P017,4,0.0,Net Banking,Delivered,CMP006,4817,3075.17,19268,0.0,19268.0,12300.68,6967.32,36.16005812746523
ORD04525,2025-05-25,CUST0621,P023,3,10.0,Credit Card,Delivered,CMP006,5137,3830.78,15411,1541.1,13869.9,11492.34,2377.5599999999995,17.141868362425107
ORD04526,2025-03-31,CUST0638,P017,4,20.0,Net Banking,Delivered,CMP001,4817,3075.17,19268,3853.6,15414.4,12300.68,3113.7199999999993,20.200072659331532
ORD04527,2025-11-07,CUST0752,P020,1,0.0,COD,Cancelled,CMP002,7452,4168.44,7452,0.0,7452.0,4168.44,3283.5600000000004,44.06280193236716
ORD04528,2025-02-14,CUST0310,P006,1,10.0,Net Banking,Delivered,CMP006,4933,3611.45,4933,493.3,4439.7,3611.45,828.25,18.655539788724465
ORD04529,2025-09-14,CUST0930,P001,2,15.0,Debit Card,Delivered,CMP001,6748,4695.17,13496,2024.4,11471.6,9390.34,2081.26,18.142717667980058
ORD04530,2025-01-21,CUST0979,P007,2,20.0,Debit Card,Delivered,CMP005,5886,3178.13,11772,2354.4,9417.6,6356.26,3061.34,32.50658341828066
ORD04531,2025-01-21,CUST0913,P015,4,20.0,COD,Delivered,CMP001,5978,4066.66,23912,4782.4,19129.6,16266.64,2862.959999999999,14.966125794580124
ORD04532,2025-02-21,CUST0389,P007,3,15.0,COD,Delivered,CMP004,5886,3178.13,17658,2648.7,15009.3,9534.39,5474.91,36.47678439367592
ORD04533,2025-12-04,CUST0857,P019,3,10.0,Credit Card,Cancelled,CMP003,7745,4299.97,23235,2323.5,20911.5,12899.91,8011.59,38.31188580446166
ORD04534,2025-06-20,CUST0658,P020,1,10.0,UPI,Delivered,CMP003,7452,4168.44,7452,745.2,6706.8,4168.44,2538.3600000000006,37.847557702630176
ORD04535,2025-03-08,CUST0764,P022,1,0.0,Credit Card,Delivered,CMP005,5915,3970.45,5915,0.0,5915.0,3970.45,1944.5500000000002,32.8748943364328
ORD04536,2025-04-23,CUST0183,P011,1,15.0,Net Banking,Delivered,CMP001,7881,6026.38,7881,1182.15,6698.85,6026.38,672.4700000000003,10.038588712988053
ORD04537,2025-10-27,CUST0821,P023,1,25.0,UPI,Delivered,CMP002,5137,3830.78,5137,1284.25,3852.75,3830.78,21.9699999999998,0.5702420349101239
ORD04538,2025-06-09,CUST0306,P014,2,15.0,COD,Delivered,CMP003,6801,4221.32,13602,2040.3,11561.7,8442.64,3119.0600000000013,26.977520606831185
ORD04539,2025-09-23,CUST0072,P013,1,0.0,Debit Card,Shipped,CMP001,6435,4995.55,6435,0.0,6435.0,4995.55,1439.4499999999998,22.369075369075368
ORD04540,2025-11-16,CUST0219,P020,4,10.0,Net Banking,Returned,CMP001,7452,4168.44,29808,2980.8,26827.2,16673.76,10153.440000000002,37.847557702630176
ORD04541,2025-08-20,CUST0719,P025,1,10.0,Credit Card,Returned,CMP001,7392,5142.33,7392,739.2,6652.8,5142.33,1510.4700000000003,22.704274891774894
ORD04542,2025-11-21,CUST0173,P009,2,15.0,COD,Delivered,CMP002,1097,712.85,2194,329.1,1864.9,1425.7,439.20000000000005,23.550860635959033
ORD04543,2025-03-09,CUST0653,P009,2,15.0,UPI,Shipped,CMP006,1097,712.85,2194,329.1,1864.9,1425.7,439.20000000000005,23.550860635959033
ORD04544,2025-01-28,CUST0272,P016,1,10.0,UPI,Delivered,CMP003,7713,5310.71,7713,771.3,6941.7,5310.71,1630.9899999999998,23.495541437976286
ORD04545,2025-04-26,CUST0726,P012,2,0.0,Debit Card,Cancelled,CMP003,5080,2793.69,10160,0.0,10160.0,5587.38,4572.62,45.00610236220473
ORD04546,2025-02-20,CUST0468,P010,2,20.0,COD,Delivered,CMP004,3310,2109.97,6620,1324.0,5296.0,4219.94,1076.0600000000004,20.31835347432025
ORD04547,2025-06-30,CUST0269,P006,3,15.0,COD,Delivered,CMP004,4933,3611.45,14799,2219.85,12579.15,10834.349999999999,1744.800000000001,13.870571541002382
ORD04548,2025-09-17,CUST0020,P018,2,0.0,Net Banking,Returned,CMP003,6660,5091.78,13320,0.0,13320.0,10183.56,3136.4400000000005,23.54684684684685
ORD04549,2025-03-20,CUST0578,P002,2,5.0,Net Banking,Delivered,CMP002,6053,3796.4,12106,605.3,11500.7,7592.8,3907.9000000000005,33.9796708026468
ORD04550,2025-09-30,CUST0995,P020,2,20.0,UPI,Shipped,CMP002,7452,4168.44,14904,2980.8,11923.2,8336.88,3586.3200000000015,30.078502415458946
ORD04551,2025-04-18,CUST0815,P009,1,20.0,Credit Card,Delivered,CMP001,1097,712.85,1097,219.4,877.6,712.85,164.75,18.77278942570647
ORD04552,2025-03-15,CUST0503,P019,4,5.0,UPI,Shipped,CMP006,7745,4299.97,30980,1549.0,29431.0,17199.88,12231.119999999999,41.55862865685841
ORD04553,2025-06-24,CUST0147,P006,1,0.0,Net Banking,Delivered,CMP005,4933,3611.45,4933,0.0,4933.0,3611.45,1321.5500000000002,26.78998580985202
ORD04554,2025-07-03,CUST0429,P002,2,0.0,Net Banking,Delivered,CMP004,6053,3796.4,12106,0.0,12106.0,7592.8,4513.2,37.280687262514455
ORD04555,2025-01-23,CUST0165,P015,1,5.0,Net Banking,Delivered,CMP003,5978,4066.66,5978,298.9,5679.1,4066.66,1612.4400000000005,28.392526984909587
ORD04556,2025-10-01,CUST0890,P017,1,10.0,UPI,Delivered,CMP004,4817,3075.17,4817,481.7,4335.3,3075.17,1260.13,29.066731252739142
ORD04557,2025-05-09,CUST0310,P016,4,10.0,COD,Delivered,,7713,5310.71,30852,3085.2,27766.8,21242.84,6523.959999999999,23.495541437976286
ORD04558,2025-10-18,CUST0518,P021,3,10.0,Credit Card,Delivered,CMP002,5045,2967.68,15135,1513.5,13621.5,8903.039999999999,4718.460000000001,34.639797379143275
ORD04559,2025-11-16,CUST0014,P008,1,15.0,Credit Card,Delivered,CMP002,3129,1758.81,3129,469.35,2659.65,1758.81,900.8400000000001,33.8706220743331
ORD04560,2025-07-05,CUST0132,P010,2,0.0,Net Banking,Delivered,CMP006,3310,2109.97,6620,0.0,6620.0,4219.94,2400.0600000000004,36.254682779456196
ORD04561,2025-02-28,CUST0854,P010,4,0.0,Debit Card,Delivered,CMP004,3310,2109.97,13240,0.0,13240.0,8439.88,4800.120000000001,36.254682779456196
ORD04562,2025-01-01,CUST0755,P018,2,5.0,UPI,Delivered,CMP001,6660,5091.78,13320,666.0,12654.0,10183.56,2470.4400000000005,19.52299668089142
ORD04563,2025-05-11,CUST0439,P010,2,0.0,COD,Delivered,CMP002,3310,2109.97,6620,0.0,6620.0,4219.94,2400.0600000000004,36.254682779456196
ORD04564,2025-03-08,CUST0743,P009,1,0.0,Net Banking,Delivered,CMP002,1097,712.85,1097,0.0,1097.0,712.85,384.15,35.018231540565175
ORD04565,2025-10-20,CUST0740,P024,3,10.0,Debit Card,Shipped,CMP004,972,537.49,2916,291.6,2624.4,1612.47,1011.9300000000001,38.55852766346594
ORD04566,2025-10-12,CUST0674,P019,1,15.0,Net Banking,Delivered,CMP004,7745,4299.97,7745,1161.75,6583.25,4299.97,2283.2799999999997,34.683173204724106
ORD04567,2025-03-30,CUST0795,P001,2,15.0,Debit Card,Delivered,CMP003,6748,4695.17,13496,2024.4,11471.6,9390.34,2081.26,18.142717667980058
ORD04568,2025-04-10,CUST0263,P004,1,15.0,Credit Card,Delivered,CMP006,2776,1530.45,2776,416.4,2359.6,1530.45,829.1499999999999,35.13943041193422
ORD04569,2025-07-08,CUST0643,P024,1,10.0,Debit Card,Delivered,CMP006,972,537.49,972,97.2,874.8,537.49,337.30999999999995,38.55852766346593
ORD04570,2025-12-12,CUST0943,P003,4,15.0,Credit Card,Delivered,CMP006,5857,3883.91,23428,3514.2,19913.8,15535.64,4378.16,21.985557753919394
ORD04571,2025-08-29,CUST0225,P010,1,5.0,Credit Card,Delivered,CMP002,3310,2109.97,3310,165.5,3144.5,2109.97,1034.5300000000002,32.89966608363811
ORD04572,2025-09-27,CUST0258,P012,4,25.0,UPI,Delivered,CMP003,5080,2793.69,20320,5080.0,15240.0,11174.76,4065.24,26.674803149606298
ORD04573,2025-08-07,CUST0234,P018,1,0.0,Debit Card,Returned,CMP003,6660,5091.78,6660,0.0,6660.0,5091.78,1568.2200000000003,23.54684684684685
ORD04574,2025-06-25,CUST0336,P023,1,0.0,COD,Cancelled,CMP003,5137,3830.78,5137,0.0,5137.0,3830.78,1306.2199999999998,25.427681526182592
ORD04575,2025-12-07,CUST0409,P020,2,5.0,COD,Returned,CMP006,7452,4168.44,14904,745.2,14158.8,8336.88,5821.92,41.11873887617595
ORD04576,2025-08-21,CUST0828,P006,2,25.0,Debit Card,Delivered,CMP002,4933,3611.45,9866,2466.5,7399.5,7222.9,176.60000000000036,2.386647746469361
ORD04577,2025-05-31,CUST0975,P021,1,25.0,UPI,Delivered,CMP005,5045,2967.68,5045,1261.25,3783.75,2967.68,816.0700000000002,21.567756854971922
ORD04578,2025-10-04,CUST0024,P002,3,15.0,COD,Delivered,CMP003,6053,3796.4,18159,2723.85,15435.15,11389.2,4045.949999999999,26.212573250017
ORD04579,2025-08-17,CUST0271,P010,1,10.0,Net Banking,Delivered,CMP002,3310,2109.97,3310,331.0,2979.0,2109.97,869.0300000000002,29.171869754951334
ORD04580,2025-06-20,CUST0095,P002,4,10.0,COD,Delivered,CMP003,6053,3796.4,24212,2421.2,21790.8,15185.6,6605.199999999999,30.31187473612717
ORD04581,2025-08-11,CUST0142,P009,1,25.0,UPI,Delivered,CMP002,1097,712.85,1097,274.25,822.75,712.85,109.89999999999998,13.357642054086902
ORD04582,2025-08-01,CUST0694,P010,1,15.0,Credit Card,Delivered,CMP001,3310,2109.97,3310,496.5,2813.5,2109.97,703.5300000000002,25.005509152301407
ORD04583,2025-10-09,CUST0718,P002,4,20.0,Credit Card,Delivered,CMP005,6053,3796.4,24212,4842.4,19369.6,15185.6,4183.999999999998,21.60085907814306
ORD04584,2025-02-10,CUST0902,P008,4,5.0,Credit Card,Delivered,CMP004,3129,1758.81,12516,625.8,11890.2,7035.24,4854.960000000001,40.831609224403294
ORD04585,2025-05-02,CUST0974,P024,1,5.0,UPI,Delivered,CMP002,972,537.49,972,48.6,923.4,537.49,385.90999999999997,41.79228936538878
ORD04586,2025-08-15,CUST0081,P017,1,20.0,Credit Card,Delivered,CMP006,4817,3075.17,4817,963.4,3853.6,3075.17,778.4299999999998,20.200072659331532
ORD04587,2025-10-21,CUST0274,P017,3,0.0,Credit Card,Delivered,CMP001,4817,3075.17,14451,0.0,14451.0,9225.51,5225.49,36.16005812746523
ORD04588,2025-03-29,CUST0276,P004,1,20.0,UPI,Delivered,CMP002,2776,1530.45,2776,555.2,2220.8,1530.45,690.3500000000001,31.08564481268012
ORD04589,2025-09-24,CUST0883,P018,2,10.0,Net Banking,Cancelled,CMP001,6660,5091.78,13320,1332.0,11988.0,10183.56,1804.4400000000005,15.052052052052057
ORD04590,2025-01-29,CUST0958,P012,1,20.0,COD,Delivered,CMP001,5080,2793.69,5080,1016.0,4064.0,2793.69,1270.31,31.257627952755907
ORD04591,2025-09-04,CUST0465,P017,1,5.0,UPI,Delivered,CMP002,4817,3075.17,4817,240.85,4576.15,3075.17,1500.9799999999996,32.80006118680549
ORD04592,2025-11-12,CUST0208,P009,2,15.0,UPI,Delivered,CMP005,1097,712.85,2194,329.1,1864.9,1425.7,439.20000000000005,23.550860635959033
ORD04593,2025-09-01,CUST0296,P019,1,10.0,Debit Card,Delivered,CMP006,7745,4299.97,7745,774.5,6970.5,4299.97,2670.5299999999997,38.31188580446165
ORD04594,2025-03-02,CUST0039,P014,1,10.0,Credit Card,Delivered,CMP006,6801,4221.32,6801,680.1,6120.9,4221.32,1899.58,31.034325017562775
ORD04595,2025-05-27,CUST0948,P014,4,10.0,Net Banking,Delivered,,6801,4221.32,27204,2720.4,24483.6,16885.28,7598.32,31.034325017562775
ORD04596,2025-06-23,CUST0288,P017,3,25.0,Debit Card,Delivered,CMP005,4817,3075.17,14451,3612.75,10838.25,9225.51,1612.7399999999998,14.880077503286968
ORD04597,2025-10-05,CUST0124,P002,1,15.0,Net Banking,Delivered,CMP003,6053,3796.4,6053,907.95,5145.05,3796.4,1348.65,26.21257325001701
ORD04598,2025-11-30,CUST0876,P008,3,5.0,Credit Card,Cancelled,CMP003,3129,1758.81,9387,469.35,8917.65,5276.43,3641.2199999999993,40.83160922440329
ORD04599,2025-05-22,CUST0969,P005,1,20.0,Credit Card,Delivered,CMP004,1046,807.54,1046,209.2,836.8,807.54,29.25999999999999,3.496653919694072
ORD04600,2025-02-13,CUST0283,P007,1,5.0,Credit Card,Cancelled,CMP006,5886,3178.13,5886,294.3,5591.7,3178.13,2413.5699999999997,43.16343866802582
ORD04601,2025-05-24,CUST0878,P022,1,5.0,COD,Delivered,CMP001,5915,3970.45,5915,295.75,5619.25,3970.45,1648.8000000000002,29.341994038350315
ORD04602,2025-12-19,CUST0180,P016,3,0.0,Net Banking,Delivered,CMP002,7713,5310.71,23139,0.0,23139.0,15932.130000000001,7206.869999999999,31.145987294178656
ORD04603,2025-11-29,CUST0097,P016,1,20.0,Net Banking,Delivered,CMP002,7713,5310.71,7713,1542.6,6170.4,5310.71,859.6899999999996,13.932484117723318
ORD04604,2025-02-24,CUST0191,P017,1,5.0,Debit Card,Delivered,CMP003,4817,3075.17,4817,240.85,4576.15,3075.17,1500.9799999999996,32.80006118680549
ORD04605,2025-11-03,CUST0074,P022,1,5.0,UPI,Delivered,CMP004,5915,3970.45,5915,295.75,5619.25,3970.45,1648.8000000000002,29.341994038350315
ORD04606,2025-12-24,CUST0447,P007,1,20.0,Credit Card,Delivered,CMP003,5886,3178.13,5886,1177.2,4708.8,3178.13,1530.67,32.50658341828066
ORD04607,2025-06-10,CUST0785,P020,3,15.0,Credit Card,Delivered,CMP001,7452,4168.44,22356,3353.4,19002.6,12505.32,6497.279999999999,34.19153168513782
ORD04608,2025-10-12,CUST0497,P008,1,0.0,Debit Card,Delivered,CMP003,3129,1758.81,3129,0.0,3129.0,1758.81,1370.19,43.79002876318312
ORD04609,2025-11-21,CUST0561,P008,2,15.0,Net Banking,Delivered,CMP004,3129,1758.81,6258,938.7,5319.3,3517.62,1801.6800000000003,33.8706220743331
ORD04610,2025-07-17,CUST0484,P023,1,20.0,COD,Returned,CMP003,5137,3830.78,5137,1027.4,4109.6,3830.78,278.82000000000016,6.784601907728249
ORD04611,2025-06-08,CUST0849,P011,2,0.0,Net Banking,Delivered,CMP006,7881,6026.38,15762,0.0,15762.0,12052.76,3709.24,23.53280040603984
ORD04612,2025-03-21,CUST0722,P015,2,15.0,COD,Delivered,CMP003,5978,4066.66,11956,1793.4,10162.6,8133.32,2029.2800000000007,19.968118394898948
ORD04613,2025-01-31,CUST0116,P018,4,10.0,COD,Shipped,CMP001,6660,5091.78,26640,2664.0,23976.0,20367.12,3608.880000000001,15.052052052052057
ORD04614,2025-04-22,CUST0535,P006,1,10.0,Net Banking,Delivered,CMP002,4933,3611.45,4933,493.3,4439.7,3611.45,828.25,18.655539788724465
ORD04615,2025-02-15,CUST0098,P022,1,10.0,Credit Card,Delivered,CMP001,5915,3970.45,5915,591.5,5323.5,3970.45,1353.0500000000002,25.416549262703114
ORD04616,2025-12-19,CUST0328,P012,1,15.0,COD,Delivered,CMP002,5080,2793.69,5080,762.0,4318.0,2793.69,1524.31,35.301296896711435
ORD04617,2025-07-24,CUST0909,P015,2,0.0,Debit Card,Delivered,CMP002,5978,4066.66,11956,0.0,11956.0,8133.32,3822.6800000000003,31.972900635664104
ORD04618,2025-02-21,CUST0407,P023,3,15.0,Debit Card,Delivered,CMP004,5137,3830.78,15411,2311.65,13099.35,11492.34,1607.0100000000002,12.267860619038352
ORD04619,2025-05-18,CUST0313,P006,2,0.0,COD,Delivered,CMP002,4933,3611.45,9866,0.0,9866.0,7222.9,2643.1000000000004,26.78998580985202
ORD04620,2025-03-15,CUST0702,P018,4,10.0,Credit Card,Delivered,CMP006,6660,5091.78,26640,2664.0,23976.0,20367.12,3608.880000000001,15.052052052052057
ORD04621,2025-02-10,CUST0694,P024,1,0.0,COD,Delivered,CMP002,972,537.49,972,0.0,972.0,537.49,434.51,44.702674897119344
ORD04622,2025-03-18,CUST0148,P020,1,15.0,Debit Card,Delivered,CMP001,7452,4168.44,7452,1117.8,6334.2,4168.44,2165.76,34.191531685137825
ORD04623,2025-07-06,CUST0342,P009,3,5.0,Debit Card,Cancelled,CMP001,1097,712.85,3291,164.55,3126.45,2138.55,987.8999999999996,31.598138463752807
ORD04624,2025-02-21,CUST0495,P008,2,10.0,Net Banking,Returned,CMP006,3129,1758.81,6258,625.8,5632.2,3517.62,2114.58,37.544476403536805
ORD04625,2025-03-28,CUST0948,P014,2,5.0,Credit Card,Delivered,CMP003,6801,4221.32,13602,680.1,12921.9,8442.64,4479.26,34.66409738505948
ORD04626,2025-04-19,CUST0023,P019,4,15.0,Net Banking,Delivered,CMP003,7745,4299.97,30980,4647.0,26333.0,17199.88,9133.119999999999,34.683173204724106
ORD04627,2025-08-13,CUST0105,P019,2,10.0,UPI,Delivered,CMP001,7745,4299.97,15490,1549.0,13941.0,8599.94,5341.0599999999995,38.31188580446165
ORD04628,2025-09-05,CUST0675,P008,4,15.0,COD,Delivered,CMP005,3129,1758.81,12516,1877.4,10638.6,7035.24,3603.3600000000006,33.8706220743331
ORD04629,2025-03-10,CUST0579,P002,1,0.0,Net Banking,Shipped,CMP004,6053,3796.4,6053,0.0,6053.0,3796.4,2256.6,37.280687262514455
ORD04630,2025-04-30,CUST0802,P025,1,0.0,Credit Card,Cancelled,CMP002,7392,5142.33,7392,0.0,7392.0,5142.33,2249.67,30.4338474025974
ORD04631,2025-03-08,CUST0801,P004,1,10.0,COD,Delivered,CMP004,2776,1530.45,2776,277.6,2498.4,1530.45,967.95,38.74279538904899
ORD04632,2025-03-02,CUST0558,P006,1,20.0,COD,Cancelled,CMP002,4933,3611.45,4933,986.6,3946.4,3611.45,334.9500000000003,8.487482262315028
ORD04633,2025-11-23,CUST0593,P003,1,0.0,COD,Delivered,CMP001,5857,3883.91,5857,0.0,5857.0,3883.91,1973.0900000000001,33.68772409083148
ORD04634,2025-07-10,CUST0941,P003,1,0.0,COD,Delivered,CMP005,5857,3883.91,5857,0.0,5857.0,3883.91,1973.0900000000001,33.68772409083148
ORD04635,2025-07-08,CUST0659,P019,2,0.0,COD,Delivered,CMP006,7745,4299.97,15490,0.0,15490.0,8599.94,6890.0599999999995,44.48069722401549
ORD04636,2025-05-31,CUST0222,P011,1,10.0,Credit Card,Delivered,CMP004,7881,6026.38,7881,788.1,7092.9,6026.38,1066.5199999999995,15.036444895599818
ORD04637,2025-10-13,CUST0855,P010,3,5.0,UPI,Returned,CMP002,3310,2109.97,9930,496.5,9433.5,6329.91,3103.59,32.8996660836381
ORD04638,2025-04-06,CUST0015,P012,1,15.0,Debit Card,Delivered,CMP002,5080,2793.69,5080,762.0,4318.0,2793.69,1524.31,35.301296896711435
ORD04639,2025-11-08,CUST0891,P014,1,0.0,UPI,Cancelled,CMP006,6801,4221.32,6801,0.0,6801.0,4221.32,2579.6800000000003,37.930892515806505
ORD04640,2025-11-05,CUST0633,P018,2,0.0,Debit Card,Delivered,CMP002,6660,5091.78,13320,0.0,13320.0,10183.56,3136.4400000000005,23.54684684684685
ORD04641,2025-09-20,CUST0078,P024,2,5.0,Net Banking,Cancelled,CMP005,972,537.49,1944,97.2,1846.8,1074.98,771.8199999999999,41.79228936538878
ORD04642,2025-04-07,CUST0322,P009,2,10.0,COD,Delivered,CMP004,1097,712.85,2194,219.4,1974.6,1425.7,548.8999999999999,27.798035045072417
ORD04643,2025-04-23,CUST0807,P015,1,15.0,Net Banking,Delivered,CMP004,5978,4066.66,5978,896.7,5081.3,4066.66,1014.6400000000003,19.968118394898948
ORD04644,2025-05-05,CUST0241,P024,3,0.0,Net Banking,Cancelled,CMP002,972,537.49,2916,0.0,2916.0,1612.47,1303.53,44.702674897119344
ORD04645,2025-05-12,CUST0018,P003,1,20.0,Debit Card,Delivered,CMP001,5857,3883.91,5857,1171.4,4685.6,3883.91,801.6900000000005,17.109655113539365
ORD04646,2025-05-01,CUST0768,P023,2,5.0,Credit Card,Delivered,CMP003,5137,3830.78,10274,513.7,9760.3,7661.56,2098.739999999999,21.502822659139564
ORD04647,2025-07-16,CUST0454,P011,1,15.0,COD,Delivered,CMP006,7881,6026.38,7881,1182.15,6698.85,6026.38,672.4700000000003,10.038588712988053
ORD04648,2025-10-21,CUST0443,P010,2,10.0,Net Banking,Shipped,CMP002,3310,2109.97,6620,662.0,5958.0,4219.94,1738.0600000000004,29.171869754951334
ORD04649,2025-05-02,CUST0928,P018,3,0.0,UPI,Delivered,CMP003,6660,5091.78,19980,0.0,19980.0,15275.34,4704.66,23.546846846846847
ORD04650,2025-10-09,CUST0277,P004,4,20.0,COD,Delivered,CMP004,2776,1530.45,11104,2220.8,8883.2,6121.8,2761.4000000000005,31.08564481268012
ORD04651,2025-09-17,CUST0424,P013,4,15.0,Credit Card,Cancelled,CMP003,6435,4995.55,25740,3861.0,21879.0,19982.2,1896.7999999999993,8.669500434206313
ORD04652,2025-02-08,CUST0476,P006,2,5.0,COD,Delivered,CMP003,4933,3611.45,9866,493.3,9372.7,7222.9,2149.800000000001,22.936827168265292
ORD04653,2025-02-23,CUST0027,P021,2,10.0,Net Banking,Shipped,CMP004,5045,2967.68,10090,1009.0,9081.0,5935.36,3145.6400000000003,34.639797379143275
ORD04654,2025-06-10,CUST0514,P013,1,5.0,UPI,Delivered,CMP005,6435,4995.55,6435,321.75,6113.25,4995.55,1117.6999999999998,18.283237230605646
ORD04655,2025-10-16,CUST0865,P025,1,15.0,Net Banking,Delivered,CMP002,7392,5142.33,7392,1108.8,6283.2,5142.33,1140.87,18.157467532467532
ORD04656,2025-07-19,CUST0464,P020,1,5.0,Credit Card,Delivered,CMP006,7452,4168.44,7452,372.6,7079.4,4168.44,2910.96,41.11873887617595
ORD04657,2025-10-03,CUST0807,P005,2,20.0,Debit Card,Delivered,CMP003,1046,807.54,2092,418.4,1673.6,1615.08,58.51999999999998,3.496653919694072
ORD04658,2025-01-16,CUST0982,P020,3,0.0,UPI,Delivered,CMP004,7452,4168.44,22356,0.0,22356.0,12505.32,9850.68,44.06280193236715
ORD04659,2025-06-22,CUST0824,P014,1,0.0,Credit Card,Delivered,CMP001,6801,4221.32,6801,0.0,6801.0,4221.32,2579.6800000000003,37.930892515806505
ORD04660,2025-09-05,CUST0363,P013,2,5.0,Credit Card,Returned,CMP003,6435,4995.55,12870,643.5,12226.5,9991.1,2235.3999999999996,18.283237230605646
ORD04661,2025-08-06,CUST0383,P014,1,0.0,Net Banking,Shipped,CMP001,6801,4221.32,6801,0.0,6801.0,4221.32,2579.6800000000003,37.930892515806505
ORD04662,2025-03-28,CUST0751,P008,2,10.0,Net Banking,Delivered,CMP003,3129,1758.81,6258,625.8,5632.2,3517.62,2114.58,37.544476403536805
ORD04663,2025-03-23,CUST0525,P016,3,0.0,Net Banking,Delivered,CMP001,7713,5310.71,23139,0.0,23139.0,15932.130000000001,7206.869999999999,31.145987294178656
ORD04664,2025-03-03,CUST0382,P013,3,15.0,Debit Card,Delivered,CMP006,6435,4995.55,19305,2895.75,16409.25,14986.650000000001,1422.5999999999985,8.669500434206308
ORD04665,2025-10-14,CUST0184,P024,2,0.0,COD,Delivered,CMP004,972,537.49,1944,0.0,1944.0,1074.98,869.02,44.702674897119344
ORD04666,2025-02-11,CUST0194,P015,1,15.0,COD,Delivered,CMP005,5978,4066.66,5978,896.7,5081.3,4066.66,1014.6400000000003,19.968118394898948
ORD04667,2025-01-12,CUST0462,P019,2,10.0,Net Banking,Delivered,CMP003,7745,4299.97,15490,1549.0,13941.0,8599.94,5341.0599999999995,38.31188580446165
ORD04668,2025-11-17,CUST0056,P001,2,25.0,Net Banking,Delivered,CMP006,6748,4695.17,13496,3374.0,10122.0,9390.34,731.6599999999999,7.228413357044062
ORD04669,2025-08-22,CUST0230,P022,2,25.0,Debit Card,Delivered,,5915,3970.45,11830,2957.5,8872.5,7940.9,931.6000000000004,10.499859115243733
ORD04670,2025-11-25,CUST0489,P002,1,20.0,COD,Delivered,CMP002,6053,3796.4,6053,1210.6,4842.4,3796.4,1045.9999999999995,21.60085907814306
ORD04671,2025-05-11,CUST0028,P018,1,15.0,Debit Card,Delivered,CMP002,6660,5091.78,6660,999.0,5661.0,5091.78,569.2200000000003,10.055113937466883
ORD04672,2025-04-25,CUST0832,P019,1,5.0,Credit Card,Delivered,CMP003,7745,4299.97,7745,387.25,7357.75,4299.97,3057.7799999999997,41.55862865685841
ORD04673,2025-08-06,CUST0583,P008,4,15.0,COD,Delivered,CMP001,3129,1758.81,12516,1877.4,10638.6,7035.24,3603.3600000000006,33.8706220743331
ORD04674,2025-05-17,CUST0722,P003,1,25.0,Net Banking,Delivered,CMP006,5857,3883.91,5857,1464.25,4392.75,3883.91,508.84000000000015,11.583632121108648
ORD04675,2025-04-16,CUST0960,P023,1,0.0,UPI,Delivered,CMP002,5137,3830.78,5137,0.0,5137.0,3830.78,1306.2199999999998,25.427681526182592
ORD04676,2025-06-28,CUST0184,P014,1,10.0,Credit Card,Delivered,CMP003,6801,4221.32,6801,680.1,6120.9,4221.32,1899.58,31.034325017562775
ORD04677,2025-01-16,CUST0425,P009,2,0.0,UPI,Delivered,CMP005,1097,712.85,2194,0.0,2194.0,1425.7,768.3,35.018231540565175
ORD04678,2025-08-30,CUST0375,P008,1,10.0,Debit Card,Returned,CMP002,3129,1758.81,3129,312.9,2816.1,1758.81,1057.29,37.544476403536805
ORD04679,2025-11-30,CUST0868,P017,3,10.0,Debit Card,Delivered,CMP002,4817,3075.17,14451,1445.1,13005.9,9225.51,3780.3899999999994,29.066731252739135
ORD04680,2025-08-14,CUST0041,P023,2,10.0,Debit Card,Delivered,CMP001,5137,3830.78,10274,1027.4,9246.6,7661.56,1585.04,17.141868362425107
ORD04681,2025-08-30,CUST0484,P023,1,10.0,Net Banking,Delivered,CMP003,5137,3830.78,5137,513.7,4623.3,3830.78,792.52,17.141868362425107
ORD04682,2025-05-21,CUST0260,P024,1,25.0,Debit Card,Delivered,CMP001,972,537.49,972,243.0,729.0,537.49,191.51,26.270233196159122
ORD04683,2025-07-18,CUST0441,P016,2,10.0,UPI,Delivered,CMP004,7713,5310.71,15426,1542.6,13883.4,10621.42,3261.9799999999996,23.495541437976286
ORD04684,2025-04-22,CUST0926,P010,1,20.0,Credit Card,Delivered,CMP003,3310,2109.97,3310,662.0,2648.0,2109.97,538.0300000000002,20.31835347432025
ORD04685,2025-05-07,CUST0856,P021,1,5.0,Net Banking,Delivered,CMP003,5045,2967.68,5045,252.25,4792.75,2967.68,1825.0700000000002,38.07980804339889
ORD04686,2025-01-21,CUST0084,P010,1,10.0,Credit Card,Delivered,CMP002,3310,2109.97,3310,331.0,2979.0,2109.97,869.0300000000002,29.171869754951334
ORD04687,2025-05-27,CUST0046,P025,2,10.0,Debit Card,Delivered,CMP001,7392,5142.33,14784,1478.4,13305.6,10284.66,3020.9400000000005,22.704274891774894
ORD04688,2025-03-30,CUST0440,P025,1,5.0,COD,Cancelled,CMP004,7392,5142.33,7392,369.6,7022.4,5142.33,1880.0699999999997,26.772470950102527
ORD04689,2025-10-30,CUST0671,P024,2,5.0,Net Banking,Delivered,CMP002,972,537.49,1944,97.2,1846.8,1074.98,771.8199999999999,41.79228936538878
ORD04690,2025-07-22,CUST0856,P006,1,10.0,Debit Card,Delivered,CMP005,4933,3611.45,4933,493.3,4439.7,3611.45,828.25,18.655539788724465
ORD04691,2025-03-26,CUST0519,P022,1,10.0,Net Banking,Delivered,CMP002,5915,3970.45,5915,591.5,5323.5,3970.45,1353.0500000000002,25.416549262703114
ORD04692,2025-06-16,CUST0986,P017,3,10.0,COD,Delivered,CMP004,4817,3075.17,14451,1445.1,13005.9,9225.51,3780.3899999999994,29.066731252739135
ORD04693,2025-03-13,CUST0845,P016,1,5.0,UPI,Delivered,CMP004,7713,5310.71,7713,385.65,7327.35,5310.71,2016.6400000000003,27.52209188860912
ORD04694,2025-10-25,CUST0438,P015,1,5.0,UPI,Delivered,CMP003,5978,4066.66,5978,298.9,5679.1,4066.66,1612.4400000000005,28.392526984909587
ORD04695,2025-01-09,CUST0136,P022,2,10.0,UPI,Delivered,CMP006,5915,3970.45,11830,1183.0,10647.0,7940.9,2706.1000000000004,25.416549262703114
ORD04696,2025-10-08,CUST0183,P014,4,0.0,COD,Cancelled,CMP002,6801,4221.32,27204,0.0,27204.0,16885.28,10318.720000000001,37.930892515806505
ORD04697,2025-09-15,CUST0709,P004,1,5.0,Credit Card,Delivered,CMP006,2776,1530.45,2776,138.8,2637.2,1530.45,1106.7499999999998,41.966858789625356
ORD04698,2025-10-02,CUST0172,P004,4,0.0,COD,Delivered,CMP001,2776,1530.45,11104,0.0,11104.0,6121.8,4982.2,44.86851585014409
ORD04699,2025-08-26,CUST0909,P002,3,0.0,COD,Delivered,CMP002,6053,3796.4,18159,0.0,18159.0,11389.2,6769.799999999999,37.28068726251445
ORD04700,2025-01-20,CUST0861,P011,2,0.0,Debit Card,Returned,CMP001,7881,6026.38,15762,0.0,15762.0,12052.76,3709.24,23.53280040603984
ORD04701,2025-08-21,CUST0788,P004,1,0.0,UPI,Delivered,CMP004,2776,1530.45,2776,0.0,2776.0,1530.45,1245.55,44.86851585014409
ORD04702,2025-08-09,CUST0590,P021,4,0.0,Net Banking,Shipped,CMP004,5045,2967.68,20180,0.0,20180.0,11870.72,8309.28,41.17581764122894
ORD04703,2025-11-22,CUST0928,P021,1,10.0,Credit Card,Cancelled,CMP003,5045,2967.68,5045,504.5,4540.5,2967.68,1572.8200000000002,34.639797379143275
ORD04704,2025-01-17,CUST0956,P016,2,0.0,Net Banking,Delivered,CMP005,7713,5310.71,15426,0.0,15426.0,10621.42,4804.58,31.145987294178656
ORD04705,2025-03-30,CUST0690,P021,1,10.0,Debit Card,Delivered,CMP006,5045,2967.68,5045,504.5,4540.5,2967.68,1572.8200000000002,34.639797379143275
ORD04706,2025-07-15,CUST0539,P004,1,20.0,Debit Card,Cancelled,CMP005,2776,1530.45,2776,555.2,2220.8,1530.45,690.3500000000001,31.08564481268012
ORD04707,2025-12-16,CUST0120,P001,1,15.0,Credit Card,Delivered,CMP002,6748,4695.17,6748,1012.2,5735.8,4695.17,1040.63,18.142717667980058
ORD04708,2025-03-25,CUST0281,P024,2,5.0,Net Banking,Cancelled,CMP002,972,537.49,1944,97.2,1846.8,1074.98,771.8199999999999,41.79228936538878
ORD04709,2025-03-28,CUST0308,P019,3,20.0,Credit Card,Delivered,CMP003,7745,4299.97,23235,4647.0,18588.0,12899.91,5688.09,30.60087153001937
ORD04710,2025-11-03,CUST0708,P002,1,5.0,Credit Card,Delivered,CMP002,6053,3796.4,6053,302.65,5750.35,3796.4,1953.9500000000003,33.9796708026468
ORD04711,2025-12-04,CUST0277,P009,1,0.0,UPI,Delivered,CMP002,1097,712.85,1097,0.0,1097.0,712.85,384.15,35.018231540565175
ORD04712,2025-06-03,CUST0530,P023,2,25.0,Net Banking,Delivered,CMP002,5137,3830.78,10274,2568.5,7705.5,7661.56,43.9399999999996,0.5702420349101239
ORD04713,2025-08-16,CUST0295,P025,2,20.0,UPI,Delivered,CMP006,7392,5142.33,14784,2956.8,11827.2,10284.66,1542.5400000000009,13.042309253246758
ORD04714,2025-09-21,CUST0783,P013,1,10.0,UPI,Delivered,CMP005,6435,4995.55,6435,643.5,5791.5,4995.55,795.9499999999998,13.743417076750408
ORD04715,2025-08-11,CUST0053,P018,3,10.0,UPI,Shipped,CMP006,6660,5091.78,19980,1998.0,17982.0,15275.34,2706.66,15.052052052052051
ORD04716,2025-05-01,CUST0806,P016,1,10.0,COD,Delivered,CMP006,7713,5310.71,7713,771.3,6941.7,5310.71,1630.9899999999998,23.495541437976286
ORD04717,2025-06-22,CUST0432,P016,2,0.0,Debit Card,Delivered,CMP004,7713,5310.71,15426,0.0,15426.0,10621.42,4804.58,31.145987294178656
ORD04718,2025-01-04,CUST0052,P025,1,0.0,Debit Card,Delivered,CMP001,7392,5142.33,7392,0.0,7392.0,5142.33,2249.67,30.4338474025974
ORD04719,2025-12-08,CUST0728,P010,4,10.0,COD,Delivered,CMP005,3310,2109.97,13240,1324.0,11916.0,8439.88,3476.120000000001,29.171869754951334
ORD04720,2025-05-08,CUST0072,P009,4,20.0,Credit Card,Returned,CMP001,1097,712.85,4388,877.6,3510.4,2851.4,659.0,18.77278942570647
ORD04721,2025-04-20,CUST0028,P011,2,0.0,Net Banking,Delivered,CMP001,7881,6026.38,15762,0.0,15762.0,12052.76,3709.24,23.53280040603984
ORD04722,2025-12-21,CUST0469,P025,2,15.0,Net Banking,Delivered,CMP001,7392,5142.33,14784,2217.6,12566.4,10284.66,2281.74,18.157467532467532
ORD04723,2025-02-06,CUST0912,P004,3,0.0,Net Banking,Delivered,CMP001,2776,1530.45,8328,0.0,8328.0,4591.35,3736.6499999999996,44.868515850144085
ORD04724,2025-03-12,CUST0764,P010,3,10.0,UPI,Delivered,CMP005,3310,2109.97,9930,993.0,8937.0,6329.91,2607.09,29.17186975495133
ORD04725,2025-10-16,CUST0886,P003,1,10.0,Net Banking,Delivered,CMP006,5857,3883.91,5857,585.7,5271.3,3883.91,1387.3900000000003,26.319693434257207
ORD04726,2025-01-31,CUST0912,P006,4,15.0,Net Banking,Cancelled,CMP002,4933,3611.45,19732,2959.8,16772.2,14445.8,2326.4000000000015,13.87057154100238
ORD04727,2025-09-25,CUST0547,P003,2,0.0,Net Banking,Delivered,CMP001,5857,3883.91,11714,0.0,11714.0,7767.82,3946.1800000000003,33.68772409083148
ORD04728,2025-01-11,CUST0401,P009,2,5.0,Debit Card,Delivered,CMP002,1097,712.85,2194,109.7,2084.3,1425.7,658.6000000000001,31.59813846375282
ORD04729,2025-12-10,CUST0201,P003,3,10.0,COD,Delivered,CMP004,5857,3883.91,17571,1757.1,15813.9,11651.73,4162.17,26.319693434257207
ORD04730,2025-11-24,CUST0761,P018,1,0.0,Credit Card,Delivered,CMP002,6660,5091.78,6660,0.0,6660.0,5091.78,1568.2200000000003,23.54684684684685
ORD04731,2025-02-01,CUST0611,P008,1,0.0,COD,Delivered,CMP006,3129,1758.81,3129,0.0,3129.0,1758.81,1370.19,43.79002876318312
ORD04732,2025-02-26,CUST0820,P022,1,10.0,Net Banking,Delivered,CMP001,5915,3970.45,5915,591.5,5323.5,3970.45,1353.0500000000002,25.416549262703114
ORD04733,2025-06-15,CUST0989,P008,3,10.0,Credit Card,Delivered,CMP006,3129,1758.81,9387,938.7,8448.3,5276.43,3171.869999999999,37.5444764035368
ORD04734,2025-07-07,CUST0999,P015,2,0.0,Credit Card,Delivered,CMP001,5978,4066.66,11956,0.0,11956.0,8133.32,3822.6800000000003,31.972900635664104
ORD04735,2025-12-08,CUST0466,P013,1,10.0,COD,Cancelled,CMP003,6435,4995.55,6435,643.5,5791.5,4995.55,795.9499999999998,13.743417076750408
ORD04736,2025-01-19,CUST0652,P007,3,20.0,COD,Returned,CMP002,5886,3178.13,17658,3531.6,14126.4,9534.39,4592.01,32.50658341828066
ORD04737,2025-04-26,CUST0595,P019,1,0.0,COD,Delivered,CMP004,7745,4299.97,7745,0.0,7745.0,4299.97,3445.0299999999997,44.48069722401549
ORD04738,2025-07-03,CUST0560,P008,1,10.0,COD,Delivered,CMP001,3129,1758.81,3129,312.9,2816.1,1758.81,1057.29,37.544476403536805
ORD04739,2025-09-27,CUST0790,P010,1,0.0,UPI,Delivered,CMP006,3310,2109.97,3310,0.0,3310.0,2109.97,1200.0300000000002,36.254682779456196
ORD04740,2025-02-02,CUST0379,P017,1,0.0,Debit Card,Delivered,CMP001,4817,3075.17,4817,0.0,4817.0,3075.17,1741.83,36.16005812746523
ORD04741,2025-01-10,CUST0760,P001,2,0.0,Debit Card,Delivered,CMP004,6748,4695.17,13496,0.0,13496.0,9390.34,4105.66,30.421310017783043
ORD04742,2025-03-21,CUST0895,P013,1,5.0,Net Banking,Delivered,CMP001,6435,4995.55,6435,321.75,6113.25,4995.55,1117.6999999999998,18.283237230605646
ORD04743,2025-07-11,CUST0177,P013,1,15.0,UPI,Delivered,CMP002,6435,4995.55,6435,965.25,5469.75,4995.55,474.1999999999998,8.669500434206313
ORD04744,2025-11-16,CUST0052,P024,2,5.0,Credit Card,Returned,CMP001,972,537.49,1944,97.2,1846.8,1074.98,771.8199999999999,41.79228936538878
ORD04745,2025-07-09,CUST0079,P016,1,10.0,COD,Shipped,CMP006,7713,5310.71,7713,771.3,6941.7,5310.71,1630.9899999999998,23.495541437976286
ORD04746,2025-03-09,CUST0385,P009,3,5.0,Net Banking,Cancelled,CMP001,1097,712.85,3291,164.55,3126.45,2138.55,987.8999999999996,31.598138463752807
ORD04747,2025-12-14,CUST0834,P010,4,0.0,Credit Card,Delivered,CMP002,3310,2109.97,13240,0.0,13240.0,8439.88,4800.120000000001,36.254682779456196
ORD04748,2025-05-05,CUST0576,P006,2,10.0,Debit Card,Delivered,CMP002,4933,3611.45,9866,986.6,8879.4,7222.9,1656.5,18.655539788724465
ORD04749,2025-12-02,CUST0008,P005,1,15.0,Credit Card,Delivered,CMP004,1046,807.54,1046,156.9,889.1,807.54,81.56000000000006,9.173321336182664
ORD04750,2025-02-28,CUST0214,P002,3,20.0,COD,Returned,CMP001,6053,3796.4,18159,3631.8,14527.2,11389.2,3138.0,21.60085907814307
ORD04751,2025-04-07,CUST0025,P011,4,20.0,COD,Returned,CMP005,7881,6026.38,31524,6304.8,25219.2,24105.52,1113.6800000000003,4.416000507549804
ORD04752,2025-10-02,CUST0450,P009,2,5.0,Debit Card,Shipped,CMP003,1097,712.85,2194,109.7,2084.3,1425.7,658.6000000000001,31.59813846375282
ORD04753,2025-05-29,CUST0768,P006,3,15.0,COD,Cancelled,CMP003,4933,3611.45,14799,2219.85,12579.15,10834.349999999999,1744.800000000001,13.870571541002382
ORD04754,2025-10-05,CUST0755,P008,1,0.0,UPI,Delivered,CMP002,3129,1758.81,3129,0.0,3129.0,1758.81,1370.19,43.79002876318312
ORD04755,2025-09-22,CUST0969,P009,2,15.0,Net Banking,Delivered,CMP003,1097,712.85,2194,329.1,1864.9,1425.7,439.20000000000005,23.550860635959033
ORD04756,2025-01-09,CUST0457,P009,2,20.0,Debit Card,Shipped,CMP002,1097,712.85,2194,438.8,1755.2,1425.7,329.5,18.77278942570647
ORD04757,2025-10-10,CUST0461,P008,4,0.0,Debit Card,Delivered,CMP002,3129,1758.81,12516,0.0,12516.0,7035.24,5480.76,43.79002876318312
ORD04758,2025-09-30,CUST0198,P012,3,10.0,Credit Card,Cancelled,CMP001,5080,2793.69,15240,1524.0,13716.0,8381.07,5334.93,38.895669291338585
ORD04759,2025-10-28,CUST0094,P008,1,10.0,Debit Card,Shipped,CMP005,3129,1758.81,3129,312.9,2816.1,1758.81,1057.29,37.544476403536805
ORD04760,2025-01-08,CUST0719,P003,2,15.0,Net Banking,Delivered,CMP001,5857,3883.91,11714,1757.1,9956.9,7767.82,2189.08,21.985557753919394
ORD04761,2025-07-27,CUST0947,P013,1,0.0,UPI,Delivered,CMP001,6435,4995.55,6435,0.0,6435.0,4995.55,1439.4499999999998,22.369075369075368
ORD04762,2025-05-05,CUST0437,P019,2,25.0,Credit Card,Delivered,CMP004,7745,4299.97,15490,3872.5,11617.5,8599.94,3017.5599999999995,25.97426296535399
ORD04763,2025-05-03,CUST0527,P002,2,10.0,Net Banking,Delivered,CMP002,6053,3796.4,12106,1210.6,10895.4,7592.8,3302.5999999999995,30.31187473612717
ORD04764,2025-02-02,CUST0690,P017,1,0.0,Debit Card,Delivered,CMP003,4817,3075.17,4817,0.0,4817.0,3075.17,1741.83,36.16005812746523
ORD04765,2025-01-01,CUST0967,P016,1,0.0,COD,Delivered,CMP003,7713,5310.71,7713,0.0,7713.0,5310.71,2402.29,31.145987294178656
ORD04766,2025-07-23,CUST0378,P004,1,15.0,COD,Delivered,CMP002,2776,1530.45,2776,416.4,2359.6,1530.45,829.1499999999999,35.13943041193422
ORD04767,2025-01-06,CUST0587,P018,4,0.0,Net Banking,Delivered,CMP002,6660,5091.78,26640,0.0,26640.0,20367.12,6272.880000000001,23.54684684684685
ORD04768,2025-10-24,CUST0104,P014,1,0.0,,Shipped,CMP002,6801,4221.32,6801,0.0,6801.0,4221.32,2579.6800000000003,37.930892515806505
ORD04769,2025-01-05,CUST0806,P002,2,10.0,COD,Delivered,CMP003,6053,3796.4,12106,1210.6,10895.4,7592.8,3302.5999999999995,30.31187473612717
ORD04770,2025-03-21,CUST0680,P013,1,10.0,Net Banking,Returned,CMP006,6435,4995.55,6435,643.5,5791.5,4995.55,795.9499999999998,13.743417076750408
ORD04771,2025-10-01,CUST0962,P021,2,15.0,Credit Card,Delivered,CMP002,5045,2967.68,10090,1513.5,8576.5,5935.36,2641.1400000000003,30.7950795779164
ORD04772,2025-06-26,CUST0627,P020,2,5.0,Debit Card,Delivered,CMP004,7452,4168.44,14904,745.2,14158.8,8336.88,5821.92,41.11873887617595
ORD04773,2025-12-04,CUST0039,P017,3,15.0,UPI,Delivered,CMP004,4817,3075.17,14451,2167.65,12283.35,9225.51,3057.84,24.89418603231203
ORD04774,2025-11-17,CUST0458,P015,3,25.0,UPI,Cancelled,CMP005,5978,4066.66,17934,4483.5,13450.5,12199.98,1250.5200000000004,9.297200847552139
ORD04775,2025-12-05,CUST0364,P025,3,5.0,Credit Card,Delivered,CMP005,7392,5142.33,22176,1108.8,21067.2,15426.99,5640.210000000001,26.772470950102534
ORD04776,2025-05-16,CUST0785,P020,2,15.0,UPI,Delivered,CMP001,7452,4168.44,14904,2235.6,12668.4,8336.88,4331.52,34.191531685137825
ORD04777,2025-01-25,CUST0135,P005,4,20.0,Net Banking,Delivered,CMP002,1046,807.54,4184,836.8,3347.2,3230.16,117.03999999999996,3.496653919694072
ORD04778,2025-11-21,CUST0374,P007,1,15.0,UPI,Delivered,CMP006,5886,3178.13,5886,882.9,5003.1,3178.13,1824.9700000000003,36.47678439367592
ORD04779,2025-07-02,CUST0232,P018,1,15.0,UPI,Delivered,CMP003,6660,5091.78,6660,999.0,5661.0,5091.78,569.2200000000003,10.055113937466883
ORD04780,2025-06-17,CUST0039,P024,2,0.0,UPI,Delivered,CMP001,972,537.49,1944,0.0,1944.0,1074.98,869.02,44.702674897119344
ORD04781,2025-12-04,CUST0964,P011,2,10.0,Net Banking,Delivered,CMP002,7881,6026.38,15762,1576.2,14185.8,12052.76,2133.039999999999,15.036444895599818
ORD04782,2025-06-27,CUST0803,P018,4,10.0,Debit Card,Cancelled,CMP002,6660,5091.78,26640,2664.0,23976.0,20367.12,3608.880000000001,15.052052052052057
ORD04783,2025-04-05,CUST0819,P005,1,15.0,COD,Returned,CMP006,1046,807.54,1046,156.9,889.1,807.54,81.56000000000006,9.173321336182664
ORD04784,2025-02-02,CUST0047,P013,2,25.0,UPI,Delivered,CMP003,6435,4995.55,12870,3217.5,9652.5,9991.1,-338.60000000000036,-3.507899507899512
ORD04785,2025-04-21,CUST0036,P018,1,0.0,Credit Card,Delivered,CMP004,6660,5091.78,6660,0.0,6660.0,5091.78,1568.2200000000003,23.54684684684685
ORD04786,2025-05-26,CUST0832,P002,3,0.0,Credit Card,Cancelled,CMP002,6053,3796.4,18159,0.0,18159.0,11389.2,6769.799999999999,37.28068726251445
ORD04787,2025-08-19,CUST0095,P020,2,0.0,Net Banking,Delivered,CMP001,7452,4168.44,14904,0.0,14904.0,8336.88,6567.120000000001,44.06280193236716
ORD04788,2025-09-29,CUST0985,P004,1,15.0,Debit Card,Delivered,CMP001,2776,1530.45,2776,416.4,2359.6,1530.45,829.1499999999999,35.13943041193422
ORD04789,2025-12-02,CUST0361,P013,1,0.0,UPI,Delivered,CMP003,6435,4995.55,6435,0.0,6435.0,4995.55,1439.4499999999998,22.369075369075368
ORD04790,2025-02-07,CUST0525,P024,2,10.0,Net Banking,Delivered,CMP001,972,537.49,1944,194.4,1749.6,1074.98,674.6199999999999,38.55852766346593
ORD04791,2025-05-15,CUST0146,P016,1,5.0,COD,Returned,CMP001,7713,5310.71,7713,385.65,7327.35,5310.71,2016.6400000000003,27.52209188860912
ORD04792,2025-11-30,CUST0917,P006,1,10.0,Debit Card,Shipped,CMP002,4933,3611.45,4933,493.3,4439.7,3611.45,828.25,18.655539788724465
ORD04793,2025-08-23,CUST0368,P008,2,0.0,Debit Card,Shipped,CMP005,3129,1758.81,6258,0.0,6258.0,3517.62,2740.38,43.79002876318312
ORD04794,2025-11-15,CUST0065,P016,3,20.0,Net Banking,Cancelled,CMP001,7713,5310.71,23139,4627.8,18511.2,15932.130000000001,2579.0699999999997,13.932484117723323
ORD04795,2025-12-11,CUST0228,P013,4,10.0,Credit Card,Returned,CMP003,6435,4995.55,25740,2574.0,23166.0,19982.2,3183.7999999999993,13.743417076750408
ORD04796,2025-06-09,CUST0754,P023,1,20.0,Debit Card,Delivered,CMP005,5137,3830.78,5137,1027.4,4109.6,3830.78,278.82000000000016,6.784601907728249
ORD04797,2025-02-07,CUST0520,P004,2,10.0,Credit Card,Cancelled,CMP002,2776,1530.45,5552,555.2,4996.8,3060.9,1935.9,38.74279538904899
ORD04798,2025-05-30,CUST0816,P002,1,0.0,Debit Card,Delivered,CMP002,6053,3796.4,6053,0.0,6053.0,3796.4,2256.6,37.280687262514455
ORD04799,2025-11-04,CUST0853,P009,1,0.0,Debit Card,Delivered,CMP006,1097,712.85,1097,0.0,1097.0,712.85,384.15,35.018231540565175
ORD04800,2025-01-29,CUST0555,P018,1,25.0,Debit Card,Delivered,CMP004,6660,5091.78,6660,1665.0,4995.0,5091.78,-96.77999999999975,-1.9375375375375326
ORD04801,2025-05-24,CUST0756,P017,1,15.0,COD,Delivered,CMP005,4817,3075.17,4817,722.55,4094.45,3075.17,1019.2799999999997,24.894186032312028
ORD04802,2025-03-17,CUST0181,P008,1,0.0,Credit Card,Delivered,CMP002,3129,1758.81,3129,0.0,3129.0,1758.81,1370.19,43.79002876318312
ORD04803,2025-05-25,CUST0501,P015,4,15.0,COD,Delivered,CMP006,5978,4066.66,23912,3586.8,20325.2,16266.64,4058.5600000000013,19.968118394898948
ORD04804,2025-08-17,CUST0597,P009,4,5.0,Credit Card,Delivered,CMP001,1097,712.85,4388,219.4,4168.6,2851.4,1317.2000000000003,31.59813846375282
ORD04805,2025-03-05,CUST0155,P017,2,5.0,COD,Delivered,CMP006,4817,3075.17,9634,481.7,9152.3,6150.34,3001.959999999999,32.80006118680549
ORD04806,2025-12-13,CUST0787,P023,4,0.0,COD,Cancelled,CMP006,5137,3830.78,20548,0.0,20548.0,15323.12,5224.879999999999,25.427681526182592
ORD04807,2025-12-11,CUST0535,P002,1,20.0,COD,Cancelled,CMP003,6053,3796.4,6053,1210.6,4842.4,3796.4,1045.9999999999995,21.60085907814306
ORD04808,2025-09-26,CUST0627,P006,4,0.0,Net Banking,Cancelled,CMP004,4933,3611.45,19732,0.0,19732.0,14445.8,5286.200000000001,26.78998580985202
ORD04809,2025-11-24,CUST0818,P005,1,5.0,COD,Cancelled,CMP005,1046,807.54,1046,52.3,993.7,807.54,186.16000000000008,18.734024353426594
ORD04810,2025-07-03,CUST0435,P017,3,5.0,Debit Card,Delivered,CMP002,4817,3075.17,14451,722.55,13728.45,9225.51,4502.9400000000005,32.80006118680551
ORD04811,2025-09-18,CUST0811,P002,1,0.0,UPI,Returned,CMP003,6053,3796.4,6053,0.0,6053.0,3796.4,2256.6,37.280687262514455
ORD04812,2025-09-25,CUST0099,P018,3,10.0,COD,Delivered,CMP006,6660,5091.78,19980,1998.0,17982.0,15275.34,2706.66,15.052052052052051
ORD04813,2025-06-18,CUST0616,P010,2,0.0,UPI,Delivered,CMP001,3310,2109.97,6620,0.0,6620.0,4219.94,2400.0600000000004,36.254682779456196
ORD04814,2025-09-16,CUST0372,P010,1,5.0,UPI,Cancelled,CMP006,3310,2109.97,3310,165.5,3144.5,2109.97,1034.5300000000002,32.89966608363811
ORD04815,2025-08-15,CUST0563,P006,2,20.0,Debit Card,Delivered,CMP005,4933,3611.45,9866,1973.2,7892.8,7222.9,669.9000000000005,8.487482262315028
ORD04816,2025-02-02,CUST0362,P012,1,5.0,UPI,Delivered,CMP005,5080,2793.69,5080,254.0,4826.0,2793.69,2032.31,42.11168669705761
ORD04817,2025-08-02,CUST0112,P017,1,5.0,UPI,Delivered,CMP001,4817,3075.17,4817,240.85,4576.15,3075.17,1500.9799999999996,32.80006118680549
ORD04818,2025-02-19,CUST0453,P013,3,10.0,UPI,Delivered,CMP002,6435,4995.55,19305,1930.5,17374.5,14986.650000000001,2387.8499999999985,13.743417076750402
ORD04819,2025-07-29,CUST0756,P020,1,10.0,Credit Card,Delivered,CMP006,7452,4168.44,7452,745.2,6706.8,4168.44,2538.3600000000006,37.847557702630176
ORD04820,2025-01-29,CUST0169,P016,1,15.0,COD,Delivered,CMP001,7713,5310.71,7713,1156.95,6556.05,5310.71,1245.3400000000001,18.995279169621952
ORD04821,2025-02-08,CUST0584,P010,1,0.0,COD,Cancelled,CMP004,3310,2109.97,3310,0.0,3310.0,2109.97,1200.0300000000002,36.254682779456196
ORD04822,2025-12-13,CUST0139,P021,2,20.0,UPI,Shipped,CMP005,5045,2967.68,10090,2018.0,8072.0,5935.36,2136.6400000000003,26.46977205153618
ORD04823,2025-04-10,CUST0848,P002,4,15.0,Debit Card,Delivered,CMP002,6053,3796.4,24212,3631.8,20580.2,15185.6,5394.6,26.21257325001701
ORD04824,2025-06-22,CUST0231,P002,3,15.0,Credit Card,Delivered,CMP004,6053,3796.4,18159,2723.85,15435.15,11389.2,4045.949999999999,26.212573250017
ORD04825,2025-01-17,CUST0239,P023,3,0.0,Debit Card,Delivered,CMP001,5137,3830.78,15411,0.0,15411.0,11492.34,3918.66,25.427681526182592
ORD04826,2025-02-25,CUST0984,P007,1,0.0,Debit Card,Delivered,CMP003,5886,3178.13,5886,0.0,5886.0,3178.13,2707.87,46.005266734624534
ORD04827,2025-08-14,CUST0253,P006,1,10.0,UPI,Delivered,CMP002,4933,3611.45,4933,493.3,4439.7,3611.45,828.25,18.655539788724465
ORD04828,2025-02-15,CUST0981,P001,2,20.0,Net Banking,Delivered,CMP004,6748,4695.17,13496,2699.2,10796.8,9390.34,1406.4599999999991,13.026637522228802
ORD04829,2025-03-08,CUST0436,P012,1,10.0,UPI,Delivered,CMP006,5080,2793.69,5080,508.0,4572.0,2793.69,1778.31,38.89566929133858
ORD04830,2025-07-16,CUST0919,P013,1,0.0,Net Banking,Delivered,CMP001,6435,4995.55,6435,0.0,6435.0,4995.55,1439.4499999999998,22.369075369075368
ORD04831,2025-05-22,CUST0561,P012,3,0.0,Credit Card,Delivered,CMP003,5080,2793.69,15240,0.0,15240.0,8381.07,6858.93,45.00610236220473
ORD04832,2025-11-19,CUST0422,P019,2,15.0,Net Banking,Delivered,CMP003,7745,4299.97,15490,2323.5,13166.5,8599.94,4566.5599999999995,34.683173204724106
ORD04833,2025-01-23,CUST0303,P009,3,15.0,UPI,Delivered,CMP002,1097,712.85,3291,493.65,2797.35,2138.55,658.7999999999997,23.550860635959022
ORD04834,2025-04-04,CUST0072,P010,4,0.0,UPI,Delivered,CMP003,3310,2109.97,13240,0.0,13240.0,8439.88,4800.120000000001,36.254682779456196
ORD04835,2025-08-30,CUST0263,P017,2,0.0,Debit Card,Delivered,CMP006,4817,3075.17,9634,0.0,9634.0,6150.34,3483.66,36.16005812746523
ORD04836,2025-08-25,CUST0834,P018,1,5.0,UPI,Delivered,CMP006,6660,5091.78,6660,333.0,6327.0,5091.78,1235.2200000000003,19.52299668089142
ORD04837,2025-02-23,CUST0222,P008,2,10.0,UPI,Delivered,CMP001,3129,1758.81,6258,625.8,5632.2,3517.62,2114.58,37.544476403536805
ORD04838,2025-05-18,CUST0077,P007,4,15.0,COD,Delivered,CMP005,5886,3178.13,23544,3531.6,20012.4,12712.52,7299.880000000001,36.47678439367592
ORD04839,2025-11-29,CUST0062,P009,2,15.0,,Delivered,CMP004,1097,712.85,2194,329.1,1864.9,1425.7,439.20000000000005,23.550860635959033
ORD04840,2025-09-29,CUST0471,P010,3,10.0,Debit Card,Cancelled,CMP006,3310,2109.97,9930,993.0,8937.0,6329.91,2607.09,29.17186975495133
ORD04841,2025-02-10,CUST0157,P012,1,0.0,Net Banking,Delivered,CMP001,5080,2793.69,5080,0.0,5080.0,2793.69,2286.31,45.00610236220473
ORD04842,2025-04-08,CUST0806,P015,2,15.0,Net Banking,Delivered,CMP005,5978,4066.66,11956,1793.4,10162.6,8133.32,2029.2800000000007,19.968118394898948
ORD04843,2025-07-02,CUST0125,P015,3,25.0,COD,Delivered,CMP006,5978,4066.66,17934,4483.5,13450.5,12199.98,1250.5200000000004,9.297200847552139
ORD04844,2025-05-08,CUST0741,P004,1,20.0,Credit Card,Delivered,CMP006,2776,1530.45,2776,555.2,2220.8,1530.45,690.3500000000001,31.08564481268012
ORD04845,2025-08-17,CUST0852,P004,1,20.0,COD,Delivered,CMP004,2776,1530.45,2776,555.2,2220.8,1530.45,690.3500000000001,31.08564481268012
ORD04846,2025-11-13,CUST0161,P023,1,5.0,Credit Card,Delivered,CMP002,5137,3830.78,5137,256.85,4880.15,3830.78,1049.3699999999994,21.502822659139564
ORD04847,2025-03-27,CUST0541,P001,1,15.0,Net Banking,Delivered,CMP004,6748,4695.17,6748,1012.2,5735.8,4695.17,1040.63,18.142717667980058
ORD04848,2025-09-13,CUST0626,P012,2,20.0,COD,Delivered,CMP002,5080,2793.69,10160,2032.0,8128.0,5587.38,2540.62,31.257627952755907
ORD04849,2025-07-28,CUST0591,P025,1,10.0,UPI,Delivered,CMP003,7392,5142.33,7392,739.2,6652.8,5142.33,1510.4700000000003,22.704274891774894
ORD04850,2025-08-03,CUST0535,P002,1,5.0,Credit Card,Delivered,CMP003,6053,3796.4,6053,302.65,5750.35,3796.4,1953.9500000000003,33.9796708026468
ORD04851,2025-04-10,CUST0106,P015,3,25.0,Credit Card,Delivered,CMP002,5978,4066.66,17934,4483.5,13450.5,12199.98,1250.5200000000004,9.297200847552139
ORD04852,2025-02-18,CUST0131,P017,1,10.0,Credit Card,Delivered,CMP002,4817,3075.17,4817,481.7,4335.3,3075.17,1260.13,29.066731252739142
ORD04853,2025-07-20,CUST0357,P007,1,0.0,Net Banking,Delivered,CMP001,5886,3178.13,5886,0.0,5886.0,3178.13,2707.87,46.005266734624534
ORD04854,2025-09-15,CUST0989,P006,4,0.0,Debit Card,Cancelled,CMP002,4933,3611.45,19732,0.0,19732.0,14445.8,5286.200000000001,26.78998580985202
ORD04855,2025-06-27,CUST0685,P012,2,10.0,UPI,Shipped,CMP003,5080,2793.69,10160,1016.0,9144.0,5587.38,3556.62,38.89566929133858
ORD04856,2025-09-02,CUST0776,P019,2,10.0,COD,Returned,CMP001,7745,4299.97,15490,1549.0,13941.0,8599.94,5341.0599999999995,38.31188580446165
ORD04857,2025-05-03,CUST0854,P001,2,0.0,Credit Card,Delivered,CMP005,6748,4695.17,13496,0.0,13496.0,9390.34,4105.66,30.421310017783043
ORD04858,2025-12-08,CUST0885,P021,2,15.0,Net Banking,Delivered,CMP003,5045,2967.68,10090,1513.5,8576.5,5935.36,2641.1400000000003,30.7950795779164
ORD04859,2025-06-20,CUST0797,P014,1,15.0,Credit Card,Delivered,CMP005,6801,4221.32,6801,1020.15,5780.85,4221.32,1559.5300000000007,26.977520606831185
ORD04860,2025-11-29,CUST0002,P004,2,15.0,COD,Delivered,CMP001,2776,1530.45,5552,832.8,4719.2,3060.9,1658.2999999999997,35.13943041193422
ORD04861,2025-05-16,CUST0233,P005,1,0.0,UPI,Cancelled,CMP005,1046,807.54,1046,0.0,1046.0,807.54,238.46000000000004,22.797323135755263
ORD04862,2025-02-28,CUST0369,P001,1,15.0,Credit Card,Delivered,CMP006,6748,4695.17,6748,1012.2,5735.8,4695.17,1040.63,18.142717667980058
ORD04863,2025-07-12,CUST0251,P001,1,0.0,Net Banking,Cancelled,CMP002,6748,4695.17,6748,0.0,6748.0,4695.17,2052.83,30.421310017783043
ORD04864,2025-09-25,CUST0946,P021,1,5.0,Net Banking,Delivered,CMP002,5045,2967.68,5045,252.25,4792.75,2967.68,1825.0700000000002,38.07980804339889
ORD04865,2025-09-17,CUST0833,P006,1,5.0,Debit Card,Delivered,CMP004,4933,3611.45,4933,246.65,4686.35,3611.45,1074.9000000000005,22.936827168265292
ORD04866,2025-04-05,CUST0108,P005,1,20.0,Net Banking,Delivered,CMP004,1046,807.54,1046,209.2,836.8,807.54,29.25999999999999,3.496653919694072
ORD04867,2025-05-05,CUST0276,P002,4,5.0,Debit Card,Delivered,CMP001,6053,3796.4,24212,1210.6,23001.4,15185.6,7815.800000000001,33.9796708026468
ORD04868,2025-02-10,CUST0180,P025,1,0.0,UPI,Delivered,CMP006,7392,5142.33,7392,0.0,7392.0,5142.33,2249.67,30.4338474025974
ORD04869,2025-09-11,CUST0725,P021,3,5.0,COD,Delivered,CMP003,5045,2967.68,15135,756.75,14378.25,8903.039999999999,5475.210000000001,38.07980804339889
ORD04870,2025-01-07,CUST0293,P005,1,10.0,Debit Card,Delivered,CMP005,1046,807.54,1046,104.6,941.4,807.54,133.86,14.219247928616955
ORD04871,2025-08-04,CUST0584,P009,2,20.0,Credit Card,Delivered,CMP002,1097,712.85,2194,438.8,1755.2,1425.7,329.5,18.77278942570647
ORD04872,2025-03-10,CUST0795,P019,2,20.0,Credit Card,Delivered,CMP002,7745,4299.97,15490,3098.0,12392.0,8599.94,3792.0599999999995,30.600871530019365
ORD04873,2025-03-10,CUST0175,P021,4,0.0,COD,Delivered,CMP001,5045,2967.68,20180,0.0,20180.0,11870.72,8309.28,41.17581764122894
ORD04874,2025-03-22,CUST0123,P015,4,0.0,Net Banking,Delivered,CMP002,5978,4066.66,23912,0.0,23912.0,16266.64,7645.360000000001,31.972900635664104
ORD04875,2025-01-30,CUST0227,P013,1,0.0,Credit Card,Delivered,CMP006,6435,4995.55,6435,0.0,6435.0,4995.55,1439.4499999999998,22.369075369075368
ORD04876,2025-03-14,CUST0902,P012,2,15.0,Debit Card,Delivered,CMP004,5080,2793.69,10160,1524.0,8636.0,5587.38,3048.62,35.301296896711435
ORD04877,2025-09-19,CUST0444,P005,2,0.0,COD,Delivered,CMP005,1046,807.54,2092,0.0,2092.0,1615.08,476.9200000000001,22.797323135755263
ORD04878,2025-03-30,CUST0813,P002,1,0.0,Credit Card,Cancelled,CMP006,6053,3796.4,6053,0.0,6053.0,3796.4,2256.6,37.280687262514455
ORD04879,2025-07-27,CUST0428,P004,4,10.0,Net Banking,Delivered,CMP001,2776,1530.45,11104,1110.4,9993.6,6121.8,3871.8,38.74279538904899
ORD04880,2025-08-01,CUST0083,P018,3,0.0,Net Banking,Delivered,CMP001,6660,5091.78,19980,0.0,19980.0,15275.34,4704.66,23.546846846846847
ORD04881,2025-11-18,CUST0765,P021,1,0.0,Credit Card,Delivered,CMP006,5045,2967.68,5045,0.0,5045.0,2967.68,2077.32,41.17581764122894
ORD04882,2025-09-23,CUST0658,P010,4,5.0,COD,Delivered,CMP004,3310,2109.97,13240,662.0,12578.0,8439.88,4138.120000000001,32.89966608363811
ORD04883,2025-10-20,CUST0632,P013,4,5.0,UPI,Delivered,CMP004,6435,4995.55,25740,1287.0,24453.0,19982.2,4470.799999999999,18.283237230605646
ORD04884,2025-07-26,CUST0065,P012,1,10.0,Credit Card,Delivered,CMP003,5080,2793.69,5080,508.0,4572.0,2793.69,1778.31,38.89566929133858
ORD04885,2025-11-29,CUST0281,P002,2,25.0,Net Banking,Delivered,CMP005,6053,3796.4,12106,3026.5,9079.5,7592.8,1486.6999999999998,16.374249683352605
ORD04886,2025-03-18,CUST0795,P015,1,0.0,UPI,Delivered,CMP003,5978,4066.66,5978,0.0,5978.0,4066.66,1911.3400000000001,31.972900635664104
ORD04887,2025-10-15,CUST0391,P014,4,5.0,COD,Delivered,CMP005,6801,4221.32,27204,1360.2,25843.8,16885.28,8958.52,34.66409738505948
ORD04888,2025-02-16,CUST0428,P025,4,20.0,Net Banking,Delivered,CMP006,7392,5142.33,29568,5913.6,23654.4,20569.32,3085.0800000000017,13.042309253246758
ORD04889,2025-04-20,CUST0618,P010,2,20.0,COD,Delivered,CMP004,3310,2109.97,6620,1324.0,5296.0,4219.94,1076.0600000000004,20.31835347432025
ORD04890,2025-07-19,CUST0925,P022,3,5.0,Credit Card,Shipped,CMP003,5915,3970.45,17745,887.25,16857.75,11911.349999999999,4946.4000000000015,29.34199403835032
ORD04891,2025-07-29,CUST0991,P008,1,15.0,COD,Returned,CMP002,3129,1758.81,3129,469.35,2659.65,1758.81,900.8400000000001,33.8706220743331
ORD04892,2025-06-03,CUST0812,P025,1,0.0,Net Banking,Delivered,CMP002,7392,5142.33,7392,0.0,7392.0,5142.33,2249.67,30.4338474025974
ORD04893,2025-01-10,CUST0107,P015,3,15.0,Credit Card,Delivered,CMP004,5978,4066.66,17934,2690.1,15243.9,12199.98,3043.92,19.968118394898944
ORD04894,2025-12-19,CUST0548,P013,3,25.0,Net Banking,Delivered,CMP001,6435,4995.55,19305,4826.25,14478.75,14986.650000000001,-507.90000000000146,-3.507899507899518
ORD04895,2025-06-06,CUST0659,P008,2,10.0,Net Banking,Delivered,CMP006,3129,1758.81,6258,625.8,5632.2,3517.62,2114.58,37.544476403536805
ORD04896,2025-09-18,CUST0262,P021,2,10.0,UPI,Delivered,CMP004,5045,2967.68,10090,1009.0,9081.0,5935.36,3145.6400000000003,34.639797379143275
ORD04897,2025-03-18,CUST0921,P021,1,0.0,Debit Card,Delivered,CMP006,5045,2967.68,5045,0.0,5045.0,2967.68,2077.32,41.17581764122894
ORD04898,2025-09-14,CUST0159,P022,1,10.0,COD,Delivered,CMP002,5915,3970.45,5915,591.5,5323.5,3970.45,1353.0500000000002,25.416549262703114
ORD04899,2025-05-11,CUST0265,P014,1,10.0,COD,Delivered,CMP006,6801,4221.32,6801,680.1,6120.9,4221.32,1899.58,31.034325017562775
ORD04900,2025-03-08,CUST0468,P001,1,10.0,UPI,Delivered,CMP004,6748,4695.17,6748,674.8,6073.2,4695.17,1378.0299999999997,22.69034446420338
ORD04901,2025-08-16,CUST0202,P013,4,0.0,COD,Delivered,CMP005,6435,4995.55,25740,0.0,25740.0,19982.2,5757.799999999999,22.369075369075368
ORD04902,2025-06-12,CUST0933,P008,1,10.0,UPI,Delivered,CMP001,3129,1758.81,3129,312.9,2816.1,1758.81,1057.29,37.544476403536805
ORD04903,2025-01-15,CUST0155,P018,2,10.0,COD,Delivered,CMP003,6660,5091.78,13320,1332.0,11988.0,10183.56,1804.4400000000005,15.052052052052057
ORD04904,2025-08-20,CUST0013,P022,2,0.0,COD,Delivered,CMP004,5915,3970.45,11830,0.0,11830.0,7940.9,3889.1000000000004,32.8748943364328
ORD04905,2025-07-14,CUST0297,P009,1,0.0,Net Banking,Shipped,CMP003,1097,712.85,1097,0.0,1097.0,712.85,384.15,35.018231540565175
ORD04906,2025-12-15,CUST0896,P013,1,5.0,UPI,Shipped,CMP002,6435,4995.55,6435,321.75,6113.25,4995.55,1117.6999999999998,18.283237230605646
ORD04907,2025-01-30,CUST0834,P003,1,15.0,COD,Delivered,CMP006,5857,3883.91,5857,878.55,4978.45,3883.91,1094.54,21.985557753919394
ORD04908,2025-12-25,CUST0498,P018,2,10.0,Debit Card,Cancelled,CMP001,6660,5091.78,13320,1332.0,11988.0,10183.56,1804.4400000000005,15.052052052052057
ORD04909,2025-12-04,CUST0597,P010,2,20.0,UPI,Delivered,CMP001,3310,2109.97,6620,1324.0,5296.0,4219.94,1076.0600000000004,20.31835347432025
ORD04910,2025-11-27,CUST0993,P005,1,5.0,UPI,Delivered,CMP002,1046,807.54,1046,52.3,993.7,807.54,186.16000000000008,18.734024353426594
ORD04911,2025-11-12,CUST0792,P025,1,20.0,UPI,Delivered,CMP006,7392,5142.33,7392,1478.4,5913.6,5142.33,771.2700000000004,13.042309253246758
ORD04912,2025-10-23,CUST0245,P006,2,15.0,Net Banking,Delivered,CMP004,4933,3611.45,9866,1479.9,8386.1,7222.9,1163.2000000000007,13.87057154100238
ORD04913,2025-11-26,CUST0300,P008,4,5.0,UPI,Delivered,CMP002,3129,1758.81,12516,625.8,11890.2,7035.24,4854.960000000001,40.831609224403294
ORD04914,2025-08-08,CUST0362,P024,3,0.0,Net Banking,Delivered,CMP003,972,537.49,2916,0.0,2916.0,1612.47,1303.53,44.702674897119344
ORD04915,2025-05-27,CUST0354,P007,4,5.0,Debit Card,Delivered,CMP005,5886,3178.13,23544,1177.2,22366.8,12712.52,9654.279999999999,43.16343866802582
ORD04916,2025-09-16,CUST0828,P021,1,25.0,Credit Card,Delivered,CMP001,5045,2967.68,5045,1261.25,3783.75,2967.68,816.0700000000002,21.567756854971922
ORD04917,2025-10-19,CUST0521,P018,2,5.0,Net Banking,Shipped,CMP001,6660,5091.78,13320,666.0,12654.0,10183.56,2470.4400000000005,19.52299668089142
ORD04918,2025-10-26,CUST0386,P014,3,5.0,COD,Delivered,CMP001,6801,4221.32,20403,1020.15,19382.85,12663.96,6718.889999999999,34.66409738505947
ORD04919,2025-05-23,CUST0759,P015,3,0.0,UPI,Returned,CMP003,5978,4066.66,17934,0.0,17934.0,12199.98,5734.02,31.972900635664104
ORD04920,2025-08-23,CUST0312,P010,2,15.0,Credit Card,Delivered,CMP004,3310,2109.97,6620,993.0,5627.0,4219.94,1407.0600000000004,25.005509152301407
ORD04921,2025-04-25,CUST0414,P021,3,5.0,Net Banking,Returned,CMP004,5045,2967.68,15135,756.75,14378.25,8903.039999999999,5475.210000000001,38.07980804339889
ORD04922,2025-12-31,CUST0278,P012,1,5.0,COD,Cancelled,CMP005,5080,2793.69,5080,254.0,4826.0,2793.69,2032.31,42.11168669705761
ORD04923,2025-03-31,CUST0750,P007,1,5.0,Credit Card,Delivered,CMP002,5886,3178.13,5886,294.3,5591.7,3178.13,2413.5699999999997,43.16343866802582
ORD04924,2025-07-27,CUST0715,P007,1,10.0,Debit Card,Delivered,CMP002,5886,3178.13,5886,588.6,5297.4,3178.13,2119.2699999999995,40.00585192736059
ORD04925,2025-06-13,CUST0759,P011,1,5.0,Net Banking,Delivered,CMP002,7881,6026.38,7881,394.05,7486.95,6026.38,1460.5699999999997,19.508210953726145
ORD04926,2025-03-25,CUST0747,P013,1,10.0,Net Banking,Shipped,CMP001,6435,4995.55,6435,643.5,5791.5,4995.55,795.9499999999998,13.743417076750408
ORD04927,2025-03-18,CUST0593,P015,1,15.0,Debit Card,Delivered,CMP002,5978,4066.66,5978,896.7,5081.3,4066.66,1014.6400000000003,19.968118394898948
ORD04928,2025-06-10,CUST0356,P018,2,15.0,Net Banking,Delivered,CMP004,6660,5091.78,13320,1998.0,11322.0,10183.56,1138.4400000000005,10.055113937466883
ORD04929,2025-01-05,CUST0525,P007,2,15.0,UPI,Delivered,CMP002,5886,3178.13,11772,1765.8,10006.2,6356.26,3649.9400000000005,36.47678439367592
ORD04930,2025-03-19,CUST0839,P006,2,0.0,Net Banking,Returned,CMP005,4933,3611.45,9866,0.0,9866.0,7222.9,2643.1000000000004,26.78998580985202
ORD04931,2025-04-01,CUST0016,P023,1,15.0,UPI,Delivered,CMP003,5137,3830.78,5137,770.55,4366.45,3830.78,535.6699999999996,12.267860619038341
ORD04932,2025-03-28,CUST0993,P011,4,0.0,Net Banking,Delivered,CMP002,7881,6026.38,31524,0.0,31524.0,24105.52,7418.48,23.53280040603984
ORD04933,2025-09-27,CUST0045,P008,3,0.0,COD,Delivered,CMP003,3129,1758.81,9387,0.0,9387.0,5276.43,4110.57,43.790028763183116
ORD04934,2025-04-14,CUST0321,P020,2,20.0,COD,Delivered,CMP004,7452,4168.44,14904,2980.8,11923.2,8336.88,3586.3200000000015,30.078502415458946
ORD04935,2025-12-05,CUST0651,P001,1,15.0,Credit Card,Delivered,CMP006,6748,4695.17,6748,1012.2,5735.8,4695.17,1040.63,18.142717667980058
ORD04936,2025-06-24,CUST0326,P008,2,10.0,COD,Delivered,CMP005,3129,1758.81,6258,625.8,5632.2,3517.62,2114.58,37.544476403536805
ORD04937,2025-02-23,CUST0148,P008,3,20.0,Debit Card,Delivered,CMP003,3129,1758.81,9387,1877.4,7509.6,5276.43,2233.17,29.737535953978906
ORD04938,2025-07-30,CUST0355,P019,1,25.0,Credit Card,Delivered,CMP004,7745,4299.97,7745,1936.25,5808.75,4299.97,1508.7799999999997,25.97426296535399
ORD04939,2025-04-05,CUST0236,P003,1,10.0,COD,Delivered,CMP002,5857,3883.91,5857,585.7,5271.3,3883.91,1387.3900000000003,26.319693434257207
ORD04940,2025-08-11,CUST0703,P005,4,10.0,UPI,Delivered,CMP004,1046,807.54,4184,418.4,3765.6,3230.16,535.44,14.219247928616955
ORD04941,2025-01-09,CUST0613,P003,2,15.0,Net Banking,Delivered,CMP006,5857,3883.91,11714,1757.1,9956.9,7767.82,2189.08,21.985557753919394
ORD04942,2025-02-22,CUST0105,P015,4,0.0,COD,Delivered,CMP004,5978,4066.66,23912,0.0,23912.0,16266.64,7645.360000000001,31.972900635664104
ORD04943,2025-03-18,CUST0474,P014,3,0.0,UPI,Delivered,CMP002,6801,4221.32,20403,0.0,20403.0,12663.96,7739.040000000001,37.930892515806505
ORD04944,2025-07-25,CUST0762,P021,1,15.0,Credit Card,Delivered,CMP004,5045,2967.68,5045,756.75,4288.25,2967.68,1320.5700000000002,30.7950795779164
ORD04945,2025-11-12,CUST0396,P015,1,5.0,Net Banking,Delivered,CMP006,5978,4066.66,5978,298.9,5679.1,4066.66,1612.4400000000005,28.392526984909587
ORD04946,2025-10-29,CUST0446,P024,4,0.0,COD,Delivered,CMP001,972,537.49,3888,0.0,3888.0,2149.96,1738.04,44.702674897119344
ORD04947,2025-11-06,CUST0606,P017,1,5.0,Credit Card,Delivered,CMP003,4817,3075.17,4817,240.85,4576.15,3075.17,1500.9799999999996,32.80006118680549
ORD04948,2025-11-26,CUST0220,P018,2,5.0,COD,Delivered,CMP002,6660,5091.78,13320,666.0,12654.0,10183.56,2470.4400000000005,19.52299668089142
ORD04949,2025-04-22,CUST0987,P002,2,25.0,Credit Card,Delivered,CMP002,6053,3796.4,12106,3026.5,9079.5,7592.8,1486.6999999999998,16.374249683352605
ORD04950,2025-12-17,CUST0810,P012,2,15.0,COD,Cancelled,CMP003,5080,2793.69,10160,1524.0,8636.0,5587.38,3048.62,35.301296896711435
ORD04951,2025-06-14,CUST0851,P016,2,10.0,UPI,Delivered,CMP003,7713,5310.71,15426,1542.6,13883.4,10621.42,3261.9799999999996,23.495541437976286
ORD04952,2025-10-06,CUST0965,P004,1,25.0,Debit Card,Delivered,CMP002,2776,1530.45,2776,694.0,2082.0,1530.45,551.55,26.491354466858784
ORD04953,2025-01-27,CUST0442,P025,4,20.0,UPI,Delivered,CMP003,7392,5142.33,29568,5913.6,23654.4,20569.32,3085.0800000000017,13.042309253246758
ORD04954,2025-03-11,CUST0645,P002,1,10.0,Net Banking,Delivered,CMP004,6053,3796.4,6053,605.3,5447.7,3796.4,1651.2999999999997,30.31187473612717
ORD04955,2025-08-06,CUST0873,P014,1,20.0,COD,Delivered,CMP001,6801,4221.32,6801,1360.2,5440.8,4221.32,1219.4800000000005,22.41361564475813
ORD04956,2025-12-31,CUST0667,P011,1,5.0,Debit Card,Returned,CMP006,7881,6026.38,7881,394.05,7486.95,6026.38,1460.5699999999997,19.508210953726145
ORD04957,2025-07-08,CUST0028,P013,3,0.0,Debit Card,Delivered,CMP002,6435,4995.55,19305,0.0,19305.0,14986.650000000001,4318.3499999999985,22.36907536907536
ORD04958,2025-11-29,CUST0794,P025,2,0.0,Net Banking,Delivered,CMP004,7392,5142.33,14784,0.0,14784.0,10284.66,4499.34,30.4338474025974
ORD04959,2025-11-02,CUST0475,P007,1,10.0,Net Banking,Delivered,CMP002,5886,3178.13,5886,588.6,5297.4,3178.13,2119.2699999999995,40.00585192736059
ORD04960,2025-05-04,CUST0628,P010,1,10.0,Debit Card,Delivered,CMP003,3310,2109.97,3310,331.0,2979.0,2109.97,869.0300000000002,29.171869754951334
ORD04961,2025-01-19,CUST0305,P024,2,10.0,Net Banking,Delivered,CMP003,972,537.49,1944,194.4,1749.6,1074.98,674.6199999999999,38.55852766346593
ORD04962,2025-09-14,CUST0746,P001,3,15.0,Net Banking,Cancelled,CMP004,6748,4695.17,20244,3036.6,17207.4,14085.51,3121.8900000000012,18.14271766798006
ORD04963,2025-10-23,CUST0405,P021,2,0.0,COD,Delivered,CMP005,5045,2967.68,10090,0.0,10090.0,5935.36,4154.64,41.17581764122894
ORD04964,2025-01-22,CUST0513,P025,3,0.0,UPI,Delivered,CMP005,7392,5142.33,22176,0.0,22176.0,15426.99,6749.01,30.4338474025974
ORD04965,2025-02-09,CUST0502,P004,2,10.0,Credit Card,Delivered,CMP003,2776,1530.45,5552,555.2,4996.8,3060.9,1935.9,38.74279538904899
ORD04966,2025-02-07,CUST0348,P018,1,0.0,Debit Card,Shipped,CMP001,6660,5091.78,6660,0.0,6660.0,5091.78,1568.2200000000003,23.54684684684685
ORD04967,2025-02-17,CUST0240,P006,4,10.0,Credit Card,Delivered,CMP003,4933,3611.45,19732,1973.2,17758.8,14445.8,3313.0,18.655539788724465
ORD04968,2025-07-02,CUST0570,P002,1,10.0,Debit Card,Delivered,CMP003,6053,3796.4,6053,605.3,5447.7,3796.4,1651.2999999999997,30.31187473612717
ORD04969,2025-03-16,CUST0847,P003,1,10.0,Debit Card,Delivered,CMP002,5857,3883.91,5857,585.7,5271.3,3883.91,1387.3900000000003,26.319693434257207
ORD04970,2025-07-28,CUST0695,P014,4,5.0,UPI,Delivered,CMP001,6801,4221.32,27204,1360.2,25843.8,16885.28,8958.52,34.66409738505948
ORD04971,2025-07-02,CUST0337,P008,3,10.0,Debit Card,Delivered,CMP002,3129,1758.81,9387,938.7,8448.3,5276.43,3171.869999999999,37.5444764035368
ORD04972,2025-04-17,CUST0026,P016,3,15.0,Debit Card,Shipped,CMP002,7713,5310.71,23139,3470.85,19668.15,15932.130000000001,3736.0200000000004,18.995279169621952
ORD04973,2025-07-07,CUST0980,P019,4,25.0,UPI,Delivered,CMP003,7745,4299.97,30980,7745.0,23235.0,17199.88,6035.119999999999,25.97426296535399
ORD04974,2025-09-21,CUST0409,P018,2,20.0,Net Banking,Delivered,CMP005,6660,5091.78,13320,2664.0,10656.0,10183.56,472.4400000000005,4.4335585585585635
ORD04975,2025-03-27,CUST0077,P006,1,10.0,Credit Card,Delivered,CMP003,4933,3611.45,4933,493.3,4439.7,3611.45,828.25,18.655539788724465
ORD04976,2025-11-20,CUST0929,P014,3,0.0,Debit Card,Delivered,CMP006,6801,4221.32,20403,0.0,20403.0,12663.96,7739.040000000001,37.930892515806505
ORD04977,2025-11-27,CUST0217,P003,2,15.0,UPI,Delivered,CMP002,5857,3883.91,11714,1757.1,9956.9,7767.82,2189.08,21.985557753919394
ORD04978,2025-05-17,CUST0328,P016,1,20.0,Debit Card,Cancelled,CMP002,7713,5310.71,7713,1542.6,6170.4,5310.71,859.6899999999996,13.932484117723318
ORD04979,2025-12-12,CUST0837,P001,4,0.0,UPI,Shipped,CMP004,6748,4695.17,26992,0.0,26992.0,18780.68,8211.32,30.421310017783043
ORD04980,2025-12-02,CUST0774,P012,1,5.0,Credit Card,Delivered,CMP006,5080,2793.69,5080,254.0,4826.0,2793.69,2032.31,42.11168669705761
ORD04981,2025-04-05,CUST0023,P014,3,0.0,COD,Shipped,CMP004,6801,4221.32,20403,0.0,20403.0,12663.96,7739.040000000001,37.930892515806505
ORD04982,2025-11-22,CUST0756,P019,1,15.0,Net Banking,Delivered,CMP004,7745,4299.97,7745,1161.75,6583.25,4299.97,2283.2799999999997,34.683173204724106
ORD04983,2025-09-02,CUST0670,P022,1,5.0,COD,Delivered,CMP005,5915,3970.45,5915,295.75,5619.25,3970.45,1648.8000000000002,29.341994038350315
ORD04984,2025-03-31,CUST0718,P019,2,0.0,UPI,Cancelled,CMP004,7745,4299.97,15490,0.0,15490.0,8599.94,6890.0599999999995,44.48069722401549
ORD04985,2025-02-28,CUST0310,P009,1,20.0,Debit Card,Delivered,CMP005,1097,712.85,1097,219.4,877.6,712.85,164.75,18.77278942570647
ORD04986,2025-01-28,CUST0599,P007,1,10.0,Net Banking,Cancelled,CMP006,5886,3178.13,5886,588.6,5297.4,3178.13,2119.2699999999995,40.00585192736059
ORD04987,2025-03-13,CUST0267,P014,1,5.0,Credit Card,Delivered,CMP001,6801,4221.32,6801,340.05,6460.95,4221.32,2239.63,34.66409738505948
ORD04988,2025-09-27,CUST0415,P005,3,5.0,Net Banking,Returned,CMP006,1046,807.54,3138,156.9,2981.1,2422.62,558.48,18.73402435342659
ORD04989,2025-01-24,CUST0646,P018,1,5.0,Debit Card,Cancelled,CMP002,6660,5091.78,6660,333.0,6327.0,5091.78,1235.2200000000003,19.52299668089142
ORD04990,2025-04-22,CUST0267,P009,2,10.0,COD,Delivered,CMP006,1097,712.85,2194,219.4,1974.6,1425.7,548.8999999999999,27.798035045072417
ORD04991,2025-10-27,CUST0333,P021,1,5.0,UPI,Shipped,CMP002,5045,2967.68,5045,252.25,4792.75,2967.68,1825.0700000000002,38.07980804339889
ORD04992,2025-02-25,CUST0780,P007,2,10.0,COD,Shipped,CMP003,5886,3178.13,11772,1177.2,10594.8,6356.26,4238.539999999999,40.00585192736059
ORD04993,2025-08-11,CUST0450,P009,2,15.0,Net Banking,Delivered,CMP006,1097,712.85,2194,329.1,1864.9,1425.7,439.20000000000005,23.550860635959033
ORD04994,2025-04-30,CUST0565,P004,1,10.0,Debit Card,Delivered,CMP001,2776,1530.45,2776,277.6,2498.4,1530.45,967.95,38.74279538904899
ORD04995,2025-06-28,CUST0611,P025,1,5.0,UPI,Cancelled,CMP005,7392,5142.33,7392,369.6,7022.4,5142.33,1880.0699999999997,26.772470950102527
ORD04996,2025-10-15,CUST0247,P017,1,10.0,Debit Card,Cancelled,CMP003,4817,3075.17,4817,481.7,4335.3,3075.17,1260.13,29.066731252739142
ORD04997,2025-10-08,CUST0036,P012,3,20.0,Debit Card,Delivered,CMP001,5080,2793.69,15240,3048.0,12192.0,8381.07,3810.9300000000003,31.257627952755907
ORD04998,2025-07-08,CUST0401,P006,2,0.0,Net Banking,Delivered,CMP006,4933,3611.45,9866,0.0,9866.0,7222.9,2643.1000000000004,26.78998580985202
ORD04999,2025-03-07,CUST0028,P018,1,0.0,COD,Shipped,CMP001,6660,5091.78,6660,0.0,6660.0,5091.78,1568.2200000000003,23.54684684684685
ORD05000,2025-10-25,CUST0220,P008,2,10.0,Debit Card,Delivered,CMP005,3129,1758.81,6258,625.8,5632.2,3517.62,2114.58,37.544476403536805
ORD02176,2025-01-08,CUST0967,P002,4,20.0,COD,Delivered,CMP002,6053,3796.4,24212,4842.4,19369.6,15185.6,4183.999999999998,21.60085907814306
ORD03157,2025-09-19,CUST0956,P008,1,0.0,Debit Card,Delivered,CMP006,3129,1758.81,3129,0.0,3129.0,1758.81,1370.19,43.79002876318312
ORD00338,2025-01-16,CUST0351,P025,4,10.0,Credit Card,Delivered,CMP002,7392,5142.33,29568,2956.8,26611.2,20569.32,6041.880000000001,22.704274891774894
ORD00445,2025-12-06,CUST0889,P009,1,15.0,Net Banking,Cancelled,CMP006,1097,712.85,1097,164.55,932.45,712.85,219.60000000000002,23.550860635959033
ORD02335,2025-02-20,CUST0228,P024,1,10.0,Credit Card,Delivered,CMP006,972,537.49,972,97.2,874.8,537.49,337.30999999999995,38.55852766346593
ORD02652,2025-04-24,CUST0351,P013,1,0.0,UPI,Delivered,CMP006,6435,4995.55,6435,0.0,6435.0,4995.55,1439.4499999999998,22.369075369075368
ORD00604,2025-09-29,CUST0133,P017,1,0.0,COD,Delivered,CMP003,4817,3075.17,4817,0.0,4817.0,3075.17,1741.83,36.16005812746523
ORD02867,2025-10-16,CUST0522,P010,1,0.0,Debit Card,Delivered,CMP006,3310,2109.97,3310,0.0,3310.0,2109.97,1200.0300000000002,36.254682779456196
ORD01931,2025-02-27,CUST0130,P023,2,10.0,UPI,Returned,CMP002,5137,3830.78,10274,1027.4,9246.6,7661.56,1585.04,17.141868362425107
ORD03726,2025-10-14,CUST0149,P019,4,20.0,COD,Delivered,CMP003,7745,4299.97,30980,6196.0,24784.0,17199.88,7584.119999999999,30.600871530019365
ORD03962,2025-04-20,CUST0695,P010,4,15.0,Credit Card,Delivered,CMP004,3310,2109.97,13240,1986.0,11254.0,8439.88,2814.120000000001,25.005509152301407
ORD02391,2025-02-11,CUST0875,P025,2,15.0,Debit Card,Delivered,CMP006,7392,5142.33,14784,2217.6,12566.4,10284.66,2281.74,18.157467532467532
