Session_ID,Session_Date,Customer_ID,Channel,Device,Product_View,Add_to_Cart,Checkout,Purchase
S00001,2025-12-12,CUST0918,Direct,Mobile,1,0,0,0
S00002,2025-08-16,CUST0695,Direct,Desktop,1,0,0,0
S00003,2025-07-14,CUST0302,Google Ads,Mobile,1,1,1,1
S00004,2025-09-03,CUST0297,Google Ads,Mobile,1,1,1,1
S00005,2025-03-30,CUST0491,Instagram,Desktop,1,1,1,0
S00006,2025-09-17,CUST0773,Organic,Mobile,1,1,0,0
S00007,2025-10-13,CUST0044,Direct,Mobile,1,0,0,0
S00008,2025-05-19,CUST0144,Organic,Mobile,1,0,0,0
S00009,2025-02-20,CUST0244,Instagram,Mobile,0,0,0,0
S00010,2025-05-27,CUST0419,Email,Desktop,1,1,0,0
S00011,2025-08-30,CUST0517,Email,Mobile,0,0,0,0
S00012,2025-11-30,CUST0062,Email,Mobile,1,1,0,0
S00013,2025-08-20,CUST0858,Email,Desktop,1,0,0,0
S00014,2025-01-27,CUST0538,Google Ads,Mobile,0,0,0,0
S00015,2025-12-10,CUST0317,Organic,Desktop,1,1,0,0
S00016,2025-07-27,CUST0435,Direct,Mobile,1,1,1,1
S00017,2025-05-18,CUST0837,Direct,Mobile,0,0,0,0
S00018,2025-06-04,CUST0696,Instagram,Desktop,0,0,0,0
S00019,2025-01-07,CUST0818,Google Ads,Desktop,0,0,0,0
S00020,2025-04-25,CUST0381,Instagram,Mobile,1,1,0,0
S00021,2025-04-02,CUST0036,Google Ads,Desktop,1,0,0,0
S00022,2025-12-12,CUST0920,Email,Desktop,1,1,1,1
S00023,2025-03-23,CUST0975,Instagram,Tablet,1,0,0,0
S00024,2025-01-13,CUST0542,Instagram,Desktop,1,1,0,0
S00025,2025-03-13,CUST0581,Google Ads,Desktop,1,1,1,1
S00026,2025-04-01,CUST0232,Direct,Mobile,1,1,1,0
S00027,2025-07-07,CUST0688,Instagram,Mobile,1,0,0,0
S00028,2025-04-15,CUST0790,Email,Mobile,1,0,0,0
S00029,2025-10-27,CUST0033,Instagram,Desktop,1,1,0,0
S00030,2025-03-25,CUST0581,Organic,Mobile,1,1,1,1
S00031,2025-01-28,CUST0352,Email,Mobile,1,0,0,0
S00032,2025-10-06,CUST0255,Google Ads,Desktop,0,0,0,0
S00033,2025-01-12,CUST0050,Google Ads,Mobile,0,0,0,0
S00034,2025-11-03,CUST0023,Email,Mobile,1,0,0,0
S00035,2025-12-30,CUST0254,Direct,Mobile,1,1,1,1
S00036,2025-05-30,CUST0394,Email,Mobile,0,0,0,0
S00037,2025-11-14,CUST0676,Direct,Desktop,1,0,0,0
S00038,2025-01-26,CUST0882,Instagram,Mobile,0,0,0,0
S00039,2025-08-02,CUST0273,Direct,Mobile,1,1,1,1
S00040,2025-11-10,CUST0693,Instagram,Mobile,0,0,0,0
S00041,2025-08-28,CUST0859,Organic,Desktop,1,0,0,0
S00042,2025-08-10,CUST0250,Organic,Mobile,1,0,0,0
S00043,2025-03-09,CUST0237,Email,Desktop,1,1,1,1
S00044,2025-09-19,CUST0904,Instagram,Desktop,1,0,0,0
S00045,2025-04-21,CUST0232,Instagram,Mobile,1,1,0,0
S00046,2025-05-10,CUST0428,Google Ads,Desktop,1,1,0,0
S00047,2025-06-08,CUST0957,Email,Desktop,1,0,0,0
S00048,2025-10-07,CUST0634,Google Ads,Desktop,1,0,0,0
S00049,2025-10-18,CUST0242,Email,Mobile,1,1,1,1
S00050,2025-10-30,CUST0134,Direct,Mobile,1,1,0,0
S00051,2025-01-31,CUST0071,Direct,Desktop,1,1,1,1
S00052,2025-03-30,CUST0858,Instagram,Desktop,1,0,0,0
S00053,2025-11-28,CUST0465,Direct,Mobile,0,0,0,0
S00054,2025-04-28,CUST0421,Instagram,Mobile,1,1,1,1
S00055,2025-05-10,CUST0310,Email,Desktop,0,0,0,0
S00056,2025-07-26,CUST0279,Direct,Desktop,1,1,0,0
S00057,2025-12-26,CUST0219,Google Ads,Mobile,1,1,1,1
S00058,2025-02-28,CUST0697,Direct,Mobile,1,0,0,0
S00059,2025-04-06,CUST0307,Direct,Tablet,1,0,0,0
S00060,2025-11-15,CUST1000,Direct,Desktop,0,0,0,0
S00061,2025-09-03,CUST0314,Instagram,Mobile,1,1,1,1
S00062,2025-05-25,CUST0403,Direct,Mobile,1,1,0,0
S00063,2025-11-06,CUST0923,Instagram,Mobile,1,1,1,1
S00064,2025-05-05,CUST0729,Google Ads,Desktop,1,1,0,0
S00065,2025-01-22,CUST0488,Email,Desktop,1,0,0,0
S00066,2025-12-19,CUST0793,Direct,Desktop,1,1,1,1
S00067,2025-10-12,CUST0405,Organic,Mobile,1,1,0,0
S00068,2025-07-26,CUST0379,Direct,Mobile,1,1,1,1
S00069,2025-09-15,CUST0281,Direct,Desktop,1,1,0,0
S00070,2025-10-25,CUST0637,Direct,Mobile,1,1,1,1
S00071,2025-02-21,CUST0691,Organic,Desktop,1,0,0,0
S00072,2025-02-07,CUST0327,Direct,Desktop,1,1,0,0
S00073,2025-06-02,CUST0035,Google Ads,Mobile,1,1,0,0
S00074,2025-11-29,CUST0070,Organic,Tablet,1,0,0,0
S00075,2025-08-04,CUST0360,Direct,Desktop,1,1,1,1
S00076,2025-08-11,CUST0690,Organic,Mobile,1,1,1,1
S00077,2025-05-23,CUST0911,Instagram,Mobile,1,1,1,0
S00078,2025-04-15,CUST0408,Organic,Desktop,1,1,1,1
S00079,2025-01-10,CUST0561,Instagram,Mobile,1,1,0,0
S00080,2025-08-30,CUST0580,Google Ads,Mobile,1,1,1,1
S00081,2025-04-24,CUST0519,Direct,Desktop,0,0,0,0
S00082,2025-08-21,CUST0606,Direct,Mobile,1,1,0,0
S00083,2025-03-10,CUST0384,Instagram,Tablet,1,0,0,0
S00084,2025-12-31,CUST0081,Instagram,Mobile,1,1,1,0
S00085,2025-02-13,CUST0438,Organic,Mobile,1,1,0,0
S00086,2025-06-18,CUST0250,Google Ads,Mobile,1,1,1,1
S00087,2025-07-30,CUST0038,Direct,Desktop,1,0,0,0
S00088,2025-10-03,CUST0862,Organic,Mobile,0,0,0,0
S00089,2025-04-17,CUST0045,Instagram,Desktop,1,1,1,1
S00090,2025-06-16,CUST0359,Direct,Mobile,0,0,0,0
S00091,2025-07-24,CUST0137,Google Ads,Desktop,1,0,0,0
S00092,2025-04-29,CUST0823,Instagram,Mobile,1,1,1,1
S00093,2025-04-19,CUST0979,Direct,Mobile,0,0,0,0
S00094,2025-08-27,CUST0820,Organic,Desktop,1,1,0,0
S00095,2025-01-08,CUST0461,Direct,Mobile,1,0,0,0
S00096,2025-02-12,CUST0367,Google Ads,Mobile,1,1,1,1
S00097,2025-10-24,CUST0305,Email,Desktop,1,0,0,0
S00098,2025-05-12,CUST0229,Google Ads,Mobile,1,0,0,0
S00099,2025-07-25,CUST0183,Instagram,Mobile,1,0,0,0
S00100,2025-10-07,CUST0467,Google Ads,Desktop,0,0,0,0
S00101,2025-08-27,CUST0838,Organic,Desktop,1,1,0,0
S00102,2025-10-04,CUST0204,Instagram,Mobile,1,0,0,0
S00103,2025-02-15,CUST0975,Google Ads,Mobile,1,1,1,1
S00104,2025-07-17,CUST0623,Instagram,Desktop,1,1,1,1
S00105,2025-05-01,CUST0899,Email,Desktop,1,1,1,1
S00106,2025-10-27,CUST0068,Google Ads,Mobile,1,0,0,0
S00107,2025-08-08,CUST0869,Instagram,Mobile,1,0,0,0
S00108,2025-12-22,CUST0550,Instagram,Mobile,1,0,0,0
S00109,2025-10-16,CUST0710,Direct,Mobile,1,0,0,0
S00110,2025-04-04,CUST0305,Organic,Desktop,1,1,1,1
S00111,2025-10-19,CUST0604,Email,Mobile,0,0,0,0
S00112,2025-06-02,CUST0776,Instagram,Mobile,1,1,1,1
S00113,2025-01-13,CUST0755,Instagram,Mobile,1,1,1,0
S00114,2025-07-26,CUST0628,Email,Mobile,1,0,0,0
S00115,2025-09-12,CUST0095,Direct,Tablet,1,1,1,0
S00116,2025-06-07,CUST0725,Email,Mobile,0,0,0,0
S00117,2025-09-27,CUST0246,Email,Mobile,1,0,0,0
S00118,2025-11-02,CUST0685,Google Ads,Desktop,1,1,0,0
S00119,2025-03-09,CUST0797,Google Ads,Desktop,1,0,0,0
S00120,2025-09-14,CUST0079,Google Ads,Desktop,0,0,0,0
S00121,2025-07-08,CUST0433,Organic,Mobile,1,1,1,0
S00122,2025-01-03,CUST0280,Google Ads,Mobile,1,1,1,1
S00123,2025-08-25,CUST0661,Instagram,Desktop,1,0,0,0
S00124,2025-05-12,CUST0369,Google Ads,Desktop,1,1,1,1
S00125,2025-06-20,CUST0279,Google Ads,Mobile,1,1,1,1
S00126,2025-09-27,CUST0351,Direct,Mobile,1,1,1,0
S00127,2025-03-30,CUST0226,Instagram,Desktop,0,0,0,0
S00128,2025-04-13,CUST0924,Email,Tablet,0,0,0,0
S00129,2025-05-05,CUST0928,Google Ads,Desktop,1,1,0,0
S00130,2025-03-08,CUST0406,Email,Desktop,0,0,0,0
S00131,2025-09-20,CUST0446,Instagram,Mobile,1,0,0,0
S00132,2025-01-08,CUST0323,Instagram,Tablet,1,1,1,1
S00133,2025-02-13,CUST0630,Google Ads,Desktop,1,1,1,0
S00134,2025-05-15,CUST0073,Direct,Mobile,1,0,0,0
S00135,2025-09-05,CUST0518,Email,Mobile,1,1,1,1
S00136,2025-10-31,CUST0321,Google Ads,Tablet,0,0,0,0
S00137,2025-11-14,CUST0022,Instagram,Tablet,1,0,0,0
S00138,2025-01-25,CUST0179,Email,Mobile,1,1,1,1
S00139,2025-07-15,CUST0708,Direct,Mobile,1,0,0,0
S00140,2025-07-11,CUST0109,Organic,Mobile,1,1,1,1
S00141,2025-05-02,CUST0372,Email,Desktop,1,1,0,0
S00142,2025-09-17,CUST0697,Organic,Mobile,0,0,0,0
S00143,2025-02-16,CUST0456,Direct,Desktop,1,1,1,0
S00144,2025-07-28,CUST0567,Google Ads,Mobile,0,0,0,0
S00145,2025-10-28,CUST0229,Organic,Mobile,1,0,0,0
S00146,2025-03-30,CUST0938,Organic,Mobile,1,0,0,0
S00147,2025-01-03,CUST0948,Email,Desktop,1,1,0,0
S00148,2025-05-25,CUST0957,Google Ads,Mobile,1,1,1,1
S00149,2025-01-22,CUST0531,Google Ads,Mobile,1,1,1,1
S00150,2025-02-08,CUST0364,Google Ads,Mobile,0,0,0,0
S00151,2025-10-22,CUST0897,Google Ads,Desktop,1,1,1,1
S00152,2025-04-17,CUST0425,Direct,Desktop,1,0,0,0
S00153,2025-04-10,CUST0959,Direct,Mobile,1,1,1,1
S00154,2025-09-29,CUST0216,Instagram,Mobile,1,1,0,0
S00155,2025-08-17,CUST0048,Google Ads,Desktop,1,1,1,0
S00156,2025-10-12,CUST0465,Instagram,Mobile,0,0,0,0
S00157,2025-07-25,CUST0672,Instagram,Desktop,1,0,0,0
S00158,2025-03-12,CUST0946,Email,Mobile,1,1,0,0
S00159,2025-06-18,CUST0910,Instagram,Desktop,1,1,1,1
S00160,2025-07-04,CUST0273,Instagram,Mobile,1,1,0,0
S00161,2025-11-29,CUST0608,Direct,Desktop,1,1,0,0
S00162,2025-07-27,CUST0993,Organic,Desktop,1,0,0,0
S00163,2025-12-21,CUST0030,Direct,Mobile,0,0,0,0
S00164,2025-09-28,CUST0633,Organic,Desktop,1,1,0,0
S00165,2025-12-12,CUST0879,Instagram,Tablet,1,1,1,1
S00166,2025-05-15,CUST0947,Instagram,Desktop,1,1,1,1
S00167,2025-05-26,CUST0866,Direct,Mobile,1,1,1,1
S00168,2025-12-11,CUST0988,Direct,Mobile,1,1,0,0
S00169,2025-05-29,CUST0190,Email,Mobile,1,1,1,1
S00170,2025-04-26,CUST0152,Instagram,Mobile,1,1,0,0
S00171,2025-07-06,CUST0376,Google Ads,Mobile,0,0,0,0
S00172,2025-01-20,CUST0255,Google Ads,Mobile,1,0,0,0
S00173,2025-12-04,CUST0703,Direct,Mobile,1,1,0,0
S00174,2025-09-01,CUST0654,Direct,Mobile,1,1,0,0
S00175,2025-03-08,CUST0758,Direct,Mobile,1,0,0,0
S00176,2025-03-03,CUST0034,Google Ads,Mobile,0,0,0,0
S00177,2025-10-01,CUST0187,Instagram,Desktop,1,1,1,1
S00178,2025-12-13,CUST0879,Instagram,Desktop,1,0,0,0
S00179,2025-04-20,CUST0449,Google Ads,Mobile,1,0,0,0
S00180,2025-02-25,CUST0086,Instagram,Mobile,0,0,0,0
S00181,2025-03-26,CUST0673,Organic,Mobile,1,1,1,1
S00182,2025-09-21,CUST0876,Google Ads,Mobile,1,0,0,0
S00183,2025-04-17,CUST0118,Google Ads,Desktop,1,1,0,0
S00184,2025-01-12,CUST0623,Google Ads,Desktop,1,1,1,0
S00185,2025-06-25,CUST0058,Organic,Mobile,1,1,1,0
S00186,2025-12-25,CUST0018,Google Ads,Desktop,1,1,1,1
S00187,2025-11-15,CUST0879,Email,Desktop,1,0,0,0
S00188,2025-01-27,CUST0871,Direct,Mobile,0,0,0,0
S00189,2025-10-18,CUST0140,Organic,Mobile,1,1,1,1
S00190,2025-05-10,CUST0458,Email,Mobile,1,1,0,0
S00191,2025-08-15,CUST0706,Organic,Mobile,1,1,0,0
S00192,2025-05-16,CUST0642,Organic,Mobile,1,1,1,1
S00193,2025-01-20,CUST0966,Organic,Mobile,0,0,0,0
S00194,2025-09-21,CUST0212,Instagram,Mobile,1,1,1,1
S00195,2025-11-20,CUST0486,Direct,Mobile,1,0,0,0
S00196,2025-06-08,CUST0796,Direct,Desktop,0,0,0,0
S00197,2025-06-09,CUST0120,Instagram,Mobile,1,0,0,0
S00198,2025-12-08,CUST0891,Instagram,Mobile,1,0,0,0
S00199,2025-01-26,CUST0554,Organic,Mobile,1,1,0,0
S00200,2025-03-22,CUST0003,Instagram,Mobile,0,0,0,0
S00201,2025-01-18,CUST0944,Instagram,Mobile,1,1,1,1
S00202,2025-03-10,CUST0229,Organic,Mobile,0,0,0,0
S00203,2025-05-10,CUST0229,Organic,Mobile,1,1,0,0
S00204,2025-05-15,CUST0985,Email,Mobile,1,1,1,1
S00205,2025-10-30,CUST0343,Organic,Desktop,1,1,1,1
S00206,2025-08-06,CUST0141,Google Ads,Desktop,1,0,0,0
S00207,2025-11-06,CUST0057,Organic,Desktop,1,0,0,0
S00208,2025-01-15,CUST0216,Direct,Desktop,1,1,0,0
S00209,2025-07-05,CUST0643,Instagram,Desktop,1,0,0,0
S00210,2025-07-14,CUST0114,Organic,Mobile,1,1,1,0
S00211,2025-07-10,CUST0703,Google Ads,Mobile,1,0,0,0
S00212,2025-08-22,CUST0755,Direct,Mobile,1,1,1,1
S00213,2025-03-07,CUST0294,Direct,Mobile,1,0,0,0
S00214,2025-03-22,CUST0827,Google Ads,Desktop,1,1,1,1
S00215,2025-02-05,CUST0028,Organic,Mobile,1,0,0,0
S00216,2025-08-23,CUST0538,Organic,Mobile,0,0,0,0
S00217,2025-01-17,CUST0596,Direct,Desktop,1,1,1,1
S00218,2025-01-02,CUST0859,Email,Desktop,0,0,0,0
S00219,2025-02-02,CUST0321,Google Ads,Mobile,1,0,0,0
S00220,2025-12-15,CUST0842,Instagram,Mobile,1,1,1,1
S00221,2025-05-14,CUST0714,Email,Tablet,0,0,0,0
S00222,2025-12-22,CUST0573,Google Ads,Mobile,1,0,0,0
S00223,2025-12-10,CUST0697,Instagram,Mobile,0,0,0,0
S00224,2025-09-24,CUST0758,Instagram,Desktop,1,0,0,0
S00225,2025-01-05,CUST0513,Organic,Mobile,1,0,0,0
S00226,2025-10-13,CUST0928,Google Ads,Tablet,1,0,0,0
S00227,2025-12-13,CUST0755,Direct,Desktop,0,0,0,0
S00228,2025-04-01,CUST0032,Email,Mobile,1,0,0,0
S00229,2025-06-01,CUST0747,Email,Mobile,1,1,1,1
S00230,2025-04-28,CUST0411,Direct,Mobile,1,0,0,0
S00231,2025-03-02,CUST0397,Instagram,Desktop,0,0,0,0
S00232,2025-12-24,CUST0017,Organic,Mobile,1,0,0,0
S00233,2025-01-26,CUST0924,Organic,Mobile,1,0,0,0
S00234,2025-04-19,CUST0601,Direct,Desktop,1,0,0,0
S00235,2025-10-22,CUST0052,Google Ads,Desktop,1,1,0,0
S00236,2025-07-29,CUST0370,Direct,Mobile,1,1,1,0
S00237,2025-09-16,CUST0164,Google Ads,Tablet,0,0,0,0
S00238,2025-10-21,CUST0303,Instagram,Desktop,0,0,0,0
S00239,2025-02-11,CUST0450,Organic,Desktop,1,1,1,1
S00240,2025-10-31,CUST0928,Direct,Mobile,1,1,0,0
S00241,2025-01-13,CUST0544,Organic,Mobile,0,0,0,0
S00242,2025-03-30,CUST0710,Direct,Mobile,0,0,0,0
S00243,2025-03-29,CUST0502,Organic,Mobile,1,1,0,0
S00244,2025-11-08,CUST0351,Organic,Desktop,1,1,1,1
S00245,2025-07-06,CUST0379,Organic,Mobile,1,0,0,0
S00246,2025-03-04,CUST0439,Direct,Mobile,0,0,0,0
S00247,2025-12-02,CUST0201,Organic,Mobile,0,0,0,0
S00248,2025-02-12,CUST0107,Instagram,Mobile,1,0,0,0
S00249,2025-08-21,CUST0505,Instagram,Mobile,0,0,0,0
S00250,2025-08-22,CUST0384,Organic,Mobile,1,1,1,1
S00251,2025-03-16,CUST0848,Google Ads,Mobile,1,1,1,0
S00252,2025-09-10,CUST0857,Direct,Mobile,1,1,0,0
S00253,2025-11-09,CUST0296,Direct,Desktop,1,0,0,0
S00254,2025-05-29,CUST0028,Organic,Desktop,1,1,1,1
S00255,2025-07-01,CUST0337,Direct,Mobile,0,0,0,0
S00256,2025-07-26,CUST0287,Google Ads,Mobile,1,1,0,0
S00257,2025-06-30,CUST0631,Instagram,Mobile,1,1,0,0
S00258,2025-06-22,CUST0343,Google Ads,Desktop,0,0,0,0
S00259,2025-08-29,CUST0031,Organic,Desktop,0,0,0,0
S00260,2025-06-13,CUST0666,Direct,Mobile,1,0,0,0
S00261,2025-03-04,CUST0772,Google Ads,Desktop,1,0,0,0
S00262,2025-08-23,CUST0487,Organic,Desktop,1,0,0,0
S00263,2025-05-05,CUST0619,Google Ads,Mobile,1,1,1,1
S00264,2025-09-14,CUST0251,Google Ads,Mobile,0,0,0,0
S00265,2025-04-02,CUST0363,Google Ads,Desktop,1,1,0,0
S00266,2025-08-13,CUST0107,Instagram,Mobile,0,0,0,0
S00267,2025-07-14,CUST0506,Google Ads,Mobile,1,1,0,0
S00268,2025-07-26,CUST0442,Google Ads,Desktop,1,1,1,1
S00269,2025-10-15,CUST0117,Email,Desktop,0,0,0,0
S00270,2025-08-03,CUST0245,Direct,Tablet,1,0,0,0
S00271,2025-07-05,CUST0079,Organic,Mobile,1,1,1,1
S00272,2025-05-06,CUST0741,Google Ads,Desktop,1,1,0,0
S00273,2025-10-09,CUST0486,Email,Desktop,1,1,0,0
S00274,2025-09-12,CUST0023,Organic,Desktop,1,1,1,1
S00275,2025-03-02,CUST0197,Direct,Desktop,1,0,0,0
S00276,2025-07-20,CUST0361,Instagram,Mobile,1,0,0,0
S00277,2025-03-10,CUST0700,Direct,Desktop,1,1,1,1
S00278,2025-10-12,CUST0427,Email,Mobile,0,0,0,0
S00279,2025-03-04,CUST0217,Google Ads,Mobile,1,1,1,1
S00280,2025-05-14,CUST0990,Direct,Desktop,1,1,1,1
S00281,2025-08-27,CUST0759,Direct,Tablet,0,0,0,0
S00282,2025-09-09,CUST0666,Direct,Mobile,1,1,1,0
S00283,2025-12-27,CUST0707,Email,Desktop,0,0,0,0
S00284,2025-07-06,CUST0628,Instagram,Mobile,1,1,1,0
S00285,2025-01-21,CUST0196,Direct,Mobile,1,1,1,0
S00286,2025-12-09,CUST0567,Email,Mobile,1,0,0,0
S00287,2025-10-18,CUST0687,Instagram,Tablet,0,0,0,0
S00288,2025-11-04,CUST0978,Direct,Mobile,1,0,0,0
S00289,2025-02-15,CUST0443,Email,Mobile,1,1,1,1
S00290,2025-07-13,CUST0997,Google Ads,Mobile,0,0,0,0
S00291,2025-02-26,CUST0459,Google Ads,Mobile,1,1,1,0
S00292,2025-02-11,CUST0459,Direct,Mobile,0,0,0,0
S00293,2025-11-29,CUST0484,Instagram,Desktop,1,0,0,0
S00294,2025-08-23,CUST0144,Organic,Mobile,0,0,0,0
S00295,2025-12-20,CUST0314,Google Ads,Mobile,1,0,0,0
S00296,2025-01-16,CUST0875,Direct,Mobile,1,1,1,1
S00297,2025-05-13,CUST0729,Google Ads,Mobile,1,0,0,0
S00298,2025-01-01,CUST0257,Email,Desktop,1,1,0,0
S00299,2025-08-20,CUST0639,Organic,Desktop,1,1,1,0
S00300,2025-05-30,CUST0474,Email,Mobile,1,1,0,0
S00301,2025-10-31,CUST0685,Organic,Desktop,1,1,1,0
S00302,2025-05-02,CUST0606,Google Ads,Mobile,1,1,1,1
S00303,2025-10-09,CUST0499,Google Ads,Desktop,1,1,0,0
S00304,2025-10-17,CUST0902,Direct,Desktop,1,0,0,0
S00305,2025-11-10,CUST0219,Organic,Mobile,1,0,0,0
S00306,2025-08-01,CUST0564,Organic,Desktop,1,0,0,0
S00307,2025-10-08,CUST0531,Organic,Desktop,1,1,1,0
S00308,2025-05-20,CUST0358,Organic,Mobile,0,0,0,0
S00309,2025-06-08,CUST0237,Instagram,Mobile,1,0,0,0
S00310,2025-01-27,CUST0683,Direct,Mobile,1,0,0,0
S00311,2025-12-08,CUST0275,Instagram,Mobile,0,0,0,0
S00312,2025-06-11,CUST0807,Direct,Desktop,1,0,0,0
S00313,2025-04-28,CUST0876,Instagram,Mobile,1,1,1,1
S00314,2025-12-03,CUST0672,Direct,Desktop,1,1,0,0
S00315,2025-03-16,CUST0752,Organic,Mobile,1,1,1,1
S00316,2025-04-03,CUST0577,Direct,Mobile,1,0,0,0
S00317,2025-02-03,CUST0217,Email,Desktop,0,0,0,0
S00318,2025-04-25,CUST0559,Instagram,Mobile,1,0,0,0
S00319,2025-04-23,CUST0397,Google Ads,Mobile,1,0,0,0
S00320,2025-03-01,CUST0074,Direct,Mobile,1,1,1,1
S00321,2025-10-09,CUST0978,Google Ads,Mobile,1,1,0,0
S00322,2025-08-25,CUST0676,Instagram,Desktop,1,1,1,1
S00323,2025-05-06,CUST0982,Google Ads,Mobile,1,0,0,0
S00324,2025-02-14,CUST0710,Direct,Desktop,1,1,1,0
S00325,2025-10-15,CUST0923,Direct,Desktop,0,0,0,0
S00326,2025-08-17,CUST0328,Google Ads,Mobile,1,1,1,0
S00327,2025-07-16,CUST0408,Organic,Mobile,1,1,1,1
S00328,2025-07-31,CUST0148,Email,Mobile,0,0,0,0
S00329,2025-03-12,CUST0086,Direct,Desktop,1,1,1,1
S00330,2025-08-23,CUST0521,Google Ads,Desktop,1,1,1,1
S00331,2025-10-06,CUST0503,Instagram,Mobile,1,1,1,1
S00332,2025-06-16,CUST0765,Google Ads,Mobile,1,1,1,1
S00333,2025-07-14,CUST0232,Organic,Mobile,1,1,1,1
S00334,2025-06-22,CUST0888,Direct,Mobile,1,1,1,1
S00335,2025-07-14,CUST0498,Direct,Mobile,1,1,1,1
S00336,2025-03-04,CUST0423,Organic,Desktop,1,1,1,1
S00337,2025-03-11,CUST0467,Direct,Mobile,1,1,1,1
S00338,2025-08-11,CUST0247,Direct,Mobile,1,0,0,0
S00339,2025-11-06,CUST0370,Instagram,Desktop,1,0,0,0
S00340,2025-10-10,CUST0513,Google Ads,Desktop,1,0,0,0
S00341,2025-12-15,CUST0779,Organic,Mobile,1,1,0,0
S00342,2025-03-20,CUST0105,Organic,Desktop,1,1,1,0
S00343,2025-02-05,CUST0234,Google Ads,Mobile,0,0,0,0
S00344,2025-07-14,CUST0458,Organic,Tablet,1,0,0,0
S00345,2025-08-05,CUST0257,Direct,Desktop,1,1,0,0
S00346,2025-10-15,CUST0475,Direct,Desktop,1,1,1,0
S00347,2025-05-29,CUST0593,Organic,Mobile,1,0,0,0
S00348,2025-09-30,CUST0635,Organic,Mobile,1,0,0,0
S00349,2025-07-20,CUST0172,Instagram,Mobile,1,1,1,1
S00350,2025-06-03,CUST0819,Direct,Desktop,1,1,1,1
S00351,2025-01-22,CUST0273,Email,Mobile,1,1,1,1
S00352,2025-10-24,CUST0871,Email,Desktop,1,1,0,0
S00353,2025-11-11,CUST0759,Email,Mobile,1,1,1,1
S00354,2025-08-03,CUST0875,Organic,Desktop,1,1,1,0
S00355,2025-11-27,CUST0888,Instagram,Desktop,1,1,1,1
S00356,2025-05-02,CUST0194,Instagram,Mobile,1,1,1,1
S00357,2025-09-23,CUST0112,Google Ads,Desktop,1,1,1,1
S00358,2025-12-09,CUST0023,Google Ads,Mobile,1,1,0,0
S00359,2025-09-18,CUST0937,Organic,Mobile,1,1,1,1
S00360,2025-02-24,CUST0894,Instagram,Mobile,1,1,1,1
S00361,2025-10-09,CUST0315,Email,Mobile,0,0,0,0
S00362,2025-09-17,CUST0202,Instagram,Mobile,1,0,0,0
S00363,2025-12-29,CUST0501,Organic,Mobile,1,0,0,0
S00364,2025-10-10,CUST0618,Organic,Mobile,1,1,1,1
S00365,2025-08-18,CUST0606,Organic,Tablet,1,0,0,0
S00366,2025-05-06,CUST0995,Google Ads,Mobile,1,1,0,0
S00367,2025-09-16,CUST0025,Organic,Mobile,1,1,1,1
S00368,2025-02-19,CUST0657,Direct,Desktop,0,0,0,0
S00369,2025-08-12,CUST0508,Organic,Desktop,1,1,1,1
S00370,2025-10-09,CUST0366,Google Ads,Mobile,1,0,0,0
S00371,2025-05-26,CUST0531,Direct,Mobile,1,0,0,0
S00372,2025-02-14,CUST0722,Organic,Mobile,1,1,1,0
S00373,2025-09-19,CUST0594,Instagram,Desktop,1,0,0,0
S00374,2025-08-22,CUST0046,Instagram,Mobile,1,0,0,0
S00375,2025-02-22,CUST0035,Instagram,Mobile,1,1,0,0
S00376,2025-08-23,CUST0202,Google Ads,Mobile,1,0,0,0
S00377,2025-07-15,CUST0535,Instagram,Mobile,1,1,1,0
S00378,2025-01-04,CUST0365,Organic,Mobile,1,0,0,0
S00379,2025-03-01,CUST0470,Direct,Desktop,1,0,0,0
S00380,2025-06-22,CUST0300,Email,Mobile,1,1,1,1
S00381,2025-03-13,CUST0777,Organic,Desktop,0,0,0,0
S00382,2025-03-16,CUST0416,Google Ads,Desktop,1,0,0,0
S00383,2025-11-18,CUST0346,Organic,Mobile,0,0,0,0
S00384,2025-01-22,CUST0349,Organic,Mobile,1,0,0,0
S00385,2025-07-28,CUST0699,Organic,Desktop,1,1,1,0
S00386,2025-02-20,CUST0810,Email,Desktop,1,0,0,0
S00387,2025-05-25,CUST0190,Instagram,Mobile,1,1,1,1
S00388,2025-12-15,CUST0403,Direct,Mobile,0,0,0,0
S00389,2025-11-01,CUST0752,Instagram,Desktop,1,1,1,1
S00390,2025-09-29,CUST0349,Email,Mobile,1,1,0,0
S00391,2025-02-13,CUST0373,Organic,Mobile,1,0,0,0
S00392,2025-04-17,CUST0639,Google Ads,Desktop,1,0,0,0
S00393,2025-05-30,CUST0505,Instagram,Desktop,1,1,0,0
S00394,2025-04-04,CUST0291,Instagram,Desktop,0,0,0,0
S00395,2025-09-21,CUST0972,Direct,Desktop,1,0,0,0
S00396,2025-04-20,CUST0904,Organic,Mobile,1,1,1,1
S00397,2025-01-18,CUST0985,Direct,Mobile,1,0,0,0
S00398,2025-08-26,CUST0987,Email,Mobile,1,1,1,1
S00399,2025-12-02,CUST0111,Instagram,Desktop,1,1,1,1
S00400,2025-08-27,CUST0555,Direct,Mobile,0,0,0,0
S00401,2025-07-31,CUST0503,Organic,Desktop,1,1,1,0
S00402,2025-08-19,CUST0301,Instagram,Mobile,1,1,1,1
S00403,2025-11-24,CUST0646,Direct,Desktop,1,1,1,0
S00404,2025-12-16,CUST0013,Direct,Desktop,1,0,0,0
S00405,2025-10-21,CUST0523,Instagram,Desktop,1,0,0,0
S00406,2025-03-22,CUST0102,Email,Mobile,1,1,0,0
S00407,2025-09-12,CUST0966,Instagram,Desktop,1,1,1,1
S00408,2025-08-20,CUST0197,Email,Desktop,1,0,0,0
S00409,2025-12-29,CUST0391,Organic,Mobile,0,0,0,0
S00410,2025-07-28,CUST0055,Instagram,Tablet,1,0,0,0
S00411,2025-10-25,CUST0183,Organic,Mobile,0,0,0,0
S00412,2025-01-21,CUST0019,Google Ads,Desktop,1,1,0,0
S00413,2025-08-26,CUST0363,Email,Desktop,1,1,1,1
S00414,2025-09-18,CUST0774,Instagram,Desktop,1,1,1,1
S00415,2025-09-30,CUST0473,Google Ads,Mobile,0,0,0,0
S00416,2025-10-07,CUST0009,Google Ads,Mobile,1,1,1,0
S00417,2025-05-30,CUST0660,Instagram,Mobile,1,1,0,0
S00418,2025-11-11,CUST0025,Google Ads,Desktop,0,0,0,0
S00419,2025-06-01,CUST0306,Organic,Mobile,1,1,1,0
S00420,2025-10-09,CUST0584,Google Ads,Mobile,1,1,1,0
S00421,2025-03-02,CUST0434,Google Ads,Desktop,1,1,1,1
S00422,2025-05-16,CUST0997,Organic,Mobile,1,1,1,0
S00423,2025-01-12,CUST0422,Google Ads,Desktop,1,1,1,1
S00424,2025-01-14,CUST0834,Email,Mobile,1,1,1,0
S00425,2025-01-30,CUST0057,Google Ads,Mobile,1,0,0,0
S00426,2025-12-21,CUST0534,Google Ads,Desktop,1,0,0,0
S00427,2025-11-14,CUST0824,Google Ads,Desktop,1,0,0,0
S00428,2025-10-14,CUST0548,Email,Mobile,1,1,1,1
S00429,2025-08-08,CUST0179,Google Ads,Mobile,0,0,0,0
S00430,2025-08-26,CUST0068,Instagram,Tablet,1,1,1,1
S00431,2025-01-27,CUST0496,Direct,Mobile,1,1,1,0
S00432,2025-09-14,CUST0001,Organic,Mobile,1,1,0,0
S00433,2025-10-24,CUST0048,Instagram,Mobile,1,1,0,0
S00434,2025-05-22,CUST0417,Google Ads,Desktop,1,1,1,1
S00435,2025-09-07,CUST0664,Direct,Mobile,1,1,1,0
S00436,2025-03-15,CUST0945,Organic,Mobile,0,0,0,0
S00437,2025-10-25,CUST0197,Organic,Desktop,0,0,0,0
S00438,2025-07-18,CUST0570,Instagram,Mobile,1,1,1,1
S00439,2025-10-23,CUST0048,Instagram,Mobile,1,1,1,1
S00440,2025-01-14,CUST0953,Direct,Tablet,1,1,1,1
S00441,2025-04-10,CUST0960,Direct,Mobile,1,0,0,0
S00442,2025-04-01,CUST0355,Organic,Desktop,1,1,1,0
S00443,2025-07-10,CUST0234,Organic,Mobile,1,1,0,0
S00444,2025-12-28,CUST0437,Direct,Desktop,0,0,0,0
S00445,2025-11-01,CUST0700,Organic,Mobile,1,1,0,0
S00446,2025-04-16,CUST0894,Instagram,Desktop,1,0,0,0
S00447,2025-01-07,CUST0626,Instagram,Mobile,1,1,1,1
S00448,2025-03-22,CUST0090,Instagram,Mobile,1,1,1,1
S00449,2025-09-10,CUST0369,Instagram,Mobile,1,0,0,0
S00450,2025-05-20,CUST0939,Instagram,Mobile,1,0,0,0
S00451,2025-12-23,CUST0169,Google Ads,Mobile,1,1,1,1
S00452,2025-11-07,CUST0363,Google Ads,Mobile,1,1,1,0
S00453,2025-01-07,CUST0922,Google Ads,Desktop,1,1,0,0
S00454,2025-06-01,CUST0955,Direct,Desktop,0,0,0,0
S00455,2025-10-17,CUST0873,Direct,Mobile,0,0,0,0
S00456,2025-05-06,CUST0177,Organic,Mobile,1,1,1,1
S00457,2025-10-12,CUST0500,Google Ads,Mobile,0,0,0,0
S00458,2025-10-09,CUST0704,Email,Mobile,1,1,1,1
S00459,2025-03-15,CUST0133,Direct,Mobile,1,1,1,1
S00460,2025-02-14,CUST0172,Instagram,Mobile,1,0,0,0
S00461,2025-01-17,CUST0530,Google Ads,Mobile,1,1,0,0
S00462,2025-08-21,CUST0763,Google Ads,Tablet,1,1,1,0
S00463,2025-06-13,CUST0441,Email,Mobile,1,1,1,0
S00464,2025-03-04,CUST0985,Instagram,Mobile,1,1,0,0
S00465,2025-04-03,CUST0112,Instagram,Desktop,1,0,0,0
S00466,2025-11-18,CUST0040,Email,Mobile,1,0,0,0
S00467,2025-04-02,CUST0102,Instagram,Desktop,1,1,1,1
S00468,2025-02-11,CUST0369,Organic,Mobile,1,1,0,0
S00469,2025-08-29,CUST0174,Direct,Mobile,0,0,0,0
S00470,2025-11-23,CUST0826,Organic,Desktop,1,1,1,1
S00471,2025-09-12,CUST0341,Organic,Mobile,1,1,1,1
S00472,2025-11-27,CUST0920,Direct,Mobile,1,1,0,0
S00473,2025-03-12,CUST0924,Instagram,Mobile,1,0,0,0
S00474,2025-10-26,CUST0814,Instagram,Desktop,1,1,1,1
S00475,2025-08-04,CUST0196,Google Ads,Mobile,1,1,1,1
S00476,2025-11-07,CUST0584,Organic,Tablet,1,1,0,0
S00477,2025-02-25,CUST0182,Instagram,Tablet,1,1,0,0
S00478,2025-03-20,CUST0753,Organic,Mobile,1,1,1,1
S00479,2025-12-05,CUST0801,Instagram,Mobile,0,0,0,0
S00480,2025-05-01,CUST0323,Direct,Mobile,1,0,0,0
S00481,2025-07-21,CUST0113,Direct,Mobile,1,1,1,1
S00482,2025-11-24,CUST0852,Instagram,Mobile,1,1,1,1
S00483,2025-09-14,CUST0675,Organic,Mobile,0,0,0,0
S00484,2025-05-10,CUST0551,Organic,Mobile,1,0,0,0
S00485,2025-12-15,CUST0235,Instagram,Desktop,1,1,1,1
S00486,2025-02-11,CUST0505,Direct,Desktop,1,1,1,0
S00487,2025-03-15,CUST0943,Direct,Desktop,1,1,1,0
S00488,2025-08-22,CUST0071,Organic,Mobile,0,0,0,0
S00489,2025-01-09,CUST0219,Organic,Mobile,1,0,0,0
S00490,2025-01-31,CUST0517,Organic,Desktop,1,1,1,1
S00491,2025-04-06,CUST0753,Direct,Desktop,1,1,0,0
S00492,2025-09-15,CUST0165,Google Ads,Desktop,0,0,0,0
S00493,2025-10-07,CUST0513,Instagram,Mobile,1,0,0,0
S00494,2025-08-17,CUST0982,Direct,Mobile,1,0,0,0
S00495,2025-09-02,CUST0381,Direct,Mobile,1,0,0,0
S00496,2025-07-17,CUST0184,Instagram,Desktop,1,1,1,1
S00497,2025-08-20,CUST0903,Organic,Desktop,1,1,1,1
S00498,2025-10-26,CUST0369,Organic,Tablet,1,1,0,0
S00499,2025-02-20,CUST0448,Organic,Desktop,1,0,0,0
S00500,2025-08-05,CUST0008,Email,Mobile,1,1,1,0
S00501,2025-06-23,CUST0620,Google Ads,Tablet,1,0,0,0
S00502,2025-03-16,CUST0382,Google Ads,Mobile,0,0,0,0
S00503,2025-04-09,CUST0382,Organic,Mobile,1,0,0,0
S00504,2025-01-01,CUST0990,Email,Mobile,1,1,1,1
S00505,2025-05-04,CUST0448,Google Ads,Mobile,1,1,1,1
S00506,2025-04-27,CUST0697,Organic,Desktop,0,0,0,0
S00507,2025-12-09,CUST0796,Email,Mobile,1,1,1,0
S00508,2025-07-14,CUST0154,Direct,Desktop,1,1,1,1
S00509,2025-08-21,CUST0034,Instagram,Desktop,1,0,0,0
S00510,2025-05-09,CUST0497,Organic,Desktop,0,0,0,0
S00511,2025-03-04,CUST0864,Organic,Mobile,0,0,0,0
S00512,2025-08-24,CUST0022,Organic,Mobile,1,1,0,0
S00513,2025-11-28,CUST0380,Email,Desktop,0,0,0,0
S00514,2025-08-18,CUST0148,Email,Mobile,1,1,1,0
S00515,2025-07-09,CUST0910,Google Ads,Desktop,1,1,1,1
S00516,2025-07-08,CUST0663,Email,Desktop,1,1,0,0
S00517,2025-06-17,CUST0579,Direct,Mobile,0,0,0,0
S00518,2025-04-05,CUST0915,Instagram,Mobile,1,1,0,0
S00519,2025-06-06,CUST0590,Email,Mobile,0,0,0,0
S00520,2025-10-18,CUST0744,Instagram,Desktop,1,1,0,0
S00521,2025-12-14,CUST0551,Instagram,Mobile,1,1,1,0
S00522,2025-12-07,CUST0677,Direct,Desktop,1,1,1,1
S00523,2025-05-19,CUST0099,Google Ads,Mobile,1,1,1,0
S00524,2025-07-10,CUST0641,Organic,Mobile,1,1,0,0
S00525,2025-02-25,CUST0531,Instagram,Mobile,1,0,0,0
S00526,2025-01-07,CUST0271,Email,Mobile,0,0,0,0
S00527,2025-02-20,CUST0985,Direct,Mobile,1,1,0,0
S00528,2025-02-08,CUST0001,Google Ads,Mobile,1,0,0,0
S00529,2025-10-25,CUST0287,Instagram,Mobile,1,1,1,1
S00530,2025-03-13,CUST0997,Instagram,Desktop,1,1,1,1
S00531,2025-09-13,CUST0180,Instagram,Desktop,0,0,0,0
S00532,2025-11-05,CUST0939,Google Ads,Desktop,1,0,0,0
S00533,2025-04-01,CUST0256,Organic,Mobile,1,0,0,0
S00534,2025-05-29,CUST0174,Instagram,Mobile,0,0,0,0
S00535,2025-01-30,CUST0854,Email,Mobile,1,0,0,0
S00536,2025-05-03,CUST0050,Email,Desktop,1,0,0,0
S00537,2025-08-25,CUST0532,Email,Mobile,1,1,1,1
S00538,2025-10-07,CUST0617,Direct,Mobile,1,0,0,0
S00539,2025-05-05,CUST0190,Google Ads,Desktop,1,1,0,0
S00540,2025-05-14,CUST0751,Instagram,Mobile,0,0,0,0
S00541,2025-01-06,CUST0043,Direct,Mobile,1,1,1,1
S00542,2025-07-16,CUST0517,Instagram,Mobile,0,0,0,0
S00543,2025-07-09,CUST0975,Instagram,Mobile,0,0,0,0
S00544,2025-10-18,CUST0760,Google Ads,Desktop,1,0,0,0
S00545,2025-08-24,CUST0066,Instagram,Desktop,1,0,0,0
S00546,2025-03-20,CUST0396,Instagram,Desktop,1,0,0,0
S00547,2025-02-04,CUST0251,Email,Mobile,1,1,0,0
S00548,2025-10-31,CUST0128,Direct,Mobile,1,0,0,0
S00549,2025-12-27,CUST0697,Google Ads,Mobile,0,0,0,0
S00550,2025-03-13,CUST0188,Instagram,Desktop,0,0,0,0
S00551,2025-02-12,CUST0183,Organic,Mobile,1,0,0,0
S00552,2025-10-18,CUST0583,Instagram,Desktop,0,0,0,0
S00553,2025-05-13,CUST0578,Organic,Mobile,1,1,1,1
S00554,2025-10-14,CUST0968,Google Ads,Mobile,1,1,0,0
S00555,2025-04-16,CUST0841,Email,Desktop,0,0,0,0
S00556,2025-06-08,CUST0762,Google Ads,Desktop,1,1,1,1
S00557,2025-12-23,CUST0667,Direct,Desktop,1,1,1,1
S00558,2025-01-08,CUST0412,Google Ads,Mobile,1,0,0,0
S00559,2025-09-19,CUST0933,Google Ads,Mobile,1,1,1,0
S00560,2025-12-09,CUST0079,Instagram,Desktop,1,1,1,0
S00561,2025-03-21,CUST0019,Direct,Desktop,1,0,0,0
S00562,2025-02-13,CUST0478,Direct,Desktop,1,1,0,0
S00563,2025-06-26,CUST0947,Direct,Mobile,1,1,1,1
S00564,2025-03-05,CUST0781,Direct,Mobile,1,1,1,1
S00565,2025-10-15,CUST0045,Direct,Desktop,0,0,0,0
S00566,2025-11-05,CUST0774,Email,Mobile,0,0,0,0
S00567,2025-04-23,CUST0222,Google Ads,Mobile,1,1,1,1
S00568,2025-11-15,CUST0129,Organic,Mobile,1,1,1,1
S00569,2025-07-27,CUST0618,Email,Desktop,1,1,0,0
S00570,2025-08-14,CUST0763,Email,Mobile,1,1,1,1
S00571,2025-11-29,CUST0633,Direct,Desktop,1,1,1,0
S00572,2025-10-05,CUST0230,Google Ads,Mobile,1,0,0,0
S00573,2025-10-14,CUST0793,Direct,Mobile,1,1,1,0
S00574,2025-10-07,CUST0227,Email,Mobile,1,1,1,0
S00575,2025-01-03,CUST0922,Organic,Tablet,1,0,0,0
S00576,2025-02-02,CUST0397,Organic,Desktop,1,1,1,1
S00577,2025-11-03,CUST0275,Direct,Mobile,1,0,0,0
S00578,2025-08-02,CUST0138,Instagram,Desktop,1,1,1,1
S00579,2025-01-30,CUST0173,Instagram,Desktop,1,1,1,1
S00580,2025-01-25,CUST0327,Instagram,Mobile,1,0,0,0
S00581,2025-01-28,CUST0783,Organic,Mobile,0,0,0,0
S00582,2025-04-07,CUST0215,Direct,Tablet,1,1,1,1
S00583,2025-03-28,CUST0228,Organic,Desktop,1,1,1,1
S00584,2025-01-26,CUST0107,Instagram,Mobile,1,0,0,0
S00585,2025-04-30,CUST0159,Google Ads,Tablet,1,1,1,0
S00586,2025-07-20,CUST0894,Direct,Mobile,1,1,1,0
S00587,2025-12-23,CUST0136,Email,Desktop,1,1,1,1
S00588,2025-12-19,CUST0763,Organic,Desktop,1,1,1,0
S00589,2025-01-15,CUST0030,Direct,Desktop,1,0,0,0
S00590,2025-11-01,CUST0098,Google Ads,Desktop,0,0,0,0
S00591,2025-09-11,CUST0609,Organic,Mobile,1,1,1,0
S00592,2025-04-21,CUST0769,Google Ads,Desktop,0,0,0,0
S00593,2025-01-08,CUST0784,Direct,Desktop,1,1,1,1
S00594,2025-12-07,CUST0882,Google Ads,Mobile,1,1,0,0
S00595,2025-05-08,CUST0523,Direct,Mobile,0,0,0,0
S00596,2025-07-05,CUST0923,Google Ads,Mobile,0,0,0,0
S00597,2025-01-14,CUST0342,Email,Desktop,0,0,0,0
S00598,2025-08-18,CUST0168,Organic,Desktop,1,0,0,0
S00599,2025-04-01,CUST0211,Direct,Desktop,1,1,1,0
S00600,2025-01-04,CUST0684,Google Ads,Desktop,1,0,0,0
S00601,2025-06-01,CUST0838,Google Ads,Mobile,1,1,0,0
S00602,2025-08-07,CUST0632,Email,Mobile,1,0,0,0
S00603,2025-03-17,CUST0185,Google Ads,Mobile,1,1,1,1
S00604,2025-10-11,CUST0432,Email,Mobile,1,0,0,0
S00605,2025-12-21,CUST0424,Google Ads,Mobile,0,0,0,0
S00606,2025-08-04,CUST0039,Google Ads,Mobile,0,0,0,0
S00607,2025-06-08,CUST0980,Organic,Mobile,1,0,0,0
S00608,2025-09-08,CUST0387,Google Ads,Mobile,1,0,0,0
S00609,2025-03-08,CUST0951,Google Ads,Mobile,0,0,0,0
S00610,2025-08-10,CUST0769,Google Ads,Tablet,1,1,1,1
S00611,2025-07-11,CUST0791,Google Ads,Desktop,0,0,0,0
S00612,2025-08-07,CUST0742,Organic,Mobile,1,0,0,0
S00613,2025-01-17,CUST0451,Organic,Mobile,0,0,0,0
S00614,2025-04-17,CUST0958,Email,Desktop,0,0,0,0
S00615,2025-08-15,CUST0115,Email,Tablet,1,1,0,0
S00616,2025-03-22,CUST0930,Instagram,Mobile,1,1,1,1
S00617,2025-09-24,CUST0401,Instagram,Mobile,1,0,0,0
S00618,2025-06-15,CUST0304,Instagram,Mobile,0,0,0,0
S00619,2025-12-23,CUST0603,Organic,Desktop,1,0,0,0
S00620,2025-08-22,CUST0309,Instagram,Mobile,1,0,0,0
S00621,2025-06-11,CUST0573,Instagram,Mobile,1,0,0,0
S00622,2025-06-24,CUST0103,Organic,Mobile,1,0,0,0
S00623,2025-06-09,CUST0727,Google Ads,Mobile,1,1,1,0
S00624,2025-12-29,CUST0102,Google Ads,Mobile,1,1,1,1
S00625,2025-07-04,CUST0907,Email,Desktop,1,1,0,0
S00626,2025-06-23,CUST0655,Google Ads,Tablet,1,0,0,0
S00627,2025-08-26,CUST0090,Instagram,Mobile,1,1,1,1
S00628,2025-06-12,CUST0118,Google Ads,Desktop,0,0,0,0
S00629,2025-08-26,CUST0139,Google Ads,Mobile,0,0,0,0
S00630,2025-04-16,CUST0903,Direct,Mobile,0,0,0,0
S00631,2025-04-28,CUST0303,Direct,Desktop,1,0,0,0
S00632,2025-08-20,CUST0752,Direct,Mobile,1,1,1,1
S00633,2025-03-17,CUST0648,Google Ads,Mobile,1,0,0,0
S00634,2025-01-05,CUST0517,Direct,Mobile,0,0,0,0
S00635,2025-08-06,CUST0209,Organic,Mobile,1,0,0,0
S00636,2025-10-09,CUST0087,Email,Desktop,1,1,1,1
S00637,2025-11-29,CUST0962,Google Ads,Desktop,1,1,1,0
S00638,2025-08-24,CUST0859,Organic,Mobile,1,0,0,0
S00639,2025-11-19,CUST0319,Organic,Mobile,1,0,0,0
S00640,2025-02-01,CUST0789,Google Ads,Desktop,1,1,1,1
S00641,2025-06-26,CUST0967,Instagram,Mobile,1,1,1,0
S00642,2025-04-29,CUST0887,Instagram,Mobile,0,0,0,0
S00643,2025-07-09,CUST0633,Instagram,Desktop,1,1,0,0
S00644,2025-04-12,CUST0245,Email,Desktop,1,0,0,0
S00645,2025-12-31,CUST0870,Organic,Mobile,1,0,0,0
S00646,2025-03-20,CUST0090,Email,Mobile,1,0,0,0
S00647,2025-11-18,CUST0478,Email,Mobile,1,1,0,0
S00648,2025-05-19,CUST0652,Google Ads,Tablet,1,0,0,0
S00649,2025-12-02,CUST0112,Instagram,Desktop,0,0,0,0
S00650,2025-08-14,CUST0907,Organic,Desktop,1,1,1,1
S00651,2025-09-23,CUST0950,Instagram,Mobile,1,1,1,1
S00652,2025-11-29,CUST0977,Direct,Desktop,1,0,0,0
S00653,2025-08-12,CUST0394,Organic,Mobile,0,0,0,0
S00654,2025-03-01,CUST0887,Email,Desktop,1,1,1,0
S00655,2025-09-21,CUST0240,Google Ads,Desktop,1,0,0,0
S00656,2025-02-17,CUST0272,Direct,Desktop,0,0,0,0
S00657,2025-03-22,CUST0143,Instagram,Mobile,1,1,0,0
S00658,2025-10-24,CUST0954,Email,Desktop,1,1,1,0
S00659,2025-01-08,CUST0719,Email,Mobile,1,0,0,0
S00660,2025-12-15,CUST0119,Organic,Mobile,1,0,0,0
S00661,2025-09-06,CUST0596,Organic,Mobile,1,1,1,1
S00662,2025-09-01,CUST0900,Organic,Mobile,1,1,1,0
S00663,2025-06-14,CUST0992,Email,Mobile,0,0,0,0
S00664,2025-12-13,CUST0251,Google Ads,Mobile,1,0,0,0
S00665,2025-11-16,CUST0278,Organic,Mobile,1,1,1,1
S00666,2025-07-06,CUST0163,Instagram,Mobile,1,1,0,0
S00667,2025-09-06,CUST0654,Organic,Mobile,0,0,0,0
S00668,2025-05-07,CUST0350,Organic,Desktop,1,0,0,0
S00669,2025-03-29,CUST0031,Instagram,Mobile,1,1,1,1
S00670,2025-02-14,CUST0458,Organic,Tablet,1,0,0,0
S00671,2025-10-09,CUST0838,Instagram,Mobile,1,1,1,1
S00672,2025-09-03,CUST0091,Google Ads,Mobile,1,1,0,0
S00673,2025-08-06,CUST0128,Google Ads,Mobile,1,1,1,1
S00674,2025-01-15,CUST0779,Organic,Desktop,1,1,1,1
S00675,2025-09-13,CUST0548,Organic,Mobile,1,1,1,1
S00676,2025-11-10,CUST0970,Direct,Desktop,1,0,0,0
S00677,2025-06-26,CUST0848,Organic,Mobile,1,1,1,1
S00678,2025-12-01,CUST0792,Organic,Desktop,1,1,0,0
S00679,2025-08-03,CUST0725,Instagram,Tablet,1,1,0,0
S00680,2025-01-25,CUST0509,Google Ads,Mobile,1,1,0,0
S00681,2025-11-20,CUST0936,Organic,Mobile,1,1,1,0
S00682,2025-10-19,CUST0745,Direct,Desktop,0,0,0,0
S00683,2025-04-27,CUST0740,Instagram,Desktop,1,0,0,0
S00684,2025-03-21,CUST0881,Instagram,Mobile,1,1,1,1
S00685,2025-06-24,CUST0810,Email,Tablet,1,0,0,0
S00686,2025-08-20,CUST0237,Instagram,Desktop,0,0,0,0
S00687,2025-11-11,CUST0983,Instagram,Mobile,1,1,1,0
S00688,2025-02-09,CUST0533,Google Ads,Mobile,1,0,0,0
S00689,2025-06-20,CUST0608,Organic,Mobile,0,0,0,0
S00690,2025-04-27,CUST0977,Direct,Mobile,0,0,0,0
S00691,2025-07-03,CUST0051,Google Ads,Mobile,1,1,1,1
S00692,2025-03-22,CUST0849,Instagram,Tablet,1,0,0,0
S00693,2025-03-12,CUST0823,Instagram,Desktop,0,0,0,0
S00694,2025-05-20,CUST0469,Organic,Mobile,0,0,0,0
S00695,2025-07-12,CUST0892,Email,Mobile,1,0,0,0
S00696,2025-06-20,CUST0388,Google Ads,Desktop,1,0,0,0
S00697,2025-04-11,CUST0062,Direct,Desktop,1,1,1,0
S00698,2025-03-11,CUST0343,Google Ads,Mobile,1,1,0,0
S00699,2025-06-23,CUST0153,Direct,Mobile,1,1,0,0
S00700,2025-07-08,CUST0736,Organic,Desktop,1,1,1,1
S00701,2025-08-03,CUST0966,Organic,Desktop,1,1,1,1
S00702,2025-01-25,CUST0654,Direct,Mobile,0,0,0,0
S00703,2025-03-30,CUST0041,Instagram,Desktop,0,0,0,0
S00704,2025-05-11,CUST0486,Direct,Desktop,1,0,0,0
S00705,2025-07-15,CUST0953,Instagram,Tablet,1,1,1,1
S00706,2025-11-15,CUST0678,Organic,Desktop,1,0,0,0
S00707,2025-10-13,CUST0702,Email,Mobile,0,0,0,0
S00708,2025-08-13,CUST0809,Email,Mobile,1,1,1,1
S00709,2025-12-15,CUST0557,Direct,Mobile,1,0,0,0
S00710,2025-11-30,CUST0720,Direct,Mobile,1,0,0,0
S00711,2025-12-07,CUST0382,Google Ads,Mobile,1,1,0,0
S00712,2025-11-23,CUST0096,Instagram,Desktop,1,0,0,0
S00713,2025-05-29,CUST0912,Email,Desktop,1,1,1,0
S00714,2025-03-12,CUST0787,Google Ads,Mobile,1,1,1,1
S00715,2025-05-09,CUST0293,Direct,Desktop,1,0,0,0
S00716,2025-10-17,CUST0235,Instagram,Desktop,1,0,0,0
S00717,2025-03-28,CUST0341,Organic,Tablet,1,0,0,0
S00718,2025-01-18,CUST0719,Google Ads,Desktop,1,1,1,1
S00719,2025-02-12,CUST0957,Instagram,Mobile,1,1,1,1
S00720,2025-03-17,CUST0538,Instagram,Desktop,1,1,0,0
S00721,2025-11-30,CUST0350,Google Ads,Mobile,0,0,0,0
S00722,2025-02-10,CUST0872,Direct,Desktop,1,0,0,0
S00723,2025-12-28,CUST0207,Instagram,Mobile,1,1,1,1
S00724,2025-12-31,CUST0960,Instagram,Desktop,0,0,0,0
S00725,2025-10-07,CUST0491,Direct,Desktop,0,0,0,0
S00726,2025-10-07,CUST0381,Direct,Mobile,1,1,1,1
S00727,2025-09-16,CUST0141,Instagram,Desktop,1,0,0,0
S00728,2025-11-25,CUST0859,Email,Desktop,1,1,0,0
S00729,2025-01-24,CUST0599,Instagram,Mobile,1,0,0,0
S00730,2025-10-23,CUST0930,Direct,Mobile,1,0,0,0
S00731,2025-11-23,CUST0891,Email,Mobile,1,1,1,1
S00732,2025-04-19,CUST0610,Google Ads,Tablet,1,1,1,0
S00733,2025-12-25,CUST0023,Direct,Desktop,1,1,0,0
S00734,2025-10-16,CUST0762,Direct,Mobile,1,1,1,1
S00735,2025-11-14,CUST0364,Instagram,Mobile,0,0,0,0
S00736,2025-12-07,CUST0762,Instagram,Mobile,1,0,0,0
S00737,2025-11-13,CUST0148,Google Ads,Mobile,1,1,1,0
S00738,2025-12-15,CUST0566,Email,Mobile,1,1,0,0
S00739,2025-01-27,CUST0969,Email,Mobile,1,0,0,0
S00740,2025-05-06,CUST0954,Google Ads,Mobile,1,1,1,1
S00741,2025-11-12,CUST0827,Instagram,Mobile,1,1,1,1
S00742,2025-06-19,CUST0916,Direct,Desktop,1,1,0,0
S00743,2025-02-16,CUST0551,Direct,Mobile,1,1,1,1
S00744,2025-12-09,CUST0505,Direct,Desktop,1,0,0,0
S00745,2025-06-30,CUST0846,Email,Desktop,1,0,0,0
S00746,2025-12-31,CUST0218,Instagram,Desktop,1,1,0,0
S00747,2025-03-14,CUST0859,Google Ads,Desktop,1,1,1,1
S00748,2025-05-02,CUST0482,Organic,Desktop,0,0,0,0
S00749,2025-12-19,CUST0989,Google Ads,Mobile,1,0,0,0
S00750,2025-07-05,CUST0416,Email,Mobile,0,0,0,0
S00751,2025-11-20,CUST0937,Instagram,Mobile,1,1,0,0
S00752,2025-11-15,CUST0749,Google Ads,Mobile,1,0,0,0
S00753,2025-03-23,CUST0325,Organic,Desktop,1,0,0,0
S00754,2025-01-30,CUST0836,Direct,Mobile,1,0,0,0
S00755,2025-10-08,CUST0855,Instagram,Mobile,0,0,0,0
S00756,2025-05-01,CUST0789,Google Ads,Mobile,1,1,1,0
S00757,2025-12-19,CUST0737,Instagram,Desktop,1,1,1,1
S00758,2025-12-21,CUST0489,Google Ads,Mobile,0,0,0,0
S00759,2025-04-16,CUST0408,Email,Mobile,1,1,1,1
S00760,2025-11-08,CUST0144,Instagram,Mobile,1,1,1,1
S00761,2025-05-10,CUST0800,Google Ads,Mobile,1,1,1,0
S00762,2025-07-24,CUST0211,Email,Mobile,1,1,1,0
S00763,2025-02-22,CUST0666,Email,Desktop,1,0,0,0
S00764,2025-10-24,CUST0259,Organic,Mobile,1,1,1,1
S00765,2025-10-06,CUST0227,Google Ads,Desktop,1,0,0,0
S00766,2025-07-08,CUST0999,Instagram,Tablet,1,0,0,0
S00767,2025-08-03,CUST0594,Email,Mobile,1,0,0,0
S00768,2025-01-31,CUST0889,Organic,Mobile,1,0,0,0
S00769,2025-09-15,CUST0372,Instagram,Desktop,1,1,1,1
S00770,2025-03-01,CUST0391,Organic,Mobile,1,0,0,0
S00771,2025-03-19,CUST0992,Direct,Desktop,1,0,0,0
S00772,2025-01-23,CUST0088,Direct,Mobile,1,1,1,1
S00773,2025-07-04,CUST0400,Direct,Mobile,1,1,0,0
S00774,2025-02-04,CUST0309,Google Ads,Mobile,0,0,0,0
S00775,2025-01-01,CUST0984,Direct,Tablet,1,0,0,0
S00776,2025-04-15,CUST0004,Google Ads,Desktop,1,1,1,1
S00777,2025-06-25,CUST0173,Google Ads,Desktop,0,0,0,0
S00778,2025-02-18,CUST0544,Direct,Desktop,1,1,1,1
S00779,2025-06-17,CUST0746,Email,Tablet,0,0,0,0
S00780,2025-11-14,CUST0226,Email,Mobile,1,0,0,0
S00781,2025-09-28,CUST0339,Direct,Desktop,0,0,0,0
S00782,2025-06-07,CUST0206,Direct,Desktop,1,1,0,0
S00783,2025-01-21,CUST0102,Instagram,Mobile,1,1,1,1
S00784,2025-04-15,CUST0058,Instagram,Mobile,0,0,0,0
S00785,2025-10-17,CUST0781,Google Ads,Tablet,1,0,0,0
S00786,2025-05-01,CUST0150,Organic,Mobile,0,0,0,0
S00787,2025-07-11,CUST0252,Direct,Mobile,1,1,1,1
S00788,2025-08-17,CUST0479,Direct,Mobile,1,1,1,1
S00789,2025-06-30,CUST0556,Email,Mobile,1,1,1,1
S00790,2025-12-18,CUST0428,Email,Mobile,1,1,0,0
S00791,2025-08-13,CUST0542,Instagram,Mobile,1,0,0,0
S00792,2025-08-22,CUST0919,Direct,Mobile,1,1,1,1
S00793,2025-09-23,CUST0524,Direct,Mobile,1,1,1,1
S00794,2025-12-12,CUST0491,Organic,Mobile,1,1,1,1
S00795,2025-11-10,CUST0526,Organic,Desktop,1,1,1,1
S00796,2025-12-31,CUST0292,Instagram,Tablet,1,0,0,0
S00797,2025-08-06,CUST0045,Email,Mobile,1,1,1,1
S00798,2025-07-30,CUST0200,Organic,Desktop,0,0,0,0
S00799,2025-04-09,CUST0024,Instagram,Tablet,1,0,0,0
S00800,2025-04-19,CUST0763,Instagram,Desktop,1,1,1,1
S00801,2025-12-11,CUST0631,Google Ads,Mobile,0,0,0,0
S00802,2025-09-10,CUST0387,Direct,Desktop,1,1,0,0
S00803,2025-01-12,CUST0590,Email,Desktop,1,0,0,0
S00804,2025-04-28,CUST0435,Google Ads,Mobile,1,1,1,1
S00805,2025-03-29,CUST0242,Organic,Mobile,1,1,0,0
S00806,2025-12-10,CUST0203,Google Ads,Desktop,1,1,1,1
S00807,2025-07-28,CUST0237,Organic,Desktop,1,0,0,0
S00808,2025-05-10,CUST0951,Instagram,Mobile,1,1,1,1
S00809,2025-11-25,CUST0294,Instagram,Desktop,1,1,1,1
S00810,2025-07-02,CUST0348,Instagram,Mobile,1,1,1,1
S00811,2025-03-24,CUST0087,Organic,Mobile,1,0,0,0
S00812,2025-09-11,CUST0210,Google Ads,Mobile,1,1,1,1
S00813,2025-01-05,CUST0788,Organic,Mobile,1,0,0,0
S00814,2025-10-30,CUST0609,Email,Mobile,1,0,0,0
S00815,2025-01-24,CUST0002,Email,Mobile,1,1,1,1
S00816,2025-05-01,CUST0999,Google Ads,Mobile,1,0,0,0
S00817,2025-04-05,CUST0229,Email,Mobile,1,1,0,0
S00818,2025-08-12,CUST0410,Direct,Mobile,1,1,1,0
S00819,2025-08-27,CUST0243,Instagram,Mobile,1,1,1,1
S00820,2025-08-15,CUST0770,Google Ads,Desktop,0,0,0,0
S00821,2025-05-22,CUST0963,Instagram,Desktop,1,1,1,1
S00822,2025-02-20,CUST0468,Instagram,Desktop,1,1,1,1
S00823,2025-05-25,CUST0458,Organic,Mobile,1,1,1,1
S00824,2025-12-04,CUST0554,Organic,Desktop,1,1,1,1
S00825,2025-11-24,CUST0213,Email,Mobile,1,1,1,1
S00826,2025-11-03,CUST0808,Organic,Mobile,1,0,0,0
S00827,2025-02-21,CUST0905,Email,Mobile,1,1,1,1
S00828,2025-01-12,CUST0386,Email,Tablet,1,1,0,0
S00829,2025-12-03,CUST0412,Direct,Mobile,1,1,1,1
S00830,2025-04-05,CUST0515,Email,Mobile,1,1,1,1
S00831,2025-05-09,CUST0528,Organic,Desktop,1,1,1,1
S00832,2025-01-11,CUST0388,Google Ads,Mobile,0,0,0,0
S00833,2025-09-29,CUST0279,Google Ads,Mobile,1,1,1,1
S00834,2025-12-23,CUST0990,Direct,Desktop,1,1,1,0
S00835,2025-04-02,CUST0102,Email,Desktop,1,1,0,0
S00836,2025-01-09,CUST0589,Google Ads,Desktop,1,0,0,0
S00837,2025-05-03,CUST0390,Google Ads,Mobile,1,0,0,0
S00838,2025-09-21,CUST0202,Instagram,Mobile,1,0,0,0
S00839,2025-10-08,CUST0567,Google Ads,Desktop,1,0,0,0
S00840,2025-04-29,CUST0721,Email,Mobile,0,0,0,0
S00841,2025-07-09,CUST0392,Organic,Mobile,1,0,0,0
S00842,2025-10-06,CUST0841,Google Ads,Mobile,1,1,0,0
S00843,2025-10-27,CUST0354,Organic,Mobile,0,0,0,0
S00844,2025-02-25,CUST0593,Direct,Mobile,0,0,0,0
S00845,2025-07-15,CUST0756,Direct,Desktop,1,1,1,1
S00846,2025-01-23,CUST0235,Email,Desktop,0,0,0,0
S00847,2025-09-22,CUST0114,Email,Mobile,1,1,0,0
S00848,2025-09-02,CUST0982,Direct,Desktop,1,1,1,1
S00849,2025-09-17,CUST0960,Organic,Desktop,0,0,0,0
S00850,2025-08-19,CUST0067,Instagram,Mobile,1,1,1,1
S00851,2025-07-29,CUST0809,Google Ads,Mobile,0,0,0,0
S00852,2025-06-11,CUST0040,Organic,Desktop,1,0,0,0
S00853,2025-12-20,CUST0733,Direct,Mobile,1,0,0,0
S00854,2025-06-19,CUST0103,Organic,Desktop,1,1,1,0
S00855,2025-12-05,CUST0411,Google Ads,Mobile,0,0,0,0
S00856,2025-10-17,CUST0295,Instagram,Mobile,1,1,1,0
S00857,2025-08-15,CUST0565,Organic,Mobile,0,0,0,0
S00858,2025-12-27,CUST0808,Organic,Mobile,0,0,0,0
S00859,2025-12-29,CUST0564,Instagram,Desktop,1,0,0,0
S00860,2025-02-12,CUST0037,Organic,Mobile,0,0,0,0
S00861,2025-07-14,CUST0067,Direct,Desktop,1,0,0,0
S00862,2025-01-12,CUST0403,Instagram,Desktop,1,0,0,0
S00863,2025-09-29,CUST0674,Organic,Desktop,1,1,1,0
S00864,2025-03-03,CUST0206,Email,Desktop,1,0,0,0
S00865,2025-01-17,CUST0341,Instagram,Desktop,0,0,0,0
S00866,2025-09-28,CUST0834,Direct,Mobile,1,0,0,0
S00867,2025-01-26,CUST0906,Direct,Desktop,1,1,1,0
S00868,2025-02-14,CUST0052,Direct,Mobile,1,1,1,1
S00869,2025-05-25,CUST0426,Direct,Mobile,1,1,1,0
S00870,2025-03-06,CUST0956,Organic,Desktop,0,0,0,0
S00871,2025-12-16,CUST0209,Google Ads,Desktop,1,1,1,1
S00872,2025-10-13,CUST0514,Google Ads,Mobile,1,0,0,0
S00873,2025-03-09,CUST0987,Google Ads,Desktop,1,0,0,0
S00874,2025-12-28,CUST0641,Instagram,Mobile,1,1,0,0
S00875,2025-10-27,CUST0178,Organic,Mobile,0,0,0,0
S00876,2025-04-06,CUST0676,Email,Mobile,1,1,1,0
S00877,2025-03-01,CUST0865,Organic,Mobile,0,0,0,0
S00878,2025-09-14,CUST0022,Organic,Mobile,1,1,1,1
S00879,2025-01-19,CUST0369,Instagram,Mobile,1,1,1,1
S00880,2025-02-02,CUST0739,Email,Mobile,0,0,0,0
S00881,2025-04-01,CUST0994,Direct,Desktop,0,0,0,0
S00882,2025-08-26,CUST0082,Google Ads,Mobile,1,1,1,1
S00883,2025-01-24,CUST0164,Direct,Mobile,1,0,0,0
S00884,2025-08-15,CUST0377,Organic,Mobile,1,0,0,0
S00885,2025-12-05,CUST0003,Google Ads,Desktop,1,0,0,0
S00886,2025-09-22,CUST0684,Organic,Tablet,1,0,0,0
S00887,2025-01-06,CUST0118,Google Ads,Desktop,0,0,0,0
S00888,2025-02-27,CUST0656,Direct,Mobile,0,0,0,0
S00889,2025-04-10,CUST0764,Organic,Mobile,1,1,1,1
S00890,2025-05-02,CUST0395,Email,Mobile,0,0,0,0
S00891,2025-12-23,CUST0266,Email,Mobile,1,1,1,1
S00892,2025-06-06,CUST0435,Email,Mobile,1,1,0,0
S00893,2025-07-20,CUST0682,Organic,Mobile,1,1,1,1
S00894,2025-08-13,CUST0725,Organic,Mobile,1,1,1,1
S00895,2025-09-24,CUST0793,Organic,Tablet,1,0,0,0
S00896,2025-05-31,CUST0227,Organic,Tablet,1,1,1,1
S00897,2025-09-14,CUST0376,Email,Mobile,1,1,1,1
S00898,2025-03-22,CUST0262,Instagram,Mobile,0,0,0,0
S00899,2025-04-10,CUST0366,Email,Desktop,1,1,1,1
S00900,2025-04-15,CUST0767,Instagram,Mobile,1,1,1,1
S00901,2025-09-09,CUST0428,Organic,Tablet,1,1,1,0
S00902,2025-05-13,CUST0008,Email,Mobile,0,0,0,0
S00903,2025-04-09,CUST0930,Google Ads,Mobile,0,0,0,0
S00904,2025-06-27,CUST0041,Organic,Mobile,1,1,1,1
S00905,2025-09-22,CUST0878,Direct,Desktop,0,0,0,0
S00906,2025-05-12,CUST0257,Instagram,Desktop,1,1,1,1
S00907,2025-07-18,CUST0643,Email,Mobile,1,1,1,1
S00908,2025-07-12,CUST0564,Organic,Mobile,0,0,0,0
S00909,2025-07-27,CUST0102,Instagram,Mobile,1,0,0,0
S00910,2025-02-26,CUST0219,Direct,Mobile,1,0,0,0
S00911,2025-09-19,CUST0244,Direct,Desktop,1,1,0,0
S00912,2025-08-18,CUST0845,Instagram,Mobile,1,1,0,0
S00913,2025-05-22,CUST0939,Direct,Desktop,0,0,0,0
S00914,2025-03-04,CUST0303,Instagram,Tablet,1,0,0,0
S00915,2025-04-28,CUST0370,Direct,Mobile,1,1,1,1
S00916,2025-11-17,CUST0851,Email,Desktop,1,1,1,1
S00917,2025-11-04,CUST0275,Instagram,Mobile,1,0,0,0
S00918,2025-11-17,CUST0070,Direct,Mobile,1,0,0,0
S00919,2025-09-02,CUST0047,Google Ads,Mobile,1,0,0,0
S00920,2025-12-22,CUST0117,Instagram,Desktop,1,0,0,0
S00921,2025-05-16,CUST0590,Instagram,Mobile,1,1,0,0
S00922,2025-04-06,CUST0517,Direct,Desktop,1,0,0,0
S00923,2025-08-13,CUST0254,Email,Desktop,0,0,0,0
S00924,2025-01-08,CUST0832,Instagram,Mobile,1,1,0,0
S00925,2025-01-14,CUST0619,Instagram,Mobile,1,1,1,1
S00926,2025-01-24,CUST0756,Organic,Desktop,1,1,1,0
S00927,2025-07-11,CUST0173,Instagram,Desktop,1,1,1,1
S00928,2025-08-29,CUST0960,Organic,Mobile,1,1,1,1
S00929,2025-12-15,CUST0429,Google Ads,Mobile,0,0,0,0
S00930,2025-01-25,CUST0036,Organic,Desktop,1,0,0,0
S00931,2025-05-09,CUST0905,Organic,Mobile,1,1,1,0
S00932,2025-03-28,CUST0407,Google Ads,Mobile,1,0,0,0
S00933,2025-08-21,CUST0416,Organic,Desktop,1,1,1,0
S00934,2025-10-16,CUST0989,Direct,Desktop,0,0,0,0
S00935,2025-02-25,CUST0685,Organic,Mobile,0,0,0,0
S00936,2025-07-09,CUST0412,Google Ads,Desktop,0,0,0,0
S00937,2025-01-28,CUST0488,Email,Mobile,1,1,0,0
S00938,2025-01-29,CUST0692,Instagram,Desktop,1,1,1,1
S00939,2025-10-06,CUST0779,Direct,Mobile,0,0,0,0
S00940,2025-06-21,CUST0767,Google Ads,Desktop,0,0,0,0
S00941,2025-02-07,CUST0915,Instagram,Mobile,1,1,1,1
S00942,2025-10-26,CUST0832,Direct,Desktop,1,0,0,0
S00943,2025-09-23,CUST0321,Direct,Desktop,1,1,0,0
S00944,2025-01-27,CUST0073,Email,Tablet,1,1,0,0
S00945,2025-05-16,CUST0569,Instagram,Mobile,1,0,0,0
S00946,2025-08-24,CUST0578,Instagram,Desktop,1,0,0,0
S00947,2025-09-02,CUST0644,Email,Mobile,1,1,0,0
S00948,2025-03-26,CUST0413,Organic,Mobile,1,0,0,0
S00949,2025-01-13,CUST0772,Google Ads,Mobile,1,0,0,0
S00950,2025-02-27,CUST0124,Email,Mobile,1,0,0,0
S00951,2025-09-16,CUST0385,Email,Mobile,1,0,0,0
S00952,2025-04-10,CUST0604,Email,Desktop,1,1,1,1
S00953,2025-04-14,CUST0786,Direct,Desktop,1,0,0,0
S00954,2025-09-18,CUST0653,Direct,Mobile,1,1,1,0
S00955,2025-10-05,CUST0232,Google Ads,Mobile,1,1,1,1
S00956,2025-03-07,CUST0582,Organic,Mobile,1,1,1,1
S00957,2025-03-30,CUST0433,Direct,Tablet,1,0,0,0
S00958,2025-10-23,CUST0491,Organic,Mobile,1,0,0,0
S00959,2025-03-29,CUST0687,Organic,Mobile,1,1,1,1
S00960,2025-01-05,CUST0871,Email,Mobile,1,0,0,0
S00961,2025-05-24,CUST0086,Email,Mobile,1,1,0,0
S00962,2025-04-27,CUST0765,Email,Mobile,1,1,1,1
S00963,2025-09-28,CUST0030,Instagram,Mobile,1,0,0,0
S00964,2025-07-24,CUST0667,Direct,Desktop,1,1,0,0
S00965,2025-03-16,CUST0200,Direct,Desktop,0,0,0,0
S00966,2025-03-21,CUST0875,Email,Desktop,0,0,0,0
S00967,2025-01-18,CUST0156,Instagram,Mobile,1,1,1,1
S00968,2025-08-05,CUST0757,Google Ads,Mobile,1,1,1,1
S00969,2025-04-12,CUST0898,Organic,Mobile,1,1,0,0
S00970,2025-05-12,CUST0532,Email,Mobile,1,0,0,0
S00971,2025-11-05,CUST0715,Direct,Mobile,1,0,0,0
S00972,2025-02-27,CUST0846,Direct,Mobile,1,0,0,0
S00973,2025-04-22,CUST0152,Google Ads,Desktop,0,0,0,0
S00974,2025-03-26,CUST0077,Direct,Mobile,1,1,1,0
S00975,2025-11-27,CUST0328,Email,Mobile,1,1,1,1
S00976,2025-11-10,CUST0172,Direct,Mobile,0,0,0,0
S00977,2025-04-26,CUST0405,Direct,Mobile,0,0,0,0
S00978,2025-11-11,CUST0406,Direct,Desktop,1,1,1,1
S00979,2025-06-11,CUST0841,Instagram,Mobile,1,0,0,0
S00980,2025-10-13,CUST0762,Direct,Desktop,1,1,1,1
S00981,2025-11-20,CUST0698,Instagram,Mobile,1,1,0,0
S00982,2025-07-25,CUST0362,Google Ads,Mobile,1,1,1,1
S00983,2025-11-27,CUST0128,Email,Mobile,0,0,0,0
S00984,2025-03-09,CUST0875,Instagram,Mobile,1,1,1,1
S00985,2025-09-05,CUST0523,Organic,Desktop,1,1,1,1
S00986,2025-02-26,CUST0336,Email,Tablet,1,1,0,0
S00987,2025-06-14,CUST0754,Direct,Mobile,1,1,0,0
S00988,2025-06-15,CUST0693,Direct,Mobile,1,1,1,0
S00989,2025-10-24,CUST0265,Email,Mobile,1,1,1,1
S00990,2025-01-04,CUST0195,Direct,Tablet,0,0,0,0
S00991,2025-10-22,CUST0758,Direct,Tablet,0,0,0,0
S00992,2025-12-31,CUST0100,Organic,Mobile,1,1,1,1
S00993,2025-04-16,CUST0564,Instagram,Tablet,1,0,0,0
S00994,2025-04-18,CUST0371,Instagram,Desktop,1,0,0,0
S00995,2025-06-19,CUST0909,Organic,Tablet,0,0,0,0
S00996,2025-09-24,CUST0897,Email,Desktop,1,0,0,0
S00997,2025-09-24,CUST0428,Google Ads,Mobile,0,0,0,0
S00998,2025-02-23,CUST0587,Direct,Desktop,1,1,1,1
S00999,2025-06-15,CUST0920,Google Ads,Desktop,1,0,0,0
S01000,2025-09-11,CUST0133,Google Ads,Mobile,1,0,0,0
S01001,2025-10-03,CUST0256,Instagram,Desktop,1,0,0,0
S01002,2025-06-03,CUST0450,Email,Desktop,1,1,1,1
S01003,2025-05-08,CUST0721,Email,Tablet,1,1,1,0
S01004,2025-03-17,CUST0977,Instagram,Mobile,1,1,1,1
S01005,2025-08-09,CUST0404,Direct,Mobile,1,0,0,0
S01006,2025-09-27,CUST0960,Google Ads,Tablet,1,0,0,0
S01007,2025-05-03,CUST0655,Instagram,Desktop,1,0,0,0
S01008,2025-01-25,CUST0580,Email,Mobile,1,0,0,0
S01009,2025-04-16,CUST0054,Instagram,Mobile,1,0,0,0
S01010,2025-04-16,CUST0779,Direct,Desktop,1,0,0,0
S01011,2025-04-13,CUST0407,Email,Mobile,0,0,0,0
S01012,2025-09-23,CUST0385,Direct,Desktop,1,0,0,0
S01013,2025-01-14,CUST0938,Instagram,Tablet,1,1,1,1
S01014,2025-05-13,CUST0242,Direct,Mobile,1,1,0,0
S01015,2025-01-22,CUST0047,Google Ads,Mobile,1,1,1,1
S01016,2025-03-16,CUST0115,Organic,Mobile,1,0,0,0
S01017,2025-10-12,CUST0708,Organic,Mobile,0,0,0,0
S01018,2025-09-01,CUST0806,Organic,Mobile,1,0,0,0
S01019,2025-09-13,CUST0130,Email,Mobile,1,1,0,0
S01020,2025-05-26,CUST0557,Organic,Desktop,1,1,1,1
S01021,2025-07-31,CUST0155,Google Ads,Tablet,1,1,1,1
S01022,2025-09-06,CUST0994,Email,Mobile,1,1,1,1
S01023,2025-02-04,CUST0973,Email,Desktop,1,1,1,1
S01024,2025-11-23,CUST0495,Email,Mobile,1,1,0,0
S01025,2025-09-10,CUST0829,Email,Desktop,1,1,1,1
S01026,2025-12-16,CUST0082,Organic,Mobile,0,0,0,0
S01027,2025-09-17,CUST0779,Google Ads,Mobile,1,0,0,0
S01028,2025-11-03,CUST0965,Instagram,Mobile,1,0,0,0
S01029,2025-12-16,CUST0669,Email,Mobile,0,0,0,0
S01030,2025-10-13,CUST0025,Email,Mobile,1,1,1,1
S01031,2025-12-16,CUST0334,Instagram,Mobile,0,0,0,0
S01032,2025-06-30,CUST0182,Google Ads,Mobile,1,1,0,0
S01033,2025-07-29,CUST0432,Organic,Mobile,1,1,1,1
S01034,2025-04-20,CUST0174,Email,Mobile,0,0,0,0
S01035,2025-11-26,CUST0809,Email,Mobile,1,1,1,1
S01036,2025-05-22,CUST0998,Instagram,Desktop,1,0,0,0
S01037,2025-06-13,CUST0041,Direct,Mobile,1,0,0,0
S01038,2025-03-28,CUST0445,Direct,Mobile,1,1,0,0
S01039,2025-05-20,CUST0869,Organic,Mobile,1,0,0,0
S01040,2025-11-28,CUST0395,Instagram,Mobile,1,1,1,1
S01041,2025-06-11,CUST0940,Instagram,Mobile,1,1,1,1
S01042,2025-01-26,CUST0288,Instagram,Mobile,1,1,1,1
S01043,2025-05-14,CUST0561,Instagram,Mobile,1,0,0,0
S01044,2025-12-23,CUST0262,Google Ads,Desktop,1,1,1,0
S01045,2025-04-25,CUST0756,Organic,Desktop,0,0,0,0
S01046,2025-06-30,CUST0057,Organic,Mobile,1,0,0,0
S01047,2025-12-28,CUST0006,Email,Mobile,1,0,0,0
S01048,2025-12-25,CUST0559,Instagram,Mobile,1,0,0,0
S01049,2025-05-27,CUST0575,Organic,Mobile,1,0,0,0
S01050,2025-12-26,CUST0945,Instagram,Mobile,1,0,0,0
S01051,2025-08-03,CUST0918,Google Ads,Desktop,0,0,0,0
S01052,2025-03-18,CUST0579,Google Ads,Mobile,1,1,1,1
S01053,2025-04-05,CUST0915,Organic,Mobile,1,0,0,0
S01054,2025-08-06,CUST0695,Direct,Desktop,1,0,0,0
S01055,2025-12-29,CUST0162,Google Ads,Desktop,1,1,1,1
S01056,2025-02-21,CUST0297,Email,Mobile,1,1,1,0
S01057,2025-10-01,CUST0617,Direct,Mobile,1,0,0,0
S01058,2025-06-24,CUST0775,Organic,Desktop,1,1,1,1
S01059,2025-11-09,CUST0057,Google Ads,Desktop,0,0,0,0
S01060,2025-02-02,CUST0528,Google Ads,Mobile,1,1,0,0
S01061,2025-12-26,CUST0059,Organic,Desktop,1,0,0,0
S01062,2025-05-12,CUST0166,Email,Desktop,1,0,0,0
S01063,2025-10-02,CUST0905,Instagram,Desktop,1,1,0,0
S01064,2025-01-07,CUST0762,Email,Mobile,1,1,1,1
S01065,2025-08-15,CUST0973,Instagram,Mobile,1,1,1,1
S01066,2025-09-12,CUST0546,Email,Mobile,1,1,1,0
S01067,2025-10-09,CUST0046,Direct,Mobile,1,1,1,1
S01068,2025-08-24,CUST0933,Direct,Desktop,1,1,1,1
S01069,2025-12-09,CUST0811,Google Ads,Tablet,0,0,0,0
S01070,2025-12-20,CUST0047,Instagram,Mobile,1,0,0,0
S01071,2025-07-03,CUST0390,Direct,Mobile,0,0,0,0
S01072,2025-07-18,CUST0252,Email,Mobile,1,1,1,1
S01073,2025-07-22,CUST0166,Instagram,Desktop,0,0,0,0
S01074,2025-05-16,CUST0368,Google Ads,Desktop,0,0,0,0
S01075,2025-10-15,CUST0379,Organic,Mobile,1,1,1,1
S01076,2025-10-17,CUST0317,Google Ads,Desktop,1,0,0,0
S01077,2025-05-26,CUST0132,Organic,Desktop,1,1,1,1
S01078,2025-07-26,CUST0389,Instagram,Desktop,1,1,1,1
S01079,2025-02-24,CUST0582,Google Ads,Mobile,1,0,0,0
S01080,2025-10-26,CUST0572,Direct,Desktop,1,1,1,1
S01081,2025-09-07,CUST0717,Google Ads,Desktop,1,1,1,1
S01082,2025-10-02,CUST0750,Instagram,Mobile,0,0,0,0
S01083,2025-07-24,CUST0856,Organic,Mobile,0,0,0,0
S01084,2025-11-09,CUST0348,Email,Desktop,0,0,0,0
S01085,2025-07-11,CUST0845,Google Ads,Mobile,1,1,1,1
S01086,2025-12-02,CUST0618,Organic,Mobile,1,1,0,0
S01087,2025-01-02,CUST0497,Email,Mobile,1,1,1,1
S01088,2025-07-04,CUST0696,Instagram,Mobile,1,1,1,1
S01089,2025-06-11,CUST0850,Instagram,Mobile,1,0,0,0
S01090,2025-02-18,CUST0955,Direct,Mobile,1,0,0,0
S01091,2025-03-31,CUST0511,Organic,Desktop,1,0,0,0
S01092,2025-09-08,CUST0519,Instagram,Tablet,1,1,1,1
S01093,2025-01-22,CUST0452,Instagram,Mobile,1,1,1,1
S01094,2025-07-31,CUST0543,Organic,Desktop,0,0,0,0
S01095,2025-08-22,CUST0216,Direct,Desktop,1,1,1,1
S01096,2025-06-21,CUST0470,Direct,Desktop,1,0,0,0
S01097,2025-04-01,CUST0853,Email,Desktop,1,1,0,0
S01098,2025-06-12,CUST0304,Direct,Desktop,0,0,0,0
S01099,2025-10-12,CUST0298,Instagram,Desktop,1,0,0,0
S01100,2025-01-06,CUST0346,Instagram,Mobile,1,0,0,0
S01101,2025-09-01,CUST0286,Organic,Mobile,1,0,0,0
S01102,2025-12-07,CUST0885,Google Ads,Mobile,0,0,0,0
S01103,2025-06-08,CUST0126,Google Ads,Mobile,1,1,1,1
S01104,2025-05-03,CUST0051,Direct,Mobile,1,0,0,0
S01105,2025-12-26,CUST0419,Google Ads,Desktop,1,0,0,0
S01106,2025-07-07,CUST0702,Organic,Tablet,1,0,0,0
S01107,2025-01-14,CUST0051,Direct,Mobile,0,0,0,0
S01108,2025-03-11,CUST0471,Google Ads,Mobile,1,1,1,1
S01109,2025-05-19,CUST0376,Direct,Mobile,1,1,1,1
S01110,2025-12-24,CUST0365,Google Ads,Desktop,0,0,0,0
S01111,2025-11-21,CUST0232,Organic,Desktop,0,0,0,0
S01112,2025-03-20,CUST0690,Direct,Mobile,1,0,0,0
S01113,2025-10-21,CUST0670,Direct,Mobile,1,0,0,0
S01114,2025-11-14,CUST0659,Instagram,Desktop,1,0,0,0
S01115,2025-03-21,CUST0480,Organic,Mobile,1,0,0,0
S01116,2025-05-26,CUST0306,Organic,Mobile,0,0,0,0
S01117,2025-08-13,CUST0438,Instagram,Mobile,1,1,1,1
S01118,2025-08-15,CUST0251,Email,Mobile,1,1,1,1
S01119,2025-06-29,CUST0851,Instagram,Desktop,1,1,1,1
S01120,2025-01-24,CUST0342,Organic,Mobile,1,1,1,1
S01121,2025-04-09,CUST0132,Direct,Desktop,1,1,1,1
S01122,2025-09-27,CUST0749,Direct,Mobile,1,1,1,1
S01123,2025-04-04,CUST0524,Instagram,Mobile,1,1,1,1
S01124,2025-10-07,CUST0655,Organic,Mobile,1,0,0,0
S01125,2025-09-26,CUST0506,Instagram,Desktop,0,0,0,0
S01126,2025-05-27,CUST0399,Email,Desktop,0,0,0,0
S01127,2025-10-12,CUST0906,Google Ads,Tablet,1,1,1,1
S01128,2025-01-22,CUST0118,Instagram,Mobile,1,1,0,0
S01129,2025-01-02,CUST0061,Instagram,Desktop,1,1,1,0
S01130,2025-04-13,CUST0915,Organic,Mobile,1,1,1,1
S01131,2025-02-05,CUST0181,Instagram,Mobile,1,1,1,1
S01132,2025-10-21,CUST0968,Google Ads,Mobile,1,1,1,0
S01133,2025-10-01,CUST0313,Email,Mobile,1,0,0,0
S01134,2025-02-20,CUST0991,Instagram,Mobile,1,1,1,1
S01135,2025-05-23,CUST0265,Direct,Mobile,1,1,1,1
S01136,2025-01-17,CUST0029,Google Ads,Mobile,1,1,1,1
S01137,2025-03-18,CUST0263,Instagram,Tablet,1,1,1,1
S01138,2025-10-05,CUST0712,Google Ads,Desktop,1,1,1,1
S01139,2025-05-03,CUST0617,Organic,Mobile,1,0,0,0
S01140,2025-12-12,CUST0913,Organic,Desktop,1,0,0,0
S01141,2025-06-23,CUST0591,Instagram,Mobile,1,1,1,1
S01142,2025-05-12,CUST0656,Organic,Mobile,1,0,0,0
S01143,2025-09-20,CUST0711,Instagram,Mobile,1,1,1,0
S01144,2025-09-28,CUST0618,Email,Mobile,1,0,0,0
S01145,2025-07-27,CUST0339,Direct,Mobile,0,0,0,0
S01146,2025-10-23,CUST0422,Google Ads,Desktop,0,0,0,0
S01147,2025-08-14,CUST0089,Email,Mobile,0,0,0,0
S01148,2025-07-08,CUST0332,Direct,Desktop,1,1,1,1
S01149,2025-12-24,CUST0992,Email,Mobile,1,1,1,1
S01150,2025-05-24,CUST0431,Instagram,Desktop,1,1,1,1
S01151,2025-12-20,CUST0778,Google Ads,Mobile,1,1,1,1
S01152,2025-09-08,CUST0763,Instagram,Mobile,1,1,1,1
S01153,2025-09-02,CUST0152,Google Ads,Mobile,1,1,1,1
S01154,2025-01-18,CUST0818,Instagram,Mobile,0,0,0,0
S01155,2025-07-22,CUST0708,Instagram,Mobile,1,0,0,0
S01156,2025-07-23,CUST0126,Organic,Mobile,1,1,0,0
S01157,2025-01-02,CUST0043,Google Ads,Mobile,1,1,1,1
S01158,2025-02-23,CUST0421,Email,Mobile,1,0,0,0
S01159,2025-06-15,CUST0685,Google Ads,Mobile,1,1,1,0
S01160,2025-12-19,CUST0490,Organic,Desktop,1,1,0,0
S01161,2025-11-25,CUST0566,Direct,Desktop,1,0,0,0
S01162,2025-05-23,CUST0253,Organic,Mobile,0,0,0,0
S01163,2025-04-02,CUST0999,Direct,Desktop,1,0,0,0
S01164,2025-01-08,CUST0811,Email,Mobile,1,0,0,0
S01165,2025-09-09,CUST0708,Organic,Desktop,1,0,0,0
S01166,2025-04-10,CUST0484,Instagram,Mobile,1,1,1,0
S01167,2025-02-08,CUST0293,Instagram,Mobile,1,0,0,0
S01168,2025-05-16,CUST0217,Direct,Desktop,1,0,0,0
S01169,2025-12-28,CUST0169,Direct,Desktop,1,1,1,1
S01170,2025-02-19,CUST0734,Organic,Desktop,1,1,0,0
S01171,2025-03-24,CUST0640,Instagram,Mobile,1,0,0,0
S01172,2025-09-11,CUST0385,Organic,Mobile,1,0,0,0
S01173,2025-07-15,CUST0861,Instagram,Mobile,1,1,1,1
S01174,2025-01-27,CUST0016,Direct,Desktop,1,1,1,1
S01175,2025-03-18,CUST0037,Direct,Mobile,0,0,0,0
S01176,2025-10-21,CUST0421,Google Ads,Desktop,0,0,0,0
S01177,2025-09-12,CUST0903,Organic,Tablet,1,1,1,1
S01178,2025-01-21,CUST0296,Google Ads,Mobile,1,1,1,1
S01179,2025-08-06,CUST0435,Instagram,Desktop,1,1,1,1
S01180,2025-02-14,CUST0320,Direct,Mobile,1,1,1,1
S01181,2025-07-01,CUST0737,Direct,Mobile,1,1,0,0
S01182,2025-10-13,CUST0626,Instagram,Desktop,1,1,1,1
S01183,2025-12-17,CUST0534,Organic,Mobile,1,0,0,0
S01184,2025-05-24,CUST0299,Direct,Mobile,1,1,1,1
S01185,2025-02-21,CUST0574,Email,Mobile,1,0,0,0
S01186,2025-09-08,CUST0694,Instagram,Desktop,1,1,0,0
S01187,2025-04-16,CUST0923,Instagram,Mobile,0,0,0,0
S01188,2025-10-24,CUST0797,Organic,Mobile,1,0,0,0
S01189,2025-07-18,CUST0016,Organic,Mobile,1,1,1,1
S01190,2025-12-03,CUST0981,Organic,Tablet,1,1,1,1
S01191,2025-10-07,CUST0395,Google Ads,Mobile,1,1,1,1
S01192,2025-05-28,CUST0277,Email,Mobile,1,0,0,0
S01193,2025-04-13,CUST0649,Email,Mobile,1,0,0,0
S01194,2025-01-02,CUST0283,Organic,Mobile,1,0,0,0
S01195,2025-09-13,CUST0639,Organic,Mobile,0,0,0,0
S01196,2025-03-01,CUST0999,Email,Mobile,1,1,1,0
S01197,2025-11-03,CUST0086,Google Ads,Mobile,1,1,0,0
S01198,2025-04-01,CUST0207,Direct,Mobile,0,0,0,0
S01199,2025-04-11,CUST0875,Google Ads,Desktop,1,1,1,0
S01200,2025-04-24,CUST0663,Instagram,Desktop,1,1,1,1
S01201,2025-09-19,CUST0563,Google Ads,Mobile,0,0,0,0
S01202,2025-02-23,CUST0477,Email,Mobile,1,1,0,0
S01203,2025-07-07,CUST0743,Organic,Desktop,1,1,0,0
S01204,2025-01-27,CUST0592,Direct,Desktop,1,1,1,1
S01205,2025-08-28,CUST0131,Email,Mobile,1,0,0,0
S01206,2025-03-21,CUST0400,Direct,Desktop,0,0,0,0
S01207,2025-07-09,CUST0136,Direct,Desktop,1,1,1,1
S01208,2025-11-15,CUST0346,Instagram,Mobile,1,1,1,1
S01209,2025-12-21,CUST0170,Google Ads,Mobile,1,1,0,0
S01210,2025-04-01,CUST0969,Google Ads,Desktop,1,1,1,1
S01211,2025-02-04,CUST0163,Google Ads,Mobile,0,0,0,0
S01212,2025-02-27,CUST0199,Organic,Mobile,1,1,0,0
S01213,2025-07-08,CUST0968,Direct,Mobile,1,1,1,0
S01214,2025-09-10,CUST0739,Direct,Mobile,1,1,0,0
S01215,2025-02-05,CUST0048,Email,Mobile,1,1,1,1
S01216,2025-12-24,CUST0822,Instagram,Desktop,1,1,1,1
S01217,2025-04-02,CUST0765,Email,Tablet,1,0,0,0
S01218,2025-02-25,CUST0494,Email,Mobile,1,1,0,0
S01219,2025-03-08,CUST0103,Google Ads,Mobile,1,0,0,0
S01220,2025-11-09,CUST0548,Organic,Mobile,0,0,0,0
S01221,2025-06-18,CUST0006,Organic,Mobile,1,1,0,0
S01222,2025-10-14,CUST0711,Google Ads,Mobile,0,0,0,0
S01223,2025-05-11,CUST0012,Organic,Desktop,1,0,0,0
S01224,2025-06-15,CUST0103,Email,Mobile,1,1,1,1
S01225,2025-02-21,CUST0699,Organic,Mobile,0,0,0,0
S01226,2025-06-01,CUST0833,Direct,Mobile,1,1,1,1
S01227,2025-04-15,CUST0690,Direct,Mobile,1,1,1,1
S01228,2025-04-02,CUST0427,Instagram,Mobile,1,0,0,0
S01229,2025-07-20,CUST0171,Organic,Mobile,1,0,0,0
S01230,2025-10-20,CUST0689,Google Ads,Mobile,0,0,0,0
S01231,2025-08-07,CUST0089,Instagram,Desktop,0,0,0,0
S01232,2025-03-08,CUST0716,Organic,Mobile,1,0,0,0
S01233,2025-06-18,CUST0439,Google Ads,Desktop,1,0,0,0
S01234,2025-11-01,CUST0347,Direct,Desktop,1,1,0,0
S01235,2025-01-28,CUST0855,Organic,Mobile,1,0,0,0
S01236,2025-10-15,CUST0211,Instagram,Desktop,0,0,0,0
S01237,2025-12-21,CUST0725,Google Ads,Desktop,1,1,0,0
S01238,2025-11-23,CUST0434,Email,Mobile,1,0,0,0
S01239,2025-02-01,CUST0533,Organic,Tablet,1,1,1,1
S01240,2025-06-15,CUST0600,Email,Mobile,1,0,0,0
S01241,2025-05-16,CUST0525,Organic,Mobile,1,0,0,0
S01242,2025-03-09,CUST0426,Direct,Desktop,1,1,1,0
S01243,2025-06-03,CUST0996,Email,Mobile,1,0,0,0
S01244,2025-11-22,CUST0120,Google Ads,Desktop,1,0,0,0
S01245,2025-10-31,CUST0911,Direct,Mobile,1,1,1,1
S01246,2025-04-06,CUST0178,Email,Mobile,1,0,0,0
S01247,2025-07-16,CUST0129,Email,Mobile,1,1,0,0
S01248,2025-04-18,CUST0563,Instagram,Desktop,1,1,1,1
S01249,2025-02-15,CUST0418,Google Ads,Mobile,1,1,1,1
S01250,2025-07-05,CUST0554,Organic,Mobile,1,1,1,1
S01251,2025-11-19,CUST0318,Direct,Mobile,0,0,0,0
S01252,2025-10-12,CUST0607,Google Ads,Desktop,1,1,0,0
S01253,2025-03-24,CUST0242,Direct,Mobile,1,1,1,1
S01254,2025-05-18,CUST0928,Organic,Desktop,1,1,1,1
S01255,2025-11-23,CUST0356,Organic,Mobile,1,1,1,0
S01256,2025-08-25,CUST0573,Email,Mobile,1,0,0,0
S01257,2025-11-17,CUST0861,Organic,Desktop,1,1,1,1
S01258,2025-05-25,CUST0438,Instagram,Desktop,0,0,0,0
S01259,2025-10-05,CUST0458,Direct,Desktop,1,1,1,1
S01260,2025-04-10,CUST0442,Organic,Desktop,1,1,1,1
S01261,2025-01-14,CUST0981,Instagram,Mobile,1,1,1,1
S01262,2025-09-19,CUST0228,Direct,Mobile,1,0,0,0
S01263,2025-02-16,CUST0408,Organic,Mobile,1,1,1,1
S01264,2025-08-13,CUST0923,Instagram,Tablet,1,0,0,0
S01265,2025-05-24,CUST0277,Email,Mobile,1,1,1,1
S01266,2025-07-15,CUST0018,Direct,Mobile,1,0,0,0
S01267,2025-10-17,CUST0756,Email,Mobile,1,1,1,1
S01268,2025-09-14,CUST0311,Direct,Desktop,1,1,0,0
S01269,2025-01-08,CUST0324,Organic,Mobile,1,0,0,0
S01270,2025-10-05,CUST0047,Organic,Mobile,1,1,1,1
S01271,2025-11-20,CUST0822,Email,Mobile,1,0,0,0
S01272,2025-10-17,CUST0530,Email,Tablet,1,1,1,1
S01273,2025-10-20,CUST0896,Google Ads,Mobile,1,0,0,0
S01274,2025-01-23,CUST0713,Email,Desktop,1,0,0,0
S01275,2025-03-25,CUST0500,Direct,Desktop,1,1,1,1
S01276,2025-09-12,CUST0765,Google Ads,Desktop,1,0,0,0
S01277,2025-01-24,CUST0192,Direct,Mobile,1,1,1,1
S01278,2025-11-21,CUST0049,Email,Mobile,1,1,1,1
S01279,2025-12-02,CUST0094,Google Ads,Desktop,1,1,0,0
S01280,2025-11-12,CUST0931,Instagram,Mobile,1,0,0,0
S01281,2025-02-07,CUST0749,Email,Desktop,0,0,0,0
S01282,2025-08-09,CUST0734,Google Ads,Desktop,0,0,0,0
S01283,2025-08-02,CUST0167,Direct,Desktop,0,0,0,0
S01284,2025-11-29,CUST0494,Email,Mobile,0,0,0,0
S01285,2025-03-26,CUST0254,Google Ads,Mobile,1,1,1,1
S01286,2025-01-04,CUST0954,Direct,Mobile,1,1,0,0
S01287,2025-07-14,CUST0057,Email,Tablet,0,0,0,0
S01288,2025-04-24,CUST0006,Organic,Mobile,0,0,0,0
S01289,2025-08-03,CUST0974,Google Ads,Mobile,1,1,1,1
S01290,2025-12-02,CUST0238,Organic,Mobile,1,1,1,1
S01291,2025-12-31,CUST0733,Google Ads,Desktop,0,0,0,0
S01292,2025-05-21,CUST0224,Email,Mobile,1,0,0,0
S01293,2025-06-16,CUST0590,Direct,Desktop,0,0,0,0
S01294,2025-10-14,CUST0020,Email,Desktop,1,1,1,1
S01295,2025-12-01,CUST0818,Email,Mobile,0,0,0,0
S01296,2025-01-05,CUST0777,Google Ads,Mobile,0,0,0,0
S01297,2025-05-07,CUST0204,Google Ads,Mobile,1,1,1,1
S01298,2025-03-27,CUST0142,Direct,Mobile,1,1,1,1
S01299,2025-03-27,CUST0376,Google Ads,Mobile,1,1,0,0
S01300,2025-01-24,CUST0407,Instagram,Mobile,1,0,0,0
S01301,2025-02-14,CUST0816,Email,Mobile,1,1,1,1
S01302,2025-04-21,CUST0994,Organic,Desktop,1,1,1,1
S01303,2025-10-17,CUST0080,Direct,Mobile,1,0,0,0
S01304,2025-07-04,CUST0210,Instagram,Mobile,1,1,1,1
S01305,2025-08-23,CUST0768,Google Ads,Mobile,1,0,0,0
S01306,2025-06-06,CUST0312,Email,Mobile,0,0,0,0
S01307,2025-06-10,CUST0377,Organic,Desktop,1,0,0,0
S01308,2025-07-19,CUST0040,Direct,Mobile,1,1,1,1
S01309,2025-05-02,CUST0353,Google Ads,Tablet,1,1,1,0
S01310,2025-08-12,CUST0453,Instagram,Mobile,1,1,1,1
S01311,2025-12-31,CUST0423,Direct,Tablet,1,0,0,0
S01312,2025-01-23,CUST0714,Google Ads,Tablet,1,0,0,0
S01313,2025-07-16,CUST0086,Email,Mobile,1,1,1,1
S01314,2025-10-12,CUST0555,Direct,Mobile,1,0,0,0
S01315,2025-01-06,CUST0236,Organic,Mobile,1,1,0,0
S01316,2025-11-04,CUST0993,Email,Desktop,1,0,0,0
S01317,2025-12-11,CUST0890,Email,Desktop,1,0,0,0
S01318,2025-03-30,CUST0415,Direct,Mobile,1,0,0,0
S01319,2025-09-30,CUST0582,Instagram,Mobile,1,1,1,1
S01320,2025-10-11,CUST0356,Direct,Desktop,1,1,1,1
S01321,2025-09-22,CUST0643,Google Ads,Mobile,1,1,1,1
S01322,2025-04-25,CUST0644,Organic,Mobile,1,1,0,0
S01323,2025-05-04,CUST0248,Organic,Mobile,1,0,0,0
S01324,2025-09-17,CUST0667,Google Ads,Desktop,1,1,1,0
S01325,2025-06-18,CUST0742,Email,Desktop,1,0,0,0
S01326,2025-02-05,CUST0601,Instagram,Mobile,1,1,0,0
S01327,2025-08-17,CUST0229,Direct,Mobile,0,0,0,0
S01328,2025-05-14,CUST0539,Google Ads,Mobile,1,0,0,0
S01329,2025-09-01,CUST0361,Organic,Mobile,1,1,1,0
S01330,2025-03-06,CUST0868,Direct,Mobile,1,1,0,0
S01331,2025-08-25,CUST0750,Google Ads,Mobile,1,1,1,0
S01332,2025-01-03,CUST0175,Email,Desktop,1,0,0,0
S01333,2025-02-06,CUST0828,Organic,Mobile,1,0,0,0
S01334,2025-04-19,CUST0804,Instagram,Mobile,1,1,1,1
S01335,2025-09-07,CUST0374,Google Ads,Mobile,0,0,0,0
S01336,2025-01-03,CUST0942,Direct,Mobile,1,1,1,0
S01337,2025-08-23,CUST0061,Organic,Mobile,1,1,1,1
S01338,2025-09-08,CUST0170,Email,Mobile,1,1,0,0
S01339,2025-05-23,CUST0507,Google Ads,Mobile,1,0,0,0
S01340,2025-09-05,CUST0775,Google Ads,Mobile,1,0,0,0
S01341,2025-02-25,CUST0414,Direct,Mobile,1,1,1,0
S01342,2025-03-02,CUST0818,Organic,Mobile,1,0,0,0
S01343,2025-03-09,CUST0116,Direct,Mobile,1,0,0,0
S01344,2025-03-20,CUST0175,Direct,Mobile,1,1,0,0
S01345,2025-11-23,CUST0733,Instagram,Mobile,1,0,0,0
S01346,2025-07-15,CUST0424,Google Ads,Mobile,0,0,0,0
S01347,2025-07-14,CUST0128,Organic,Desktop,1,1,1,1
S01348,2025-01-23,CUST0489,Google Ads,Mobile,1,1,1,1
S01349,2025-01-14,CUST0005,Google Ads,Mobile,1,1,1,0
S01350,2025-10-16,CUST0326,Direct,Desktop,1,1,1,0
S01351,2025-01-09,CUST0698,Instagram,Mobile,1,0,0,0
S01352,2025-05-20,CUST0172,Google Ads,Mobile,1,1,0,0
S01353,2025-08-30,CUST0199,Email,Mobile,1,1,0,0
S01354,2025-09-10,CUST0231,Google Ads,Desktop,1,0,0,0
S01355,2025-08-15,CUST0800,Organic,Mobile,1,1,1,1
S01356,2025-04-05,CUST0847,Organic,Desktop,1,0,0,0
S01357,2025-06-28,CUST0627,Organic,Desktop,1,1,0,0
S01358,2025-01-03,CUST0333,Organic,Desktop,1,1,1,1
S01359,2025-07-03,CUST0466,Instagram,Mobile,1,0,0,0
S01360,2025-02-15,CUST0842,Email,Mobile,1,0,0,0
S01361,2025-10-19,CUST0424,Organic,Mobile,1,1,1,1
S01362,2025-05-21,CUST0313,Direct,Mobile,1,1,1,1
S01363,2025-01-13,CUST0523,Instagram,Mobile,1,1,1,1
S01364,2025-07-05,CUST0424,Google Ads,Desktop,1,1,1,0
S01365,2025-03-26,CUST0616,Google Ads,Desktop,0,0,0,0
S01366,2025-02-12,CUST0175,Organic,Desktop,1,0,0,0
S01367,2025-06-05,CUST0898,Instagram,Mobile,1,1,1,1
S01368,2025-07-03,CUST0987,Instagram,Mobile,0,0,0,0
S01369,2025-02-16,CUST0948,Google Ads,Mobile,1,0,0,0
S01370,2025-07-25,CUST0374,Email,Desktop,1,1,1,1
S01371,2025-07-29,CUST0632,Direct,Mobile,1,1,0,0
S01372,2025-10-02,CUST0237,Organic,Mobile,1,1,1,1
S01373,2025-03-24,CUST0748,Direct,Mobile,1,0,0,0
S01374,2025-04-07,CUST0968,Google Ads,Tablet,1,1,1,1
S01375,2025-06-28,CUST0817,Instagram,Desktop,0,0,0,0
S01376,2025-12-21,CUST0443,Instagram,Desktop,1,1,1,1
S01377,2025-05-28,CUST0038,Organic,Tablet,1,1,1,0
S01378,2025-10-12,CUST0784,Google Ads,Mobile,1,0,0,0
S01379,2025-03-13,CUST0888,Direct,Desktop,1,1,1,0
S01380,2025-08-05,CUST0856,Organic,Mobile,1,1,0,0
S01381,2025-07-28,CUST0763,Instagram,Mobile,1,0,0,0
S01382,2025-11-17,CUST0983,Organic,Mobile,1,1,1,1
S01383,2025-10-21,CUST0887,Organic,Mobile,1,0,0,0
S01384,2025-05-04,CUST0846,Direct,Desktop,1,1,1,1
S01385,2025-12-16,CUST0539,Instagram,Mobile,1,0,0,0
S01386,2025-06-05,CUST0842,Instagram,Desktop,1,1,1,1
S01387,2025-02-02,CUST0635,Direct,Desktop,0,0,0,0
S01388,2025-09-26,CUST0156,Instagram,Mobile,1,1,1,1
S01389,2025-08-04,CUST0729,Organic,Mobile,1,1,0,0
S01390,2025-04-11,CUST0194,Email,Mobile,1,1,1,1
S01391,2025-06-29,CUST0813,Google Ads,Mobile,1,1,1,1
S01392,2025-05-07,CUST0161,Email,Mobile,1,0,0,0
S01393,2025-11-29,CUST0640,Google Ads,Desktop,1,1,1,1
S01394,2025-06-18,CUST0828,Instagram,Mobile,0,0,0,0
S01395,2025-11-01,CUST0690,Organic,Mobile,0,0,0,0
S01396,2025-05-15,CUST0126,Direct,Mobile,0,0,0,0
S01397,2025-10-19,CUST0686,Organic,Desktop,1,0,0,0
S01398,2025-04-03,CUST0547,Direct,Mobile,1,1,1,1
S01399,2025-08-09,CUST0239,Instagram,Desktop,1,0,0,0
S01400,2025-06-04,CUST0041,Direct,Mobile,1,1,1,1
S01401,2025-10-07,CUST0186,Email,Mobile,1,1,1,1
S01402,2025-07-18,CUST0461,Google Ads,Mobile,1,1,1,1
S01403,2025-12-03,CUST0695,Instagram,Desktop,1,0,0,0
S01404,2025-08-29,CUST0389,Email,Mobile,1,0,0,0
S01405,2025-04-08,CUST0261,Google Ads,Desktop,1,0,0,0
S01406,2025-09-07,CUST0406,Google Ads,Desktop,1,1,1,1
S01407,2025-04-15,CUST0546,Google Ads,Mobile,1,0,0,0
S01408,2025-09-18,CUST0449,Google Ads,Mobile,1,1,1,1
S01409,2025-05-09,CUST0699,Organic,Desktop,1,1,0,0
S01410,2025-11-23,CUST0401,Organic,Desktop,1,1,1,1
S01411,2025-09-16,CUST0307,Instagram,Mobile,1,0,0,0
S01412,2025-10-19,CUST0945,Google Ads,Mobile,1,1,1,0
S01413,2025-05-20,CUST0137,Direct,Mobile,1,0,0,0
S01414,2025-01-15,CUST0202,Instagram,Desktop,0,0,0,0
S01415,2025-07-03,CUST0893,Instagram,Desktop,1,0,0,0
S01416,2025-01-16,CUST0655,Email,Desktop,1,1,1,0
S01417,2025-08-09,CUST0621,Organic,Mobile,1,1,1,1
S01418,2025-03-04,CUST0157,Direct,Mobile,1,0,0,0
S01419,2025-08-29,CUST0255,Instagram,Mobile,1,1,1,1
S01420,2025-10-06,CUST0181,Direct,Tablet,1,0,0,0
S01421,2025-11-29,CUST0409,Instagram,Desktop,1,1,0,0
S01422,2025-09-14,CUST0853,Google Ads,Desktop,1,1,1,1
S01423,2025-07-04,CUST0977,Email,Desktop,0,0,0,0
S01424,2025-03-17,CUST0731,Google Ads,Desktop,1,0,0,0
S01425,2025-01-27,CUST0028,Email,Desktop,1,0,0,0
S01426,2025-01-25,CUST0663,Instagram,Mobile,1,1,1,1
S01427,2025-12-08,CUST0871,Instagram,Mobile,1,1,1,1
S01428,2025-03-03,CUST0612,Google Ads,Desktop,1,1,1,1
S01429,2025-05-26,CUST0515,Organic,Desktop,1,1,1,1
S01430,2025-08-21,CUST0545,Organic,Mobile,1,1,0,0
S01431,2025-12-15,CUST0199,Direct,Mobile,1,0,0,0
S01432,2025-10-13,CUST0069,Email,Desktop,0,0,0,0
S01433,2025-03-25,CUST0602,Direct,Mobile,0,0,0,0
S01434,2025-06-24,CUST0017,Google Ads,Mobile,0,0,0,0
S01435,2025-06-19,CUST0849,Instagram,Mobile,0,0,0,0
S01436,2025-10-17,CUST0879,Organic,Mobile,0,0,0,0
S01437,2025-01-04,CUST0835,Direct,Tablet,1,0,0,0
S01438,2025-10-14,CUST0835,Google Ads,Desktop,1,1,0,0
S01439,2025-11-03,CUST0546,Google Ads,Mobile,1,1,1,1
S01440,2025-02-19,CUST0776,Instagram,Desktop,1,1,1,1
S01441,2025-09-27,CUST0813,Google Ads,Mobile,1,0,0,0
S01442,2025-01-08,CUST0060,Email,Mobile,0,0,0,0
S01443,2025-12-23,CUST0184,Email,Desktop,1,0,0,0
S01444,2025-03-10,CUST0838,Direct,Desktop,1,0,0,0
S01445,2025-05-19,CUST0869,Google Ads,Mobile,1,0,0,0
S01446,2025-09-05,CUST0365,Google Ads,Desktop,1,1,0,0
S01447,2025-01-29,CUST0918,Organic,Desktop,1,0,0,0
S01448,2025-07-02,CUST0929,Instagram,Mobile,0,0,0,0
S01449,2025-08-01,CUST0434,Direct,Mobile,1,0,0,0
S01450,2025-11-16,CUST0199,Instagram,Desktop,1,1,1,1
S01451,2025-11-01,CUST0753,Email,Tablet,1,1,1,0
S01452,2025-01-19,CUST0232,Direct,Mobile,0,0,0,0
S01453,2025-08-14,CUST0723,Organic,Mobile,1,0,0,0
S01454,2025-08-18,CUST0368,Instagram,Desktop,0,0,0,0
S01455,2025-12-05,CUST0430,Google Ads,Mobile,1,1,1,1
S01456,2025-04-06,CUST0564,Instagram,Mobile,1,1,1,0
S01457,2025-04-25,CUST0119,Organic,Mobile,0,0,0,0
S01458,2025-12-25,CUST0330,Google Ads,Mobile,0,0,0,0
S01459,2025-06-29,CUST0215,Google Ads,Mobile,1,1,1,1
S01460,2025-03-19,CUST0322,Google Ads,Mobile,1,1,1,1
S01461,2025-11-23,CUST0149,Direct,Mobile,1,0,0,0
S01462,2025-10-03,CUST0408,Instagram,Mobile,1,1,1,1
S01463,2025-12-18,CUST0688,Organic,Mobile,1,0,0,0
S01464,2025-07-01,CUST0377,Organic,Mobile,1,1,1,1
S01465,2025-04-05,CUST0781,Google Ads,Mobile,1,0,0,0
S01466,2025-03-27,CUST0320,Direct,Desktop,1,0,0,0
S01467,2025-04-05,CUST0005,Direct,Desktop,1,1,1,1
S01468,2025-12-01,CUST0402,Organic,Desktop,1,1,1,1
S01469,2025-05-25,CUST0628,Organic,Mobile,0,0,0,0
S01470,2025-09-05,CUST0203,Instagram,Desktop,1,1,1,1
S01471,2025-06-30,CUST0037,Google Ads,Desktop,1,0,0,0
S01472,2025-10-20,CUST0054,Direct,Tablet,1,1,1,1
S01473,2025-01-19,CUST0288,Email,Mobile,1,1,0,0
S01474,2025-05-18,CUST0284,Direct,Desktop,1,0,0,0
S01475,2025-02-13,CUST0598,Direct,Mobile,1,0,0,0
S01476,2025-08-14,CUST0045,Instagram,Desktop,1,1,1,1
S01477,2025-12-11,CUST0284,Organic,Mobile,1,1,0,0
S01478,2025-02-06,CUST0833,Instagram,Desktop,0,0,0,0
S01479,2025-11-10,CUST0582,Google Ads,Mobile,0,0,0,0
S01480,2025-08-08,CUST0971,Google Ads,Mobile,1,1,1,0
S01481,2025-05-08,CUST0042,Instagram,Mobile,1,1,0,0
S01482,2025-05-23,CUST0417,Organic,Mobile,1,0,0,0
S01483,2025-07-02,CUST0272,Organic,Mobile,1,1,1,1
S01484,2025-02-12,CUST0141,Instagram,Mobile,1,1,1,1
S01485,2025-07-29,CUST0917,Direct,Mobile,1,1,1,1
S01486,2025-02-17,CUST0571,Email,Desktop,0,0,0,0
S01487,2025-11-08,CUST0752,Google Ads,Mobile,1,0,0,0
S01488,2025-08-08,CUST0047,Organic,Mobile,1,1,1,1
S01489,2025-07-15,CUST0167,Direct,Mobile,1,0,0,0
S01490,2025-06-21,CUST0622,Google Ads,Desktop,0,0,0,0
S01491,2025-08-25,CUST0126,Google Ads,Mobile,1,1,1,0
S01492,2025-06-24,CUST0472,Organic,Mobile,1,1,1,1
S01493,2025-02-01,CUST0811,Direct,Mobile,1,1,1,1
S01494,2025-08-12,CUST0923,Direct,Mobile,1,1,0,0
S01495,2025-02-23,CUST0621,Direct,Desktop,1,0,0,0
S01496,2025-07-05,CUST0677,Google Ads,Tablet,1,0,0,0
S01497,2025-08-22,CUST0370,Instagram,Mobile,1,0,0,0
S01498,2025-11-13,CUST0771,Organic,Mobile,1,1,1,1
S01499,2025-08-19,CUST0588,Organic,Desktop,1,1,1,1
S01500,2025-04-20,CUST0007,Instagram,Desktop,1,0,0,0
S01501,2025-04-10,CUST0698,Organic,Mobile,0,0,0,0
S01502,2025-07-19,CUST0276,Organic,Mobile,1,1,1,1
S01503,2025-07-30,CUST0591,Direct,Mobile,1,0,0,0
S01504,2025-08-09,CUST0065,Google Ads,Desktop,1,1,0,0
S01505,2025-11-21,CUST0627,Email,Mobile,0,0,0,0
S01506,2025-05-30,CUST0202,Instagram,Desktop,1,0,0,0
S01507,2025-06-12,CUST0142,Organic,Mobile,1,1,0,0
S01508,2025-05-23,CUST0975,Instagram,Mobile,1,1,0,0
S01509,2025-09-15,CUST0098,Email,Desktop,1,1,0,0
S01510,2025-09-02,CUST0817,Instagram,Mobile,1,0,0,0
S01511,2025-05-30,CUST0217,Organic,Mobile,1,1,1,1
S01512,2025-04-22,CUST0991,Organic,Mobile,1,0,0,0
S01513,2025-04-09,CUST0586,Google Ads,Desktop,1,1,1,1
S01514,2025-04-13,CUST0293,Instagram,Mobile,1,0,0,0
S01515,2025-07-30,CUST0508,Instagram,Tablet,1,0,0,0
S01516,2025-01-12,CUST0134,Google Ads,Desktop,1,1,0,0
S01517,2025-08-14,CUST0262,Email,Mobile,1,1,1,0
S01518,2025-10-28,CUST0284,Instagram,Desktop,1,1,0,0
S01519,2025-05-28,CUST0102,Google Ads,Desktop,1,1,1,1
S01520,2025-06-28,CUST0377,Instagram,Mobile,0,0,0,0
S01521,2025-01-07,CUST0206,Direct,Mobile,1,1,1,1
S01522,2025-06-01,CUST0653,Email,Mobile,1,0,0,0
S01523,2025-11-19,CUST0013,Google Ads,Mobile,1,0,0,0
S01524,2025-03-11,CUST0761,Organic,Mobile,1,0,0,0
S01525,2025-12-19,CUST0123,Google Ads,Mobile,1,0,0,0
S01526,2025-02-22,CUST0010,Direct,Mobile,1,1,0,0
S01527,2025-06-11,CUST0592,Email,Mobile,1,0,0,0
S01528,2025-04-03,CUST0167,Email,Desktop,1,0,0,0
S01529,2025-05-31,CUST0611,Instagram,Desktop,1,1,1,1
S01530,2025-02-27,CUST0719,Instagram,Desktop,1,0,0,0
S01531,2025-07-15,CUST0151,Google Ads,Mobile,0,0,0,0
S01532,2025-11-21,CUST0037,Instagram,Mobile,0,0,0,0
S01533,2025-07-27,CUST0889,Organic,Mobile,0,0,0,0
S01534,2025-10-30,CUST0776,Google Ads,Mobile,1,1,0,0
S01535,2025-10-26,CUST0474,Organic,Desktop,0,0,0,0
S01536,2025-03-03,CUST0444,Email,Desktop,1,1,1,1
S01537,2025-07-14,CUST0342,Email,Desktop,1,1,1,1
S01538,2025-02-24,CUST0005,Google Ads,Desktop,0,0,0,0
S01539,2025-12-29,CUST0890,Email,Mobile,1,1,0,0
S01540,2025-02-18,CUST0226,Google Ads,Desktop,1,0,0,0
S01541,2025-04-16,CUST0539,Email,Desktop,1,1,0,0
S01542,2025-03-19,CUST0124,Organic,Mobile,1,0,0,0
S01543,2025-10-11,CUST0403,Direct,Tablet,1,1,1,1
S01544,2025-02-26,CUST0939,Google Ads,Mobile,1,1,0,0
S01545,2025-06-18,CUST0811,Google Ads,Tablet,1,0,0,0
S01546,2025-07-26,CUST0035,Instagram,Desktop,1,0,0,0
S01547,2025-09-17,CUST0237,Organic,Mobile,1,1,1,1
S01548,2025-10-03,CUST0468,Direct,Mobile,1,0,0,0
S01549,2025-12-11,CUST0499,Direct,Desktop,1,0,0,0
S01550,2025-06-12,CUST0512,Direct,Mobile,1,0,0,0
S01551,2025-09-01,CUST0823,Direct,Mobile,1,0,0,0
S01552,2025-09-07,CUST0317,Organic,Mobile,1,1,1,1
S01553,2025-11-05,CUST0303,Organic,Mobile,1,0,0,0
S01554,2025-02-08,CUST0102,Direct,Mobile,1,1,1,1
S01555,2025-11-05,CUST0589,Organic,Tablet,1,0,0,0
S01556,2025-05-01,CUST0312,Organic,Desktop,1,0,0,0
S01557,2025-03-27,CUST0082,Direct,Mobile,1,1,0,0
S01558,2025-04-09,CUST0658,Google Ads,Mobile,1,0,0,0
S01559,2025-09-03,CUST0193,Instagram,Desktop,0,0,0,0
S01560,2025-12-14,CUST0224,Google Ads,Mobile,0,0,0,0
S01561,2025-07-27,CUST0053,Direct,Mobile,1,0,0,0
S01562,2025-04-23,CUST0345,Email,Mobile,1,0,0,0
S01563,2025-03-24,CUST0085,Email,Mobile,1,1,1,0
S01564,2025-03-06,CUST0987,Direct,Mobile,1,1,0,0
S01565,2025-01-01,CUST0907,Google Ads,Mobile,1,0,0,0
S01566,2025-06-23,CUST0880,Organic,Desktop,1,0,0,0
S01567,2025-09-07,CUST0641,Instagram,Mobile,1,0,0,0
S01568,2025-08-14,CUST0211,Organic,Mobile,1,1,1,1
S01569,2025-10-11,CUST0864,Organic,Mobile,0,0,0,0
S01570,2025-03-25,CUST0776,Instagram,Mobile,1,0,0,0
S01571,2025-08-27,CUST0915,Instagram,Desktop,1,0,0,0
S01572,2025-01-28,CUST0183,Google Ads,Mobile,1,1,0,0
S01573,2025-10-14,CUST0272,Organic,Desktop,1,0,0,0
S01574,2025-11-24,CUST0506,Instagram,Tablet,0,0,0,0
S01575,2025-10-31,CUST0227,Instagram,Mobile,1,1,0,0
S01576,2025-10-09,CUST0834,Instagram,Mobile,1,1,1,1
S01577,2025-07-02,CUST0012,Organic,Mobile,1,1,1,0
S01578,2025-12-11,CUST0093,Instagram,Desktop,1,0,0,0
S01579,2025-05-15,CUST0330,Google Ads,Desktop,0,0,0,0
S01580,2025-12-27,CUST0190,Organic,Mobile,0,0,0,0
S01581,2025-02-26,CUST0598,Google Ads,Desktop,1,1,0,0
S01582,2025-04-25,CUST0866,Email,Mobile,1,1,1,0
S01583,2025-07-05,CUST0954,Organic,Tablet,1,1,0,0
S01584,2025-01-01,CUST0789,Organic,Desktop,1,1,1,1
S01585,2025-12-04,CUST0293,Google Ads,Desktop,1,0,0,0
S01586,2025-01-29,CUST0261,Direct,Mobile,1,1,0,0
S01587,2025-08-20,CUST0710,Direct,Mobile,1,1,1,1
S01588,2025-05-30,CUST0928,Organic,Mobile,1,1,1,1
S01589,2025-07-09,CUST0323,Organic,Mobile,1,0,0,0
S01590,2025-09-27,CUST0010,Instagram,Desktop,1,1,0,0
S01591,2025-09-05,CUST0965,Google Ads,Desktop,1,1,1,1
S01592,2025-11-23,CUST0088,Google Ads,Desktop,1,1,1,1
S01593,2025-07-14,CUST0340,Direct,Mobile,1,1,0,0
S01594,2025-09-12,CUST0318,Direct,Mobile,1,0,0,0
S01595,2025-03-20,CUST0549,Google Ads,Mobile,1,1,1,0
S01596,2025-12-29,CUST0223,Instagram,Desktop,1,1,1,0
S01597,2025-04-08,CUST0687,Instagram,Desktop,1,0,0,0
S01598,2025-05-30,CUST0209,Google Ads,Mobile,1,1,1,0
S01599,2025-10-01,CUST0049,Email,Mobile,0,0,0,0
S01600,2025-10-29,CUST0536,Google Ads,Desktop,1,0,0,0
S01601,2025-12-04,CUST0850,Instagram,Mobile,0,0,0,0
S01602,2025-05-03,CUST0922,Google Ads,Tablet,1,1,0,0
S01603,2025-04-08,CUST0618,Google Ads,Desktop,1,1,1,1
S01604,2025-06-13,CUST0823,Instagram,Mobile,1,1,1,1
S01605,2025-02-15,CUST0263,Email,Desktop,1,1,1,1
S01606,2025-12-25,CUST0206,Instagram,Desktop,1,1,1,1
S01607,2025-08-27,CUST0681,Google Ads,Mobile,1,0,0,0
S01608,2025-08-18,CUST0497,Direct,Mobile,1,0,0,0
S01609,2025-10-20,CUST0898,Email,Desktop,1,0,0,0
S01610,2025-09-01,CUST0670,Instagram,Desktop,1,1,1,1
S01611,2025-01-18,CUST0753,Google Ads,Mobile,1,0,0,0
S01612,2025-06-20,CUST0465,Instagram,Desktop,1,0,0,0
S01613,2025-12-26,CUST0635,Organic,Mobile,1,1,1,1
S01614,2025-06-06,CUST0020,Instagram,Desktop,1,0,0,0
S01615,2025-07-23,CUST0568,Direct,Desktop,1,1,1,1
S01616,2025-05-26,CUST0970,Google Ads,Mobile,1,1,0,0
S01617,2025-05-23,CUST0792,Google Ads,Mobile,0,0,0,0
S01618,2025-07-06,CUST0108,Organic,Desktop,0,0,0,0
S01619,2025-05-02,CUST0140,Instagram,Mobile,1,1,0,0
S01620,2025-12-16,CUST0091,Direct,Desktop,1,1,1,0
S01621,2025-04-10,CUST0271,Instagram,Mobile,1,1,1,1
S01622,2025-10-11,CUST0329,Instagram,Mobile,1,1,1,1
S01623,2025-01-15,CUST0210,Organic,Mobile,1,1,1,1
S01624,2025-02-12,CUST0688,Organic,Mobile,1,1,0,0
S01625,2025-10-16,CUST0573,Google Ads,Tablet,1,1,1,1
S01626,2025-07-06,CUST0455,Email,Mobile,1,1,1,1
S01627,2025-01-08,CUST0284,Google Ads,Mobile,1,0,0,0
S01628,2025-04-22,CUST0366,Google Ads,Desktop,1,1,0,0
S01629,2025-02-02,CUST0484,Google Ads,Mobile,1,1,1,1
S01630,2025-03-31,CUST0003,Organic,Desktop,0,0,0,0
S01631,2025-05-29,CUST0784,Direct,Mobile,1,1,1,1
S01632,2025-07-31,CUST0164,Google Ads,Mobile,1,0,0,0
S01633,2025-04-26,CUST0388,Organic,Desktop,1,0,0,0
S01634,2025-06-22,CUST0995,Organic,Desktop,1,1,1,1
S01635,2025-01-20,CUST0009,Google Ads,Desktop,1,1,0,0
S01636,2025-05-12,CUST0366,Instagram,Desktop,1,1,1,1
S01637,2025-10-19,CUST0012,Direct,Desktop,0,0,0,0
S01638,2025-12-20,CUST0074,Google Ads,Mobile,1,1,1,1
S01639,2025-08-25,CUST0238,Direct,Mobile,0,0,0,0
S01640,2025-03-18,CUST0812,Email,Mobile,1,1,1,1
S01641,2025-08-11,CUST0108,Direct,Desktop,1,1,1,1
S01642,2025-05-06,CUST0962,Instagram,Desktop,1,1,1,1
S01643,2025-02-08,CUST0915,Organic,Mobile,1,1,1,1
S01644,2025-11-23,CUST0525,Email,Mobile,1,1,1,0
S01645,2025-07-28,CUST0234,Instagram,Desktop,1,1,0,0
S01646,2025-04-16,CUST0439,Direct,Mobile,1,1,1,0
S01647,2025-05-20,CUST0757,Organic,Mobile,1,1,1,1
S01648,2025-09-06,CUST0481,Google Ads,Mobile,0,0,0,0
S01649,2025-02-24,CUST0833,Direct,Mobile,1,0,0,0
S01650,2025-04-28,CUST0092,Instagram,Mobile,1,1,1,1
S01651,2025-12-16,CUST0872,Direct,Mobile,1,1,0,0
S01652,2025-06-25,CUST0198,Organic,Mobile,1,0,0,0
S01653,2025-12-20,CUST0116,Google Ads,Mobile,0,0,0,0
S01654,2025-08-01,CUST0643,Email,Tablet,1,1,0,0
S01655,2025-09-22,CUST0365,Organic,Mobile,1,0,0,0
S01656,2025-05-20,CUST0153,Organic,Desktop,1,1,1,1
S01657,2025-11-21,CUST0633,Organic,Mobile,1,1,1,1
S01658,2025-12-05,CUST0108,Instagram,Mobile,1,1,1,1
S01659,2025-10-11,CUST0948,Instagram,Desktop,1,1,1,0
S01660,2025-09-30,CUST0528,Instagram,Desktop,1,0,0,0
S01661,2025-01-22,CUST0811,Google Ads,Mobile,1,1,1,1
S01662,2025-07-06,CUST0056,Organic,Mobile,1,0,0,0
S01663,2025-07-26,CUST0452,Direct,Mobile,1,1,1,1
S01664,2025-05-27,CUST0392,Email,Desktop,1,1,0,0
S01665,2025-06-03,CUST0615,Organic,Desktop,1,0,0,0
S01666,2025-04-18,CUST0208,Email,Mobile,1,1,1,1
S01667,2025-11-12,CUST0510,Email,Desktop,1,0,0,0
S01668,2025-10-27,CUST0940,Organic,Desktop,1,0,0,0
S01669,2025-10-26,CUST0934,Direct,Mobile,0,0,0,0
S01670,2025-05-31,CUST0663,Google Ads,Mobile,1,0,0,0
S01671,2025-06-24,CUST0774,Direct,Mobile,1,1,1,0
S01672,2025-02-24,CUST0555,Email,Mobile,0,0,0,0
S01673,2025-09-24,CUST0300,Email,Mobile,1,0,0,0
S01674,2025-11-07,CUST0976,Organic,Mobile,1,1,0,0
S01675,2025-06-03,CUST0630,Instagram,Tablet,1,0,0,0
S01676,2025-07-09,CUST0848,Google Ads,Mobile,1,0,0,0
S01677,2025-05-29,CUST0279,Organic,Desktop,1,1,1,1
S01678,2025-01-08,CUST0144,Google Ads,Desktop,1,1,1,1
S01679,2025-05-28,CUST0740,Instagram,Desktop,1,0,0,0
S01680,2025-06-22,CUST0204,Instagram,Mobile,1,1,1,1
S01681,2025-03-22,CUST0229,Organic,Mobile,1,1,1,1
S01682,2025-03-20,CUST0265,Instagram,Mobile,0,0,0,0
S01683,2025-11-17,CUST0466,Google Ads,Desktop,0,0,0,0
S01684,2025-03-01,CUST0137,Instagram,Mobile,1,0,0,0
S01685,2025-04-05,CUST0240,Instagram,Mobile,1,0,0,0
S01686,2025-11-08,CUST0981,Organic,Desktop,0,0,0,0
S01687,2025-05-08,CUST0698,Email,Mobile,1,1,1,1
S01688,2025-05-02,CUST0449,Email,Mobile,1,0,0,0
S01689,2025-10-14,CUST0315,Instagram,Desktop,1,1,0,0
S01690,2025-12-07,CUST0151,Organic,Desktop,1,1,1,1
S01691,2025-03-28,CUST0325,Email,Mobile,1,1,1,1
S01692,2025-03-22,CUST0403,Direct,Mobile,1,0,0,0
S01693,2025-01-22,CUST0803,Organic,Desktop,1,1,1,1
S01694,2025-09-09,CUST0353,Google Ads,Mobile,1,1,0,0
S01695,2025-07-09,CUST0951,Instagram,Mobile,1,1,1,1
S01696,2025-11-08,CUST0110,Organic,Desktop,1,1,1,1
S01697,2025-03-27,CUST0466,Email,Desktop,1,1,1,1
S01698,2025-01-08,CUST0040,Organic,Desktop,1,1,1,1
S01699,2025-11-14,CUST0654,Email,Mobile,1,1,1,1
S01700,2025-11-30,CUST0340,Instagram,Mobile,0,0,0,0
S01701,2025-08-18,CUST0372,Google Ads,Mobile,0,0,0,0
S01702,2025-06-01,CUST0525,Organic,Mobile,1,0,0,0
S01703,2025-10-05,CUST0507,Instagram,Mobile,1,1,1,1
S01704,2025-01-15,CUST0053,Organic,Mobile,1,1,1,1
S01705,2025-10-14,CUST0080,Google Ads,Mobile,1,1,1,1
S01706,2025-09-05,CUST0745,Organic,Mobile,1,1,1,0
S01707,2025-09-12,CUST0351,Organic,Mobile,1,0,0,0
S01708,2025-12-09,CUST0551,Organic,Mobile,1,0,0,0
S01709,2025-11-21,CUST0739,Email,Tablet,1,0,0,0
S01710,2025-12-31,CUST0340,Google Ads,Mobile,1,1,0,0
S01711,2025-06-16,CUST0121,Organic,Desktop,0,0,0,0
S01712,2025-03-22,CUST0065,Google Ads,Mobile,0,0,0,0
S01713,2025-10-23,CUST0440,Email,Tablet,0,0,0,0
S01714,2025-03-10,CUST0296,Direct,Mobile,1,0,0,0
S01715,2025-07-02,CUST0942,Organic,Mobile,1,0,0,0
S01716,2025-11-23,CUST0205,Instagram,Tablet,1,1,0,0
S01717,2025-03-05,CUST0647,Google Ads,Desktop,0,0,0,0
S01718,2025-09-21,CUST0557,Organic,Tablet,1,1,1,0
S01719,2025-11-23,CUST0278,Instagram,Mobile,0,0,0,0
S01720,2025-03-27,CUST0135,Email,Mobile,1,1,1,1
S01721,2025-02-13,CUST0378,Instagram,Mobile,1,1,1,1
S01722,2025-10-21,CUST0980,Organic,Tablet,1,1,1,1
S01723,2025-05-29,CUST0052,Google Ads,Mobile,1,1,0,0
S01724,2025-09-17,CUST0741,Instagram,Mobile,1,1,1,0
S01725,2025-11-07,CUST0868,Email,Mobile,1,0,0,0
S01726,2025-12-15,CUST0580,Direct,Mobile,1,1,0,0
S01727,2025-02-28,CUST0710,Google Ads,Mobile,1,0,0,0
S01728,2025-04-04,CUST0067,Google Ads,Mobile,1,1,1,1
S01729,2025-11-19,CUST0003,Google Ads,Desktop,1,0,0,0
S01730,2025-01-05,CUST0570,Direct,Mobile,1,0,0,0
S01731,2025-03-24,CUST0888,Instagram,Mobile,0,0,0,0
S01732,2025-11-24,CUST0451,Instagram,Desktop,1,0,0,0
S01733,2025-02-06,CUST0510,Direct,Desktop,1,1,0,0
S01734,2025-01-27,CUST0768,Email,Mobile,1,0,0,0
S01735,2025-01-13,CUST0868,Instagram,Desktop,1,0,0,0
S01736,2025-03-06,CUST0438,Direct,Desktop,1,1,1,1
S01737,2025-07-22,CUST0777,Instagram,Mobile,1,1,1,1
S01738,2025-06-29,CUST0950,Google Ads,Mobile,1,1,0,0
S01739,2025-10-24,CUST0976,Direct,Mobile,1,0,0,0
S01740,2025-09-28,CUST0947,Google Ads,Mobile,1,1,1,1
S01741,2025-01-15,CUST0528,Email,Mobile,1,1,0,0
S01742,2025-01-01,CUST0780,Email,Mobile,1,1,0,0
S01743,2025-09-28,CUST0102,Direct,Desktop,1,1,0,0
S01744,2025-02-17,CUST0916,Direct,Mobile,1,1,1,1
S01745,2025-07-01,CUST0437,Organic,Mobile,1,0,0,0
S01746,2025-07-02,CUST0799,Organic,Desktop,1,1,0,0
S01747,2025-11-24,CUST0734,Google Ads,Desktop,1,1,1,1
S01748,2025-08-02,CUST0021,Direct,Mobile,1,1,1,1
S01749,2025-01-27,CUST0387,Google Ads,Desktop,1,1,0,0
S01750,2025-08-14,CUST0533,Direct,Tablet,1,1,0,0
S01751,2025-06-07,CUST0092,Email,Desktop,0,0,0,0
S01752,2025-03-01,CUST0796,Google Ads,Desktop,1,1,0,0
S01753,2025-03-07,CUST0133,Google Ads,Desktop,1,1,1,1
S01754,2025-06-23,CUST0839,Instagram,Mobile,0,0,0,0
S01755,2025-02-21,CUST0505,Instagram,Mobile,1,1,1,1
S01756,2025-08-31,CUST0453,Direct,Tablet,1,0,0,0
S01757,2025-12-03,CUST0841,Organic,Desktop,1,1,1,0
S01758,2025-10-18,CUST0687,Direct,Mobile,1,0,0,0
S01759,2025-09-01,CUST0725,Instagram,Mobile,0,0,0,0
S01760,2025-05-01,CUST0148,Organic,Mobile,1,0,0,0
S01761,2025-02-11,CUST0934,Organic,Desktop,1,1,1,1
S01762,2025-07-03,CUST0232,Direct,Mobile,1,0,0,0
S01763,2025-02-14,CUST0884,Organic,Mobile,1,1,1,1
S01764,2025-02-21,CUST0165,Email,Desktop,1,1,1,1
S01765,2025-05-31,CUST0314,Organic,Mobile,1,1,0,0
S01766,2025-01-29,CUST0657,Google Ads,Desktop,1,1,0,0
S01767,2025-02-26,CUST0298,Organic,Mobile,0,0,0,0
S01768,2025-10-02,CUST0988,Instagram,Mobile,1,0,0,0
S01769,2025-07-28,CUST0223,Organic,Mobile,1,0,0,0
S01770,2025-01-08,CUST0353,Google Ads,Mobile,1,0,0,0
S01771,2025-09-04,CUST0416,Instagram,Mobile,0,0,0,0
S01772,2025-07-14,CUST0062,Instagram,Mobile,0,0,0,0
S01773,2025-11-18,CUST0608,Organic,Desktop,1,1,1,0
S01774,2025-12-05,CUST0624,Organic,Desktop,1,0,0,0
S01775,2025-01-28,CUST0376,Email,Mobile,0,0,0,0
S01776,2025-12-11,CUST0599,Instagram,Mobile,1,1,1,1
S01777,2025-11-27,CUST0405,Instagram,Desktop,1,0,0,0
S01778,2025-10-23,CUST0985,Email,Mobile,1,0,0,0
S01779,2025-08-23,CUST0929,Instagram,Desktop,1,1,1,1
S01780,2025-05-10,CUST0255,Instagram,Mobile,1,1,1,0
S01781,2025-03-17,CUST0451,Google Ads,Mobile,1,1,0,0
S01782,2025-08-21,CUST0390,Direct,Mobile,0,0,0,0
S01783,2025-08-18,CUST0625,Google Ads,Mobile,1,0,0,0
S01784,2025-11-28,CUST0766,Instagram,Mobile,1,1,1,1
S01785,2025-12-17,CUST0348,Organic,Mobile,1,1,0,0
S01786,2025-11-06,CUST0502,Instagram,Tablet,1,1,1,1
S01787,2025-07-08,CUST0322,Direct,Desktop,1,1,1,1
S01788,2025-01-02,CUST0544,Email,Desktop,1,1,0,0
S01789,2025-12-02,CUST0064,Organic,Desktop,1,1,1,1
S01790,2025-03-06,CUST0154,Organic,Mobile,1,1,1,1
S01791,2025-02-21,CUST0958,Organic,Desktop,1,1,1,1
S01792,2025-02-03,CUST0517,Direct,Desktop,1,1,1,1
S01793,2025-10-28,CUST0395,Google Ads,Mobile,1,0,0,0
S01794,2025-08-28,CUST0896,Direct,Mobile,1,1,1,1
S01795,2025-05-09,CUST0330,Google Ads,Mobile,0,0,0,0
S01796,2025-08-31,CUST0463,Direct,Mobile,1,0,0,0
S01797,2025-12-22,CUST0722,Organic,Mobile,1,1,1,0
S01798,2025-11-04,CUST0945,Instagram,Mobile,0,0,0,0
S01799,2025-11-19,CUST0974,Instagram,Desktop,0,0,0,0
S01800,2025-04-08,CUST0092,Direct,Mobile,1,1,0,0
S01801,2025-03-17,CUST0222,Instagram,Desktop,1,0,0,0
S01802,2025-11-08,CUST0190,Instagram,Mobile,1,1,0,0
S01803,2025-12-31,CUST0572,Email,Mobile,1,0,0,0
S01804,2025-08-07,CUST0205,Direct,Mobile,1,0,0,0
S01805,2025-11-02,CUST0212,Direct,Mobile,1,1,0,0
S01806,2025-04-11,CUST0770,Instagram,Mobile,1,0,0,0
S01807,2025-04-29,CUST0089,Direct,Mobile,0,0,0,0
S01808,2025-05-20,CUST0748,Email,Mobile,1,1,1,1
S01809,2025-08-13,CUST0955,Direct,Desktop,1,1,1,1
S01810,2025-09-12,CUST0363,Direct,Mobile,0,0,0,0
S01811,2025-03-14,CUST0371,Instagram,Mobile,1,0,0,0
S01812,2025-11-08,CUST0332,Google Ads,Mobile,1,1,1,1
S01813,2025-11-02,CUST0921,Google Ads,Mobile,1,0,0,0
S01814,2025-06-05,CUST0708,Direct,Desktop,1,1,1,1
S01815,2025-09-16,CUST0426,Instagram,Tablet,1,1,0,0
S01816,2025-03-05,CUST0844,Organic,Desktop,1,1,1,1
S01817,2025-11-06,CUST0455,Email,Desktop,1,1,1,1
S01818,2025-02-05,CUST0695,Google Ads,Mobile,1,1,1,1
S01819,2025-09-05,CUST0422,Direct,Mobile,1,0,0,0
S01820,2025-02-13,CUST1000,Email,Desktop,0,0,0,0
S01821,2025-04-29,CUST0763,Organic,Mobile,1,1,1,1
S01822,2025-12-15,CUST0736,Direct,Desktop,1,0,0,0
S01823,2025-06-30,CUST0171,Google Ads,Mobile,1,0,0,0
S01824,2025-03-11,CUST0710,Google Ads,Mobile,0,0,0,0
S01825,2025-12-24,CUST0249,Direct,Mobile,1,1,1,1
S01826,2025-09-24,CUST0181,Email,Desktop,0,0,0,0
S01827,2025-08-07,CUST0475,Google Ads,Tablet,1,0,0,0
S01828,2025-07-09,CUST0483,Organic,Desktop,1,1,1,1
S01829,2025-09-13,CUST0384,Direct,Mobile,1,0,0,0
S01830,2025-07-06,CUST0789,Organic,Mobile,1,0,0,0
S01831,2025-08-15,CUST0404,Organic,Mobile,1,1,1,0
S01832,2025-03-02,CUST0787,Direct,Desktop,1,1,0,0
S01833,2025-06-17,CUST0161,Google Ads,Mobile,1,1,1,1
S01834,2025-05-12,CUST0248,Organic,Mobile,1,1,1,1
S01835,2025-06-04,CUST0319,Instagram,Mobile,1,1,0,0
S01836,2025-09-29,CUST0964,Direct,Desktop,1,1,1,1
S01837,2025-07-29,CUST0700,Google Ads,Desktop,1,1,1,1
S01838,2025-01-07,CUST0531,Instagram,Desktop,1,1,1,1
S01839,2025-01-11,CUST0756,Direct,Mobile,1,0,0,0
S01840,2025-07-19,CUST0113,Google Ads,Mobile,1,1,1,1
S01841,2025-09-08,CUST0924,Instagram,Mobile,1,0,0,0
S01842,2025-03-05,CUST0790,Organic,Mobile,0,0,0,0
S01843,2025-06-29,CUST0563,Email,Desktop,1,0,0,0
S01844,2025-05-08,CUST0344,Google Ads,Desktop,1,0,0,0
S01845,2025-09-19,CUST0123,Organic,Tablet,1,0,0,0
S01846,2025-04-30,CUST0750,Google Ads,Mobile,1,0,0,0
S01847,2025-02-17,CUST0319,Organic,Mobile,1,1,1,1
S01848,2025-03-10,CUST0574,Direct,Mobile,1,1,1,0
S01849,2025-09-19,CUST0478,Instagram,Desktop,1,1,0,0
S01850,2025-08-18,CUST0413,Email,Desktop,1,0,0,0
S01851,2025-09-09,CUST0586,Email,Mobile,1,1,0,0
S01852,2025-08-19,CUST0245,Email,Desktop,1,1,1,1
S01853,2025-08-12,CUST0544,Instagram,Mobile,1,1,1,1
S01854,2025-07-26,CUST0457,Organic,Desktop,1,1,1,1
S01855,2025-12-07,CUST0153,Direct,Mobile,1,1,1,0
S01856,2025-01-28,CUST0656,Organic,Mobile,1,1,1,0
S01857,2025-12-31,CUST0015,Email,Desktop,1,0,0,0
S01858,2025-08-07,CUST0443,Organic,Mobile,1,1,1,1
S01859,2025-12-03,CUST0304,Instagram,Desktop,1,0,0,0
S01860,2025-04-11,CUST0786,Google Ads,Desktop,1,1,1,1
S01861,2025-02-27,CUST0245,Instagram,Mobile,1,1,1,1
S01862,2025-01-24,CUST0791,Direct,Mobile,0,0,0,0
S01863,2025-08-15,CUST0567,Direct,Desktop,0,0,0,0
S01864,2025-06-18,CUST0554,Direct,Mobile,1,1,1,1
S01865,2025-09-03,CUST0899,Google Ads,Mobile,0,0,0,0
S01866,2025-11-20,CUST0455,Organic,Desktop,1,0,0,0
S01867,2025-07-31,CUST0359,Google Ads,Mobile,1,0,0,0
S01868,2025-12-29,CUST0052,Email,Mobile,1,1,1,1
S01869,2025-09-23,CUST0011,Organic,Desktop,0,0,0,0
S01870,2025-01-21,CUST0823,Direct,Desktop,1,1,1,1
S01871,2025-05-04,CUST0600,Google Ads,Mobile,1,1,1,1
S01872,2025-04-07,CUST0227,Email,Desktop,0,0,0,0
S01873,2025-05-18,CUST0114,Email,Mobile,1,1,0,0
S01874,2025-12-04,CUST0537,Direct,Mobile,1,0,0,0
S01875,2025-12-19,CUST0604,Organic,Mobile,1,1,1,1
S01876,2025-04-03,CUST0972,Instagram,Mobile,1,0,0,0
S01877,2025-04-05,CUST0087,Google Ads,Desktop,1,1,1,1
S01878,2025-01-24,CUST0593,Google Ads,Mobile,0,0,0,0
S01879,2025-05-16,CUST0250,Direct,Mobile,1,1,1,1
S01880,2025-11-30,CUST0250,Organic,Desktop,1,1,1,1
S01881,2025-05-13,CUST0937,Direct,Mobile,1,0,0,0
S01882,2025-02-23,CUST0421,Google Ads,Desktop,1,0,0,0
S01883,2025-10-19,CUST0210,Google Ads,Mobile,1,1,1,0
S01884,2025-04-22,CUST0951,Instagram,Desktop,1,1,1,1
S01885,2025-05-11,CUST0521,Google Ads,Mobile,1,1,1,1
S01886,2025-10-05,CUST0611,Google Ads,Mobile,1,1,1,1
S01887,2025-09-21,CUST0548,Organic,Mobile,1,1,1,1
S01888,2025-03-19,CUST0057,Email,Desktop,1,1,1,0
S01889,2025-09-20,CUST0063,Instagram,Tablet,0,0,0,0
S01890,2025-03-09,CUST0338,Email,Mobile,1,1,1,0
S01891,2025-03-03,CUST0788,Google Ads,Mobile,0,0,0,0
S01892,2025-12-29,CUST0725,Email,Mobile,1,1,1,1
S01893,2025-06-24,CUST0815,Organic,Mobile,1,0,0,0
S01894,2025-10-07,CUST0532,Organic,Mobile,1,0,0,0
S01895,2025-08-24,CUST0759,Direct,Desktop,1,1,1,0
S01896,2025-05-16,CUST0006,Instagram,Desktop,1,0,0,0
S01897,2025-08-12,CUST0585,Direct,Mobile,0,0,0,0
S01898,2025-03-30,CUST0619,Organic,Mobile,1,1,1,1
S01899,2025-04-17,CUST0605,Email,Mobile,0,0,0,0
S01900,2025-02-10,CUST0511,Organic,Mobile,1,0,0,0
S01901,2025-07-05,CUST0797,Google Ads,Desktop,1,1,1,1
S01902,2025-07-07,CUST0461,Direct,Mobile,0,0,0,0
S01903,2025-01-09,CUST0356,Organic,Mobile,0,0,0,0
S01904,2025-06-29,CUST0219,Instagram,Mobile,1,0,0,0
S01905,2025-07-05,CUST0367,Google Ads,Desktop,0,0,0,0
S01906,2025-03-23,CUST0889,Direct,Desktop,0,0,0,0
S01907,2025-06-26,CUST0561,Instagram,Desktop,1,1,1,1
S01908,2025-04-04,CUST0364,Direct,Mobile,1,1,0,0
S01909,2025-04-26,CUST0390,Email,Mobile,0,0,0,0
S01910,2025-06-09,CUST0295,Instagram,Mobile,1,1,0,0
S01911,2025-09-02,CUST0505,Instagram,Mobile,1,1,0,0
S01912,2025-10-10,CUST0288,Organic,Mobile,0,0,0,0
S01913,2025-08-01,CUST0177,Email,Mobile,1,0,0,0
S01914,2025-06-01,CUST0299,Google Ads,Mobile,1,1,1,1
S01915,2025-06-15,CUST0620,Organic,Mobile,1,1,1,1
S01916,2025-05-23,CUST0284,Google Ads,Mobile,1,0,0,0
S01917,2025-01-25,CUST0813,Google Ads,Mobile,1,1,1,1
S01918,2025-07-19,CUST0577,Organic,Desktop,1,1,1,0
S01919,2025-08-21,CUST0818,Direct,Mobile,1,1,1,0
S01920,2025-01-04,CUST0054,Direct,Desktop,1,0,0,0
S01921,2025-10-15,CUST0819,Organic,Mobile,1,0,0,0
S01922,2025-06-22,CUST0811,Direct,Mobile,0,0,0,0
S01923,2025-07-03,CUST0320,Direct,Desktop,1,0,0,0
S01924,2025-09-08,CUST0479,Organic,Mobile,1,1,1,1
S01925,2025-10-18,CUST0542,Organic,Tablet,1,1,0,0
S01926,2025-10-13,CUST0758,Email,Mobile,1,1,1,0
S01927,2025-12-25,CUST0722,Direct,Mobile,0,0,0,0
S01928,2025-04-22,CUST0221,Direct,Mobile,1,0,0,0
S01929,2025-11-01,CUST0682,Instagram,Mobile,1,1,0,0
S01930,2025-12-16,CUST0934,Organic,Desktop,1,0,0,0
S01931,2025-12-05,CUST0343,Google Ads,Mobile,0,0,0,0
S01932,2025-05-10,CUST0214,Organic,Mobile,1,0,0,0
S01933,2025-07-06,CUST0322,Instagram,Mobile,1,0,0,0
S01934,2025-01-29,CUST0581,Google Ads,Desktop,1,1,1,0
S01935,2025-06-07,CUST0746,Google Ads,Mobile,1,0,0,0
S01936,2025-08-23,CUST0015,Instagram,Mobile,1,1,1,1
S01937,2025-10-05,CUST0957,Direct,Mobile,1,1,0,0
S01938,2025-04-12,CUST0480,Organic,Mobile,1,0,0,0
S01939,2025-08-13,CUST0878,Google Ads,Mobile,1,0,0,0
S01940,2025-10-02,CUST0134,Google Ads,Desktop,1,1,1,1
S01941,2025-11-19,CUST0718,Instagram,Tablet,1,1,1,1
S01942,2025-08-20,CUST0024,Email,Tablet,1,0,0,0
S01943,2025-12-08,CUST0377,Direct,Mobile,0,0,0,0
S01944,2025-10-01,CUST0597,Google Ads,Mobile,1,1,0,0
S01945,2025-12-31,CUST0142,Email,Mobile,1,1,1,1
S01946,2025-04-23,CUST0652,Organic,Mobile,0,0,0,0
S01947,2025-05-19,CUST0439,Organic,Desktop,1,1,0,0
S01948,2025-08-04,CUST0324,Google Ads,Mobile,1,1,1,1
S01949,2025-11-10,CUST0122,Direct,Mobile,1,1,1,1
S01950,2025-10-01,CUST0300,Google Ads,Desktop,0,0,0,0
S01951,2025-11-24,CUST0341,Instagram,Mobile,1,1,1,0
S01952,2025-12-15,CUST0977,Google Ads,Mobile,1,1,1,1
S01953,2025-07-03,CUST0989,Organic,Mobile,1,1,1,1
S01954,2025-11-08,CUST0179,Email,Mobile,1,1,1,1
S01955,2025-07-13,CUST0208,Organic,Mobile,0,0,0,0
S01956,2025-10-06,CUST0978,Google Ads,Mobile,1,0,0,0
S01957,2025-09-29,CUST0166,Email,Mobile,1,1,1,1
S01958,2025-10-27,CUST0041,Instagram,Mobile,1,1,1,0
S01959,2025-03-13,CUST0634,Direct,Mobile,1,1,1,0
S01960,2025-07-15,CUST0556,Organic,Desktop,1,0,0,0
S01961,2025-09-27,CUST0075,Organic,Mobile,1,1,1,1
S01962,2025-11-27,CUST0480,Google Ads,Mobile,1,0,0,0
S01963,2025-08-28,CUST0348,Direct,Mobile,1,0,0,0
S01964,2025-04-18,CUST0272,Instagram,Mobile,1,0,0,0
S01965,2025-10-19,CUST0994,Direct,Mobile,1,1,1,1
S01966,2025-10-27,CUST0946,Email,Mobile,1,0,0,0
S01967,2025-04-10,CUST0990,Email,Tablet,1,0,0,0
S01968,2025-03-22,CUST0166,Direct,Mobile,1,1,1,1
S01969,2025-09-27,CUST0762,Google Ads,Desktop,1,0,0,0
S01970,2025-12-15,CUST0086,Google Ads,Desktop,1,0,0,0
S01971,2025-01-17,CUST0901,Google Ads,Mobile,1,0,0,0
S01972,2025-07-12,CUST0649,Email,Mobile,1,1,1,1
S01973,2025-07-31,CUST0845,Instagram,Desktop,1,1,0,0
S01974,2025-12-19,CUST0551,Email,Mobile,1,1,1,1
S01975,2025-05-06,CUST0599,Email,Tablet,1,0,0,0
S01976,2025-11-06,CUST0155,Google Ads,Desktop,1,1,1,1
S01977,2025-05-06,CUST0672,Organic,Desktop,1,0,0,0
S01978,2025-05-10,CUST0576,Email,Mobile,1,1,1,0
S01979,2025-05-25,CUST0223,Organic,Mobile,1,1,0,0
S01980,2025-09-13,CUST0417,Direct,Desktop,1,1,1,1
S01981,2025-01-23,CUST0362,Organic,Mobile,1,1,1,1
S01982,2025-08-02,CUST0346,Email,Mobile,1,1,1,1
S01983,2025-05-09,CUST0146,Instagram,Desktop,1,1,0,0
S01984,2025-01-12,CUST0716,Email,Mobile,1,1,1,1
S01985,2025-05-21,CUST0067,Google Ads,Desktop,1,1,0,0
S01986,2025-09-25,CUST0517,Google Ads,Mobile,1,1,1,1
S01987,2025-02-26,CUST0974,Organic,Desktop,1,1,1,1
S01988,2025-03-27,CUST0059,Direct,Mobile,1,1,1,1
S01989,2025-10-01,CUST0588,Organic,Desktop,1,1,1,0
S01990,2025-04-13,CUST0772,Direct,Desktop,1,0,0,0
S01991,2025-12-05,CUST0760,Google Ads,Tablet,1,1,1,1
S01992,2025-12-16,CUST0016,Instagram,Mobile,1,0,0,0
S01993,2025-05-23,CUST0587,Google Ads,Desktop,1,1,1,1
S01994,2025-11-30,CUST0868,Email,Tablet,1,0,0,0
S01995,2025-11-25,CUST0486,Email,Mobile,1,1,1,1
S01996,2025-06-25,CUST0889,Organic,Mobile,1,1,1,1
S01997,2025-05-13,CUST0176,Direct,Desktop,1,0,0,0
S01998,2025-12-10,CUST0322,Google Ads,Mobile,1,1,1,1
S01999,2025-09-21,CUST0461,Instagram,Mobile,1,0,0,0
S02000,2025-05-27,CUST0136,Google Ads,Mobile,1,1,1,1
S02001,2025-01-12,CUST0428,Organic,Mobile,1,1,1,0
S02002,2025-11-24,CUST0789,Instagram,Desktop,1,0,0,0
S02003,2025-02-24,CUST0794,Organic,Desktop,1,0,0,0
S02004,2025-08-18,CUST0998,Direct,Desktop,1,0,0,0
S02005,2025-05-02,CUST0931,Instagram,Mobile,1,1,0,0
S02006,2025-12-15,CUST0911,Email,Mobile,1,1,0,0
S02007,2025-08-21,CUST0680,Instagram,Desktop,1,0,0,0
S02008,2025-06-11,CUST0542,Organic,Mobile,1,1,1,1
S02009,2025-03-23,CUST0322,Organic,Tablet,1,1,1,1
S02010,2025-02-16,CUST0336,Direct,Desktop,1,1,1,1
S02011,2025-12-30,CUST0781,Organic,Mobile,1,1,1,0
S02012,2025-10-18,CUST0513,Organic,Desktop,1,1,1,1
S02013,2025-06-09,CUST0171,Organic,Mobile,1,1,1,1
S02014,2025-06-28,CUST0924,Instagram,Desktop,1,1,1,1
S02015,2025-12-28,CUST0129,Direct,Mobile,0,0,0,0
S02016,2025-07-27,CUST0680,Direct,Desktop,0,0,0,0
S02017,2025-02-09,CUST0418,Organic,Mobile,1,1,1,1
S02018,2025-08-02,CUST0397,Organic,Mobile,1,1,1,1
S02019,2025-12-18,CUST0061,Email,Mobile,1,0,0,0
S02020,2025-06-03,CUST0117,Instagram,Tablet,1,1,1,0
S02021,2025-12-04,CUST0834,Direct,Mobile,1,1,1,1
S02022,2025-10-20,CUST0635,Organic,Mobile,0,0,0,0
S02023,2025-06-15,CUST0772,Google Ads,Mobile,1,0,0,0
S02024,2025-09-29,CUST0473,Organic,Desktop,1,1,1,1
S02025,2025-01-24,CUST0738,Direct,Desktop,1,1,1,1
S02026,2025-04-25,CUST0397,Organic,Mobile,1,0,0,0
S02027,2025-12-17,CUST0804,Instagram,Mobile,1,1,1,1
S02028,2025-09-17,CUST0864,Google Ads,Mobile,1,1,0,0
S02029,2025-11-02,CUST0957,Instagram,Mobile,0,0,0,0
S02030,2025-12-30,CUST0698,Organic,Desktop,1,0,0,0
S02031,2025-08-14,CUST0597,Organic,Tablet,0,0,0,0
S02032,2025-04-12,CUST0218,Direct,Mobile,1,1,1,1
S02033,2025-05-11,CUST0655,Instagram,Mobile,1,0,0,0
S02034,2025-09-21,CUST0477,Instagram,Mobile,1,0,0,0
S02035,2025-01-12,CUST0602,Direct,Mobile,0,0,0,0
S02036,2025-11-18,CUST0853,Direct,Mobile,0,0,0,0
S02037,2025-06-30,CUST0268,Email,Mobile,1,1,1,1
S02038,2025-12-15,CUST0076,Email,Desktop,1,1,1,1
S02039,2025-06-10,CUST0069,Direct,Mobile,1,1,1,1
S02040,2025-04-24,CUST0445,Organic,Mobile,1,1,1,1
S02041,2025-01-18,CUST0298,Email,Desktop,1,1,1,1
S02042,2025-04-14,CUST0474,Organic,Mobile,1,1,1,0
S02043,2025-07-05,CUST0160,Organic,Desktop,0,0,0,0
S02044,2025-12-08,CUST0898,Instagram,Mobile,1,1,1,1
S02045,2025-04-03,CUST0008,Email,Mobile,1,1,1,1
S02046,2025-10-28,CUST0731,Direct,Mobile,1,0,0,0
S02047,2025-05-23,CUST0485,Email,Mobile,1,1,1,1
S02048,2025-05-23,CUST0822,Instagram,Mobile,1,1,0,0
S02049,2025-10-28,CUST0904,Google Ads,Tablet,1,1,1,1
S02050,2025-04-10,CUST0088,Email,Mobile,0,0,0,0
S02051,2025-03-03,CUST0141,Google Ads,Desktop,1,0,0,0
S02052,2025-03-25,CUST0541,Google Ads,Desktop,0,0,0,0
S02053,2025-10-03,CUST0525,Instagram,Mobile,1,0,0,0
S02054,2025-06-16,CUST0826,Google Ads,Desktop,1,1,1,0
S02055,2025-10-22,CUST0575,Organic,Mobile,1,1,1,1
S02056,2025-05-09,CUST0343,Google Ads,Mobile,0,0,0,0
S02057,2025-12-30,CUST0687,Direct,Desktop,1,0,0,0
S02058,2025-03-08,CUST0975,Organic,Desktop,1,0,0,0
S02059,2025-02-16,CUST0216,Organic,Mobile,1,0,0,0
S02060,2025-11-06,CUST0506,Direct,Mobile,1,0,0,0
S02061,2025-05-28,CUST0747,Direct,Mobile,1,0,0,0
S02062,2025-09-07,CUST0599,Instagram,Mobile,1,1,0,0
S02063,2025-05-17,CUST0074,Organic,Tablet,1,1,1,1
S02064,2025-04-05,CUST0806,Instagram,Desktop,1,0,0,0
S02065,2025-08-26,CUST0581,Instagram,Desktop,1,0,0,0
S02066,2025-10-11,CUST0069,Direct,Tablet,1,1,0,0
S02067,2025-11-16,CUST0223,Instagram,Mobile,1,0,0,0
S02068,2025-02-04,CUST0936,Email,Mobile,1,0,0,0
S02069,2025-10-23,CUST0897,Direct,Mobile,1,0,0,0
S02070,2025-12-24,CUST0386,Instagram,Mobile,1,0,0,0
S02071,2025-09-15,CUST0881,Organic,Mobile,1,1,1,1
S02072,2025-09-27,CUST0285,Direct,Mobile,1,0,0,0
S02073,2025-12-21,CUST0122,Email,Mobile,1,1,0,0
S02074,2025-11-20,CUST0775,Organic,Desktop,1,1,1,0
S02075,2025-02-16,CUST0733,Google Ads,Mobile,1,1,1,1
S02076,2025-04-04,CUST0441,Direct,Mobile,1,1,0,0
S02077,2025-07-01,CUST0823,Organic,Desktop,1,0,0,0
S02078,2025-07-09,CUST0457,Instagram,Mobile,0,0,0,0
S02079,2025-02-20,CUST0164,Organic,Desktop,1,1,1,0
S02080,2025-07-25,CUST0263,Direct,Mobile,0,0,0,0
S02081,2025-10-31,CUST0092,Instagram,Desktop,1,0,0,0
S02082,2025-11-29,CUST0778,Instagram,Mobile,0,0,0,0
S02083,2025-05-05,CUST0336,Organic,Desktop,1,1,1,0
S02084,2025-07-31,CUST0586,Direct,Mobile,0,0,0,0
S02085,2025-09-23,CUST0935,Instagram,Mobile,1,1,1,1
S02086,2025-05-15,CUST0314,Email,Desktop,1,0,0,0
S02087,2025-09-30,CUST0602,Organic,Desktop,1,1,1,1
S02088,2025-10-05,CUST0866,Email,Mobile,1,1,1,0
S02089,2025-11-11,CUST0994,Email,Mobile,1,1,1,0
S02090,2025-10-27,CUST0808,Organic,Desktop,1,0,0,0
S02091,2025-09-24,CUST0910,Organic,Desktop,0,0,0,0
S02092,2025-10-25,CUST0466,Instagram,Desktop,0,0,0,0
S02093,2025-10-06,CUST0641,Instagram,Mobile,1,1,0,0
S02094,2025-08-02,CUST0401,Email,Mobile,1,0,0,0
S02095,2025-03-03,CUST0561,Organic,Mobile,1,1,1,0
S02096,2025-02-23,CUST0598,Email,Mobile,0,0,0,0
S02097,2025-12-04,CUST0485,Instagram,Mobile,1,0,0,0
S02098,2025-12-31,CUST0656,Instagram,Mobile,1,1,0,0
S02099,2025-04-22,CUST0647,Organic,Mobile,1,0,0,0
S02100,2025-09-26,CUST0911,Instagram,Mobile,1,0,0,0
S02101,2025-11-20,CUST0627,Organic,Mobile,0,0,0,0
S02102,2025-04-17,CUST0277,Google Ads,Mobile,1,0,0,0
S02103,2025-10-10,CUST0066,Organic,Mobile,1,0,0,0
S02104,2025-06-17,CUST0699,Direct,Mobile,1,1,1,0
S02105,2025-03-15,CUST0944,Direct,Mobile,1,1,1,1
S02106,2025-08-24,CUST0857,Direct,Tablet,1,1,1,1
S02107,2025-04-02,CUST0201,Direct,Mobile,1,0,0,0
S02108,2025-03-26,CUST0468,Direct,Desktop,1,1,1,1
S02109,2025-03-16,CUST0434,Instagram,Mobile,0,0,0,0
S02110,2025-03-25,CUST0138,Instagram,Mobile,1,1,1,1
S02111,2025-09-02,CUST0052,Google Ads,Desktop,0,0,0,0
S02112,2025-08-16,CUST0725,Instagram,Desktop,1,1,1,1
S02113,2025-03-24,CUST0452,Direct,Mobile,0,0,0,0
S02114,2025-01-15,CUST0158,Instagram,Mobile,1,1,1,1
S02115,2025-10-28,CUST0802,Email,Mobile,1,1,1,1
S02116,2025-06-30,CUST0862,Google Ads,Mobile,1,0,0,0
S02117,2025-12-04,CUST0206,Direct,Mobile,0,0,0,0
S02118,2025-09-20,CUST0342,Email,Desktop,1,1,1,0
S02119,2025-03-19,CUST0833,Instagram,Desktop,1,1,0,0
S02120,2025-08-17,CUST0316,Organic,Desktop,1,0,0,0
S02121,2025-08-21,CUST0136,Direct,Mobile,1,1,1,1
S02122,2025-01-30,CUST0075,Direct,Mobile,1,1,1,1
S02123,2025-06-04,CUST0449,Direct,Mobile,1,1,1,1
S02124,2025-11-01,CUST0069,Email,Desktop,1,0,0,0
S02125,2025-07-04,CUST0953,Instagram,Mobile,1,0,0,0
S02126,2025-12-23,CUST0813,Google Ads,Mobile,1,0,0,0
S02127,2025-09-12,CUST0561,Direct,Mobile,0,0,0,0
S02128,2025-06-18,CUST0202,Organic,Desktop,1,1,0,0
S02129,2025-03-22,CUST0574,Google Ads,Desktop,1,0,0,0
S02130,2025-10-13,CUST0167,Instagram,Desktop,1,1,1,1
S02131,2025-07-29,CUST0717,Email,Desktop,1,1,1,0
S02132,2025-09-16,CUST0661,Google Ads,Desktop,0,0,0,0
S02133,2025-02-06,CUST0996,Google Ads,Mobile,1,0,0,0
S02134,2025-10-13,CUST0121,Instagram,Mobile,1,0,0,0
S02135,2025-02-23,CUST0821,Organic,Mobile,1,1,1,1
S02136,2025-07-31,CUST0941,Email,Mobile,1,1,1,1
S02137,2025-12-08,CUST0097,Direct,Desktop,1,1,1,1
S02138,2025-04-10,CUST0377,Organic,Mobile,1,0,0,0
S02139,2025-03-26,CUST0491,Organic,Mobile,1,0,0,0
S02140,2025-08-01,CUST0924,Email,Desktop,1,0,0,0
S02141,2025-09-21,CUST0053,Instagram,Mobile,1,0,0,0
S02142,2025-03-27,CUST0009,Organic,Mobile,1,0,0,0
S02143,2025-03-04,CUST0331,Google Ads,Tablet,1,1,1,1
S02144,2025-07-11,CUST0251,Email,Mobile,1,1,1,1
S02145,2025-04-03,CUST0360,Organic,Mobile,1,1,1,1
S02146,2025-09-10,CUST0349,Direct,Mobile,1,0,0,0
S02147,2025-05-18,CUST0124,Instagram,Mobile,1,1,1,1
S02148,2025-02-18,CUST0634,Instagram,Mobile,1,1,0,0
S02149,2025-05-01,CUST0199,Instagram,Desktop,1,0,0,0
S02150,2025-02-08,CUST0829,Email,Mobile,1,0,0,0
S02151,2025-02-03,CUST0411,Direct,Desktop,1,0,0,0
S02152,2025-12-24,CUST0380,Instagram,Mobile,1,0,0,0
S02153,2025-09-23,CUST0918,Organic,Mobile,1,1,0,0
S02154,2025-01-09,CUST0505,Instagram,Desktop,1,0,0,0
S02155,2025-07-07,CUST0095,Organic,Mobile,1,0,0,0
S02156,2025-04-06,CUST0030,Google Ads,Desktop,1,0,0,0
S02157,2025-05-13,CUST0092,Email,Desktop,1,0,0,0
S02158,2025-06-12,CUST0596,Instagram,Mobile,1,1,0,0
S02159,2025-05-19,CUST0015,Direct,Desktop,0,0,0,0
S02160,2025-10-25,CUST0655,Email,Mobile,1,1,1,0
S02161,2025-03-21,CUST0821,Instagram,Mobile,1,1,1,1
S02162,2025-04-01,CUST0460,Organic,Desktop,1,1,1,1
S02163,2025-09-13,CUST0721,Google Ads,Mobile,0,0,0,0
S02164,2025-05-28,CUST0023,Google Ads,Mobile,0,0,0,0
S02165,2025-06-28,CUST0326,Google Ads,Mobile,1,0,0,0
S02166,2025-09-14,CUST0877,Email,Mobile,1,1,1,1
S02167,2025-08-06,CUST0656,Instagram,Desktop,0,0,0,0
S02168,2025-09-24,CUST0987,Organic,Mobile,1,1,1,1
S02169,2025-11-13,CUST0087,Direct,Mobile,1,1,1,1
S02170,2025-03-20,CUST0193,Direct,Desktop,1,0,0,0
S02171,2025-06-16,CUST0685,Direct,Mobile,1,1,0,0
S02172,2025-04-14,CUST0263,Direct,Mobile,1,0,0,0
S02173,2025-10-31,CUST0429,Organic,Mobile,1,1,1,1
S02174,2025-12-04,CUST0807,Instagram,Mobile,1,0,0,0
S02175,2025-10-11,CUST0360,Direct,Mobile,1,1,1,1
S02176,2025-12-11,CUST0562,Direct,Tablet,0,0,0,0
S02177,2025-08-03,CUST0433,Organic,Mobile,1,1,1,1
S02178,2025-03-16,CUST0560,Instagram,Desktop,1,0,0,0
S02179,2025-08-13,CUST0508,Organic,Desktop,1,1,1,1
S02180,2025-12-02,CUST0049,Email,Mobile,1,1,1,1
S02181,2025-10-19,CUST0168,Email,Mobile,1,1,1,1
S02182,2025-12-09,CUST0679,Email,Tablet,1,1,1,1
S02183,2025-03-11,CUST0441,Instagram,Mobile,1,1,0,0
S02184,2025-12-29,CUST0594,Instagram,Desktop,0,0,0,0
S02185,2025-07-09,CUST0575,Instagram,Mobile,1,0,0,0
S02186,2025-04-16,CUST0228,Instagram,Desktop,1,1,1,0
S02187,2025-03-11,CUST0952,Direct,Mobile,1,1,0,0
S02188,2025-01-10,CUST0214,Organic,Desktop,1,0,0,0
S02189,2025-08-02,CUST0642,Instagram,Desktop,0,0,0,0
S02190,2025-01-05,CUST0880,Email,Mobile,1,0,0,0
S02191,2025-01-28,CUST0154,Instagram,Mobile,1,1,0,0
S02192,2025-11-11,CUST0754,Direct,Mobile,1,1,0,0
S02193,2025-08-29,CUST0608,Instagram,Mobile,0,0,0,0
S02194,2025-08-24,CUST0407,Direct,Mobile,1,1,1,1
S02195,2025-04-02,CUST0889,Direct,Desktop,1,0,0,0
S02196,2025-11-14,CUST0744,Organic,Mobile,1,1,1,1
S02197,2025-12-11,CUST0750,Instagram,Mobile,1,1,1,1
S02198,2025-12-29,CUST0018,Instagram,Mobile,1,0,0,0
S02199,2025-02-07,CUST0467,Google Ads,Desktop,1,1,1,1
S02200,2025-08-07,CUST0344,Google Ads,Mobile,1,1,1,1
S02201,2025-06-01,CUST0324,Direct,Mobile,1,1,0,0
S02202,2025-07-11,CUST0246,Organic,Mobile,1,0,0,0
S02203,2025-05-01,CUST0060,Organic,Desktop,0,0,0,0
S02204,2025-06-20,CUST0494,Organic,Mobile,0,0,0,0
S02205,2025-04-20,CUST0642,Email,Mobile,0,0,0,0
S02206,2025-05-24,CUST0862,Direct,Tablet,1,1,1,1
S02207,2025-03-07,CUST0049,Instagram,Mobile,0,0,0,0
S02208,2025-11-18,CUST0678,Organic,Desktop,0,0,0,0
S02209,2025-07-16,CUST0927,Organic,Mobile,1,1,0,0
S02210,2025-02-15,CUST0680,Organic,Mobile,1,1,1,0
S02211,2025-05-29,CUST0253,Google Ads,Mobile,0,0,0,0
S02212,2025-03-01,CUST0848,Instagram,Desktop,1,1,1,1
S02213,2025-05-18,CUST0383,Direct,Mobile,1,1,0,0
S02214,2025-03-31,CUST0309,Organic,Mobile,1,0,0,0
S02215,2025-07-31,CUST0576,Direct,Mobile,1,1,1,0
S02216,2025-06-18,CUST0545,Instagram,Desktop,1,0,0,0
S02217,2025-04-23,CUST0058,Direct,Mobile,1,1,1,0
S02218,2025-12-07,CUST0818,Direct,Tablet,1,1,1,1
S02219,2025-03-07,CUST0064,Direct,Mobile,0,0,0,0
S02220,2025-10-29,CUST0899,Direct,Mobile,1,1,1,1
S02221,2025-04-28,CUST0125,Organic,Mobile,1,0,0,0
S02222,2025-08-13,CUST0061,Organic,Desktop,0,0,0,0
S02223,2025-05-31,CUST0380,Email,Tablet,1,1,1,0
S02224,2025-06-16,CUST0978,Direct,Mobile,1,0,0,0
S02225,2025-04-05,CUST0761,Organic,Tablet,1,0,0,0
S02226,2025-09-17,CUST0138,Direct,Desktop,1,1,0,0
S02227,2025-09-16,CUST0066,Google Ads,Desktop,1,0,0,0
S02228,2025-04-30,CUST0179,Organic,Mobile,0,0,0,0
S02229,2025-03-15,CUST0990,Organic,Tablet,1,1,0,0
S02230,2025-12-28,CUST0798,Organic,Desktop,1,0,0,0
S02231,2025-04-06,CUST0793,Organic,Desktop,1,1,1,0
S02232,2025-10-19,CUST0171,Email,Mobile,1,0,0,0
S02233,2025-06-26,CUST0755,Organic,Mobile,1,0,0,0
S02234,2025-01-27,CUST0632,Google Ads,Desktop,1,1,1,1
S02235,2025-11-05,CUST0344,Email,Mobile,1,0,0,0
S02236,2025-11-01,CUST0704,Direct,Mobile,1,1,0,0
S02237,2025-07-30,CUST0187,Google Ads,Mobile,1,1,1,1
S02238,2025-12-24,CUST0958,Google Ads,Mobile,1,1,1,1
S02239,2025-09-14,CUST0227,Direct,Mobile,1,0,0,0
S02240,2025-11-14,CUST0266,Instagram,Desktop,1,1,0,0
S02241,2025-07-24,CUST0192,Organic,Mobile,1,0,0,0
S02242,2025-12-21,CUST0752,Direct,Desktop,0,0,0,0
S02243,2025-03-07,CUST0606,Organic,Mobile,0,0,0,0
S02244,2025-05-30,CUST0126,Organic,Desktop,1,1,1,0
S02245,2025-06-16,CUST0956,Instagram,Desktop,1,0,0,0
S02246,2025-08-08,CUST0474,Instagram,Mobile,1,1,1,1
S02247,2025-10-27,CUST0099,Email,Desktop,1,0,0,0
S02248,2025-09-15,CUST0344,Organic,Desktop,1,1,0,0
S02249,2025-07-22,CUST0243,Google Ads,Mobile,1,1,1,1
S02250,2025-08-28,CUST0020,Direct,Mobile,1,1,0,0
S02251,2025-11-11,CUST0629,Email,Mobile,1,0,0,0
S02252,2025-08-17,CUST0359,Google Ads,Desktop,1,0,0,0
S02253,2025-06-05,CUST0433,Instagram,Mobile,1,1,1,1
S02254,2025-08-06,CUST1000,Instagram,Mobile,1,1,0,0
S02255,2025-07-14,CUST0611,Organic,Mobile,1,1,1,1
S02256,2025-09-27,CUST0487,Google Ads,Mobile,1,0,0,0
S02257,2025-01-16,CUST0891,Google Ads,Mobile,1,1,1,1
S02258,2025-08-29,CUST0330,Google Ads,Mobile,0,0,0,0
S02259,2025-09-09,CUST0667,Direct,Mobile,1,1,0,0
S02260,2025-02-20,CUST0307,Organic,Mobile,0,0,0,0
S02261,2025-12-22,CUST0185,Instagram,Desktop,1,1,1,0
S02262,2025-01-28,CUST0335,Google Ads,Mobile,1,1,1,0
S02263,2025-02-22,CUST0506,Google Ads,Mobile,1,1,1,1
S02264,2025-11-04,CUST0463,Organic,Mobile,1,0,0,0
S02265,2025-04-26,CUST0933,Organic,Mobile,0,0,0,0
S02266,2025-01-09,CUST0995,Direct,Tablet,1,1,1,1
S02267,2025-01-11,CUST0003,Google Ads,Mobile,1,1,0,0
S02268,2025-04-17,CUST0669,Instagram,Mobile,1,1,0,0
S02269,2025-10-28,CUST0964,Direct,Mobile,1,0,0,0
S02270,2025-12-07,CUST0175,Organic,Desktop,1,1,0,0
S02271,2025-09-15,CUST0848,Direct,Mobile,1,0,0,0
S02272,2025-07-01,CUST0581,Organic,Mobile,0,0,0,0
S02273,2025-06-19,CUST0533,Google Ads,Tablet,1,1,1,1
S02274,2025-11-21,CUST1000,Google Ads,Mobile,1,1,0,0
S02275,2025-05-19,CUST0298,Google Ads,Mobile,1,0,0,0
S02276,2025-10-12,CUST0118,Organic,Tablet,0,0,0,0
S02277,2025-04-21,CUST0789,Google Ads,Mobile,1,1,1,1
S02278,2025-04-02,CUST0642,Organic,Mobile,1,1,1,0
S02279,2025-08-08,CUST0206,Organic,Mobile,1,1,1,1
S02280,2025-01-05,CUST0709,Organic,Desktop,1,1,1,1
S02281,2025-01-20,CUST0135,Google Ads,Mobile,0,0,0,0
S02282,2025-04-11,CUST0203,Instagram,Mobile,1,1,1,1
S02283,2025-10-22,CUST0035,Organic,Mobile,1,1,1,1
S02284,2025-06-06,CUST0030,Instagram,Desktop,0,0,0,0
S02285,2025-01-01,CUST0428,Organic,Mobile,1,1,1,1
S02286,2025-07-31,CUST0942,Email,Desktop,1,1,1,0
S02287,2025-04-29,CUST0823,Google Ads,Desktop,1,1,0,0
S02288,2025-09-17,CUST0257,Instagram,Mobile,0,0,0,0
S02289,2025-06-24,CUST0381,Direct,Mobile,1,1,1,1
S02290,2025-05-14,CUST0182,Google Ads,Desktop,1,1,1,1
S02291,2025-04-12,CUST0208,Direct,Mobile,1,1,1,1
S02292,2025-03-03,CUST0879,Google Ads,Mobile,1,0,0,0
S02293,2025-02-23,CUST0641,Instagram,Desktop,1,1,1,1
S02294,2025-11-01,CUST0575,Google Ads,Desktop,1,0,0,0
S02295,2025-01-07,CUST0439,Organic,Mobile,1,1,1,1
S02296,2025-12-22,CUST0342,Email,Mobile,1,1,1,0
S02297,2025-01-03,CUST0589,Direct,Mobile,1,1,1,1
S02298,2025-11-28,CUST0378,Instagram,Mobile,1,1,0,0
S02299,2025-12-01,CUST0411,Instagram,Mobile,1,1,1,1
S02300,2025-05-29,CUST0527,Instagram,Mobile,0,0,0,0
S02301,2025-10-15,CUST0383,Google Ads,Mobile,1,0,0,0
S02302,2025-01-12,CUST0465,Email,Mobile,1,0,0,0
S02303,2025-04-14,CUST0393,Organic,Desktop,1,1,1,1
S02304,2025-04-21,CUST0837,Instagram,Mobile,1,0,0,0
S02305,2025-09-20,CUST0571,Google Ads,Mobile,1,0,0,0
S02306,2025-06-22,CUST0151,Google Ads,Desktop,1,0,0,0
S02307,2025-04-05,CUST0620,Google Ads,Mobile,1,1,1,1
S02308,2025-11-17,CUST0369,Instagram,Desktop,1,1,1,0
S02309,2025-07-22,CUST0107,Email,Desktop,1,1,1,1
S02310,2025-02-14,CUST0139,Organic,Mobile,1,1,1,1
S02311,2025-02-03,CUST0280,Instagram,Mobile,1,1,1,1
S02312,2025-07-30,CUST0072,Instagram,Mobile,1,1,1,1
S02313,2025-08-13,CUST0623,Email,Mobile,1,0,0,0
S02314,2025-09-21,CUST0505,Organic,Mobile,1,1,1,1
S02315,2025-10-28,CUST0738,Organic,Mobile,0,0,0,0
S02316,2025-08-14,CUST0950,Email,Desktop,1,1,1,1
S02317,2025-04-14,CUST0106,Instagram,Desktop,0,0,0,0
S02318,2025-08-09,CUST0501,Direct,Desktop,1,1,1,1
S02319,2025-11-30,CUST0159,Direct,Mobile,1,1,0,0
S02320,2025-10-28,CUST0150,Email,Mobile,1,1,1,1
S02321,2025-05-03,CUST0014,Email,Desktop,1,1,0,0
S02322,2025-08-10,CUST0005,Email,Desktop,1,0,0,0
S02323,2025-02-12,CUST0639,Organic,Mobile,1,1,0,0
S02324,2025-07-29,CUST0273,Google Ads,Mobile,1,1,1,1
S02325,2025-12-03,CUST0338,Email,Mobile,1,1,1,1
S02326,2025-01-11,CUST0211,Email,Mobile,1,1,1,1
S02327,2025-08-04,CUST0327,Direct,Mobile,1,0,0,0
S02328,2025-06-13,CUST0858,Direct,Mobile,0,0,0,0
S02329,2025-08-13,CUST0729,Instagram,Mobile,1,1,0,0
S02330,2025-08-13,CUST0466,Email,Mobile,1,1,1,1
S02331,2025-09-03,CUST0940,Email,Mobile,1,1,1,0
S02332,2025-05-26,CUST0079,Direct,Desktop,1,1,1,1
S02333,2025-07-10,CUST0605,Organic,Mobile,1,1,0,0
S02334,2025-09-18,CUST0750,Email,Mobile,1,1,1,1
S02335,2025-10-14,CUST0746,Instagram,Desktop,1,0,0,0
S02336,2025-01-16,CUST0177,Instagram,Desktop,0,0,0,0
S02337,2025-07-13,CUST0767,Organic,Mobile,1,0,0,0
S02338,2025-01-09,CUST0833,Direct,Desktop,1,0,0,0
S02339,2025-01-02,CUST0132,Email,Mobile,1,1,1,1
S02340,2025-10-20,CUST0777,Google Ads,Desktop,1,0,0,0
S02341,2025-03-25,CUST0292,Instagram,Mobile,1,1,1,1
S02342,2025-07-28,CUST0691,Email,Desktop,1,0,0,0
S02343,2025-02-27,CUST0378,Direct,Desktop,1,0,0,0
S02344,2025-12-05,CUST0416,Organic,Desktop,0,0,0,0
S02345,2025-04-16,CUST0344,Direct,Desktop,0,0,0,0
S02346,2025-05-16,CUST0377,Instagram,Mobile,1,0,0,0
S02347,2025-11-04,CUST0485,Direct,Mobile,0,0,0,0
S02348,2025-11-27,CUST0146,Google Ads,Desktop,1,0,0,0
S02349,2025-03-18,CUST0655,Instagram,Mobile,1,0,0,0
S02350,2025-11-21,CUST0532,Instagram,Desktop,1,1,1,0
S02351,2025-07-29,CUST0570,Instagram,Tablet,1,0,0,0
S02352,2025-08-20,CUST0296,Instagram,Mobile,0,0,0,0
S02353,2025-05-05,CUST0578,Google Ads,Mobile,1,0,0,0
S02354,2025-06-29,CUST0345,Organic,Mobile,0,0,0,0
S02355,2025-10-17,CUST0397,Direct,Mobile,1,1,1,1
S02356,2025-08-02,CUST0475,Email,Desktop,1,1,1,1
S02357,2025-04-07,CUST0525,Direct,Mobile,1,0,0,0
S02358,2025-09-06,CUST0574,Email,Mobile,1,0,0,0
S02359,2025-08-09,CUST0924,Google Ads,Desktop,1,1,0,0
S02360,2025-01-13,CUST0046,Organic,Mobile,1,1,0,0
S02361,2025-11-02,CUST0911,Google Ads,Mobile,1,0,0,0
S02362,2025-04-01,CUST0605,Email,Mobile,1,0,0,0
S02363,2025-07-12,CUST0981,Direct,Desktop,1,1,1,1
S02364,2025-07-18,CUST0428,Instagram,Mobile,1,1,1,0
S02365,2025-09-17,CUST0223,Google Ads,Desktop,0,0,0,0
S02366,2025-03-05,CUST0023,Google Ads,Mobile,0,0,0,0
S02367,2025-11-26,CUST0869,Google Ads,Mobile,0,0,0,0
S02368,2025-08-20,CUST0067,Organic,Desktop,1,0,0,0
S02369,2025-08-15,CUST0626,Google Ads,Mobile,1,0,0,0
S02370,2025-06-16,CUST0483,Direct,Mobile,0,0,0,0
S02371,2025-09-08,CUST0206,Direct,Mobile,1,0,0,0
S02372,2025-07-05,CUST0578,Google Ads,Mobile,0,0,0,0
S02373,2025-09-06,CUST0562,Direct,Mobile,1,1,1,1
S02374,2025-09-29,CUST0653,Direct,Mobile,0,0,0,0
S02375,2025-12-06,CUST0258,Email,Mobile,1,1,1,1
S02376,2025-05-18,CUST0972,Google Ads,Desktop,1,1,1,1
S02377,2025-04-19,CUST0987,Google Ads,Mobile,1,1,1,1
S02378,2025-11-14,CUST0546,Instagram,Mobile,1,0,0,0
S02379,2025-02-13,CUST0808,Google Ads,Mobile,0,0,0,0
S02380,2025-12-08,CUST0253,Google Ads,Mobile,1,0,0,0
S02381,2025-12-03,CUST0581,Organic,Mobile,1,1,0,0
S02382,2025-07-20,CUST0189,Direct,Desktop,1,0,0,0
S02383,2025-04-14,CUST0153,Instagram,Mobile,1,1,0,0
S02384,2025-04-30,CUST0715,Organic,Mobile,0,0,0,0
S02385,2025-12-28,CUST0077,Google Ads,Mobile,1,0,0,0
S02386,2025-01-28,CUST0703,Email,Desktop,1,0,0,0
S02387,2025-04-17,CUST0540,Organic,Mobile,1,0,0,0
S02388,2025-10-07,CUST0725,Organic,Mobile,1,1,0,0
S02389,2025-01-28,CUST0369,Instagram,Desktop,0,0,0,0
S02390,2025-07-05,CUST0568,Instagram,Mobile,1,0,0,0
S02391,2025-07-14,CUST0624,Instagram,Desktop,1,0,0,0
S02392,2025-05-26,CUST0755,Google Ads,Mobile,1,1,1,1
S02393,2025-09-17,CUST0154,Organic,Desktop,1,0,0,0
S02394,2025-12-26,CUST0155,Organic,Mobile,1,1,1,1
S02395,2025-06-26,CUST0794,Email,Mobile,1,1,1,1
S02396,2025-05-08,CUST0271,Instagram,Mobile,1,0,0,0
S02397,2025-04-16,CUST0562,Instagram,Mobile,1,1,1,1
S02398,2025-12-18,CUST0509,Organic,Desktop,1,1,1,1
S02399,2025-07-30,CUST0390,Instagram,Desktop,0,0,0,0
S02400,2025-12-15,CUST0068,Direct,Mobile,1,0,0,0
S02401,2025-11-18,CUST0132,Instagram,Mobile,1,0,0,0
S02402,2025-11-10,CUST0670,Direct,Desktop,1,0,0,0
S02403,2025-01-11,CUST0845,Instagram,Mobile,1,1,1,0
S02404,2025-12-26,CUST0265,Google Ads,Mobile,1,1,1,1
S02405,2025-11-17,CUST0682,Direct,Desktop,1,0,0,0
S02406,2025-01-17,CUST0782,Direct,Desktop,0,0,0,0
S02407,2025-12-02,CUST0220,Instagram,Desktop,1,0,0,0
S02408,2025-03-07,CUST0552,Organic,Desktop,1,0,0,0
S02409,2025-04-23,CUST0899,Google Ads,Tablet,1,0,0,0
S02410,2025-05-12,CUST0937,Google Ads,Mobile,1,1,1,0
S02411,2025-03-12,CUST0989,Direct,Desktop,1,1,0,0
S02412,2025-03-02,CUST0289,Instagram,Mobile,1,1,1,0
S02413,2025-11-10,CUST0079,Organic,Desktop,1,1,1,0
S02414,2025-09-01,CUST0751,Email,Desktop,1,0,0,0
S02415,2025-11-05,CUST0572,Organic,Mobile,1,1,1,1
S02416,2025-01-05,CUST0320,Instagram,Desktop,0,0,0,0
S02417,2025-11-13,CUST0318,Instagram,Tablet,1,0,0,0
S02418,2025-01-21,CUST0487,Instagram,Mobile,1,1,1,1
S02419,2025-07-05,CUST0847,Direct,Mobile,1,0,0,0
S02420,2025-07-28,CUST0391,Instagram,Desktop,1,1,1,1
S02421,2025-08-19,CUST0749,Direct,Mobile,1,1,1,1
S02422,2025-01-14,CUST0588,Google Ads,Mobile,0,0,0,0
S02423,2025-12-18,CUST0818,Direct,Mobile,1,1,1,0
S02424,2025-03-20,CUST0039,Google Ads,Mobile,1,1,1,1
S02425,2025-07-01,CUST0199,Direct,Desktop,1,1,1,1
S02426,2025-03-19,CUST0943,Google Ads,Mobile,1,1,0,0
S02427,2025-10-24,CUST0105,Organic,Mobile,0,0,0,0
S02428,2025-09-29,CUST0582,Organic,Mobile,1,0,0,0
S02429,2025-02-20,CUST0794,Direct,Desktop,1,1,0,0
S02430,2025-09-14,CUST0507,Email,Mobile,0,0,0,0
S02431,2025-10-23,CUST0570,Organic,Mobile,1,0,0,0
S02432,2025-01-18,CUST0329,Email,Mobile,1,0,0,0
S02433,2025-10-17,CUST0691,Instagram,Mobile,1,1,1,1
S02434,2025-08-06,CUST0984,Direct,Mobile,1,1,1,1
S02435,2025-04-10,CUST0308,Google Ads,Desktop,1,0,0,0
S02436,2025-05-29,CUST0222,Organic,Mobile,0,0,0,0
S02437,2025-06-04,CUST0656,Organic,Desktop,1,0,0,0
S02438,2025-04-12,CUST0816,Google Ads,Desktop,1,0,0,0
S02439,2025-04-25,CUST0027,Direct,Mobile,0,0,0,0
S02440,2025-09-27,CUST0673,Google Ads,Mobile,1,0,0,0
S02441,2025-04-02,CUST0151,Email,Mobile,1,1,0,0
S02442,2025-01-21,CUST0173,Google Ads,Mobile,1,0,0,0
S02443,2025-04-30,CUST0723,Instagram,Mobile,1,1,0,0
S02444,2025-01-19,CUST0868,Direct,Mobile,1,0,0,0
S02445,2025-01-24,CUST0979,Google Ads,Desktop,1,0,0,0
S02446,2025-01-26,CUST0022,Organic,Mobile,1,1,1,1
S02447,2025-06-02,CUST0810,Instagram,Desktop,1,1,0,0
S02448,2025-10-28,CUST0877,Google Ads,Mobile,1,0,0,0
S02449,2025-12-30,CUST0545,Instagram,Desktop,1,1,1,1
S02450,2025-07-21,CUST0621,Instagram,Mobile,1,1,1,1
S02451,2025-05-19,CUST0394,Email,Mobile,0,0,0,0
S02452,2025-10-07,CUST0047,Google Ads,Mobile,1,1,0,0
S02453,2025-01-24,CUST0608,Instagram,Desktop,1,1,1,0
S02454,2025-01-12,CUST0125,Instagram,Mobile,1,0,0,0
S02455,2025-05-15,CUST0335,Email,Mobile,1,1,1,1
S02456,2025-03-22,CUST0295,Direct,Desktop,0,0,0,0
S02457,2025-12-21,CUST0890,Instagram,Mobile,1,0,0,0
S02458,2025-03-11,CUST0814,Instagram,Mobile,1,1,1,1
S02459,2025-07-23,CUST0840,Instagram,Mobile,1,0,0,0
S02460,2025-03-20,CUST0819,Organic,Mobile,1,0,0,0
S02461,2025-10-06,CUST0537,Instagram,Desktop,1,0,0,0
S02462,2025-07-18,CUST0594,Google Ads,Desktop,1,0,0,0
S02463,2025-10-21,CUST0911,Google Ads,Mobile,1,0,0,0
S02464,2025-10-12,CUST0570,Email,Desktop,1,0,0,0
S02465,2025-06-05,CUST0955,Organic,Mobile,1,1,1,0
S02466,2025-03-17,CUST0538,Google Ads,Mobile,1,0,0,0
S02467,2025-08-07,CUST0297,Instagram,Mobile,1,1,1,1
S02468,2025-11-20,CUST0044,Instagram,Tablet,1,1,1,1
S02469,2025-10-04,CUST0597,Email,Mobile,1,1,1,1
S02470,2025-09-22,CUST0022,Organic,Mobile,1,1,1,1
S02471,2025-02-18,CUST0878,Instagram,Mobile,1,1,0,0
S02472,2025-04-08,CUST0226,Google Ads,Mobile,1,0,0,0
S02473,2025-10-20,CUST0549,Google Ads,Mobile,1,0,0,0
S02474,2025-01-21,CUST0374,Organic,Desktop,1,1,0,0
S02475,2025-01-23,CUST0613,Organic,Mobile,1,0,0,0
S02476,2025-05-18,CUST0654,Email,Desktop,0,0,0,0
S02477,2025-08-18,CUST0004,Direct,Mobile,0,0,0,0
S02478,2025-11-22,CUST0024,Direct,Desktop,1,1,1,1
S02479,2025-12-23,CUST0962,Direct,Desktop,0,0,0,0
S02480,2025-01-29,CUST0703,Instagram,Mobile,0,0,0,0
S02481,2025-11-11,CUST0833,Instagram,Mobile,1,0,0,0
S02482,2025-01-21,CUST0322,Organic,Desktop,1,1,1,1
S02483,2025-12-08,CUST0781,Instagram,Desktop,1,0,0,0
S02484,2025-04-09,CUST0539,Instagram,Mobile,1,1,1,1
S02485,2025-03-04,CUST0372,Google Ads,Mobile,1,1,1,0
S02486,2025-10-29,CUST0593,Instagram,Desktop,1,1,1,1
S02487,2025-05-13,CUST0633,Instagram,Desktop,1,1,0,0
S02488,2025-01-15,CUST0365,Google Ads,Desktop,1,0,0,0
S02489,2025-04-15,CUST0913,Instagram,Mobile,1,1,1,1
S02490,2025-04-21,CUST0069,Instagram,Mobile,1,0,0,0
S02491,2025-12-05,CUST0472,Google Ads,Mobile,1,0,0,0
S02492,2025-12-02,CUST0505,Organic,Mobile,1,1,1,1
S02493,2025-04-21,CUST0313,Email,Desktop,1,1,1,1
S02494,2025-12-29,CUST0072,Direct,Mobile,1,1,1,1
S02495,2025-12-09,CUST0246,Google Ads,Mobile,1,1,1,0
S02496,2025-01-04,CUST0758,Google Ads,Desktop,1,1,1,1
S02497,2025-06-01,CUST0765,Instagram,Desktop,1,1,1,1
S02498,2025-02-11,CUST0876,Direct,Desktop,1,0,0,0
S02499,2025-01-26,CUST0073,Organic,Mobile,1,0,0,0
S02500,2025-12-28,CUST0786,Direct,Mobile,1,0,0,0
S02501,2025-07-13,CUST0528,Email,Mobile,1,0,0,0
S02502,2025-12-26,CUST0691,Email,Mobile,1,1,0,0
S02503,2025-01-08,CUST0864,Direct,Mobile,1,1,1,1
S02504,2025-03-14,CUST0040,Google Ads,Mobile,1,0,0,0
S02505,2025-03-19,CUST0039,Instagram,Mobile,1,0,0,0
S02506,2025-05-28,CUST0056,Email,Mobile,1,0,0,0
S02507,2025-11-18,CUST0885,Direct,Mobile,1,1,1,0
S02508,2025-03-09,CUST0745,Email,Mobile,1,1,0,0
S02509,2025-12-21,CUST0566,Direct,Mobile,1,1,1,0
S02510,2025-07-02,CUST0172,Email,Mobile,1,0,0,0
S02511,2025-11-30,CUST0302,Direct,Mobile,0,0,0,0
S02512,2025-03-26,CUST0928,Google Ads,Desktop,1,0,0,0
S02513,2025-03-20,CUST0490,Instagram,Mobile,1,1,0,0
S02514,2025-02-08,CUST0432,Email,Desktop,1,1,0,0
S02515,2025-11-02,CUST0701,Organic,Mobile,1,1,1,1
S02516,2025-01-20,CUST0962,Google Ads,Mobile,1,1,0,0
S02517,2025-03-11,CUST0934,Email,Desktop,1,1,1,1
S02518,2025-06-05,CUST0555,Organic,Mobile,1,1,1,0
S02519,2025-04-27,CUST0004,Instagram,Mobile,0,0,0,0
S02520,2025-01-28,CUST0261,Instagram,Mobile,1,0,0,0
S02521,2025-04-08,CUST0997,Instagram,Mobile,0,0,0,0
S02522,2025-11-25,CUST0881,Email,Mobile,0,0,0,0
S02523,2025-05-31,CUST0570,Google Ads,Mobile,1,1,0,0
S02524,2025-12-30,CUST0549,Email,Mobile,1,1,1,1
S02525,2025-01-22,CUST0410,Organic,Mobile,1,1,1,0
S02526,2025-09-18,CUST0747,Google Ads,Mobile,0,0,0,0
S02527,2025-03-01,CUST0265,Organic,Mobile,0,0,0,0
S02528,2025-06-12,CUST0015,Instagram,Mobile,1,1,1,0
S02529,2025-04-24,CUST0088,Email,Desktop,1,0,0,0
S02530,2025-12-20,CUST0984,Organic,Desktop,1,1,0,0
S02531,2025-07-15,CUST0099,Organic,Mobile,1,1,0,0
S02532,2025-02-14,CUST0617,Instagram,Tablet,1,1,1,1
S02533,2025-04-23,CUST0217,Email,Mobile,1,0,0,0
S02534,2025-06-28,CUST0410,Google Ads,Mobile,0,0,0,0
S02535,2025-09-27,CUST0191,Email,Mobile,1,1,1,1
S02536,2025-11-21,CUST0215,Organic,Mobile,1,0,0,0
S02537,2025-02-25,CUST0710,Google Ads,Mobile,1,1,1,1
S02538,2025-12-13,CUST0617,Google Ads,Mobile,0,0,0,0
S02539,2025-09-24,CUST0027,Direct,Desktop,0,0,0,0
S02540,2025-04-25,CUST0182,Email,Desktop,1,1,1,1
S02541,2025-12-23,CUST0595,Instagram,Mobile,0,0,0,0
S02542,2025-06-16,CUST0159,Google Ads,Mobile,0,0,0,0
S02543,2025-12-20,CUST0230,Instagram,Mobile,0,0,0,0
S02544,2025-04-25,CUST0235,Instagram,Desktop,1,0,0,0
S02545,2025-03-21,CUST0800,Google Ads,Mobile,1,1,0,0
S02546,2025-11-10,CUST0386,Organic,Tablet,1,1,0,0
S02547,2025-10-13,CUST0530,Instagram,Mobile,1,0,0,0
S02548,2025-11-19,CUST0284,Instagram,Mobile,1,1,1,1
S02549,2025-01-29,CUST0071,Direct,Mobile,1,1,0,0
S02550,2025-02-11,CUST0504,Direct,Mobile,1,0,0,0
S02551,2025-04-29,CUST0215,Instagram,Mobile,1,1,0,0
S02552,2025-03-03,CUST0117,Organic,Mobile,1,0,0,0
S02553,2025-06-04,CUST0100,Organic,Mobile,1,0,0,0
S02554,2025-10-12,CUST0600,Instagram,Tablet,0,0,0,0
S02555,2025-07-08,CUST0860,Instagram,Tablet,1,1,0,0
S02556,2025-10-12,CUST0665,Organic,Mobile,1,0,0,0
S02557,2025-04-14,CUST0295,Direct,Desktop,1,0,0,0
S02558,2025-02-26,CUST0177,Google Ads,Mobile,1,1,1,1
S02559,2025-11-07,CUST0132,Organic,Mobile,1,0,0,0
S02560,2025-06-21,CUST0820,Organic,Mobile,1,0,0,0
S02561,2025-06-05,CUST0634,Instagram,Mobile,1,1,1,1
S02562,2025-06-14,CUST0723,Organic,Desktop,1,1,1,0
S02563,2025-11-29,CUST0580,Google Ads,Mobile,1,1,0,0
S02564,2025-03-10,CUST0057,Instagram,Desktop,0,0,0,0
S02565,2025-02-27,CUST0013,Direct,Desktop,1,0,0,0
S02566,2025-07-26,CUST0193,Instagram,Mobile,1,1,1,0
S02567,2025-03-26,CUST0575,Google Ads,Mobile,0,0,0,0
S02568,2025-11-21,CUST0994,Direct,Mobile,1,1,1,1
S02569,2025-04-11,CUST0839,Instagram,Mobile,1,0,0,0
S02570,2025-10-19,CUST0510,Google Ads,Mobile,1,1,0,0
S02571,2025-09-08,CUST0153,Organic,Mobile,1,1,1,1
S02572,2025-08-08,CUST0023,Instagram,Desktop,1,0,0,0
S02573,2025-06-09,CUST0030,Instagram,Desktop,1,1,0,0
S02574,2025-07-06,CUST0369,Instagram,Mobile,1,0,0,0
S02575,2025-03-28,CUST0701,Organic,Mobile,0,0,0,0
S02576,2025-11-26,CUST0391,Instagram,Mobile,1,1,1,1
S02577,2025-12-15,CUST0310,Direct,Desktop,1,1,1,1
S02578,2025-06-04,CUST0621,Direct,Mobile,1,0,0,0
S02579,2025-12-21,CUST0401,Instagram,Desktop,1,0,0,0
S02580,2025-10-07,CUST0353,Instagram,Tablet,1,0,0,0
S02581,2025-12-09,CUST0572,Organic,Mobile,0,0,0,0
S02582,2025-11-19,CUST0066,Organic,Desktop,1,0,0,0
S02583,2025-06-13,CUST0166,Instagram,Mobile,1,0,0,0
S02584,2025-03-09,CUST0492,Email,Mobile,1,1,1,1
S02585,2025-12-28,CUST0653,Instagram,Mobile,1,1,0,0
S02586,2025-10-15,CUST0564,Organic,Mobile,1,0,0,0
S02587,2025-07-31,CUST0180,Email,Mobile,1,1,1,0
S02588,2025-04-30,CUST0544,Google Ads,Desktop,1,0,0,0
S02589,2025-07-04,CUST0726,Google Ads,Mobile,1,1,1,1
S02590,2025-08-04,CUST0777,Instagram,Mobile,1,0,0,0
S02591,2025-05-10,CUST0017,Google Ads,Tablet,1,1,1,0
S02592,2025-03-19,CUST0126,Direct,Desktop,0,0,0,0
S02593,2025-06-19,CUST0082,Google Ads,Mobile,1,1,1,1
S02594,2025-02-07,CUST0040,Google Ads,Mobile,0,0,0,0
S02595,2025-02-24,CUST0616,Instagram,Desktop,1,1,1,1
S02596,2025-10-17,CUST0219,Organic,Mobile,0,0,0,0
S02597,2025-02-15,CUST0971,Instagram,Mobile,1,1,1,1
S02598,2025-06-20,CUST0182,Direct,Desktop,1,1,1,1
S02599,2025-05-10,CUST0896,Email,Mobile,1,1,1,0
S02600,2025-06-13,CUST0438,Google Ads,Tablet,1,1,1,0
S02601,2025-03-11,CUST0668,Google Ads,Desktop,1,0,0,0
S02602,2025-10-19,CUST0968,Google Ads,Desktop,1,1,1,1
S02603,2025-03-10,CUST0690,Direct,Desktop,1,1,0,0
S02604,2025-04-15,CUST0530,Instagram,Mobile,0,0,0,0
S02605,2025-02-23,CUST0653,Direct,Desktop,1,1,1,0
S02606,2025-12-29,CUST0161,Email,Mobile,1,0,0,0
S02607,2025-09-05,CUST0911,Organic,Mobile,1,1,0,0
S02608,2025-11-05,CUST0726,Instagram,Mobile,1,0,0,0
S02609,2025-04-16,CUST0934,Instagram,Mobile,1,1,1,1
S02610,2025-12-15,CUST0734,Organic,Mobile,1,1,0,0
S02611,2025-11-11,CUST0774,Google Ads,Desktop,0,0,0,0
S02612,2025-04-07,CUST0557,Instagram,Mobile,1,1,1,0
S02613,2025-12-08,CUST0187,Google Ads,Mobile,1,1,1,1
S02614,2025-01-27,CUST0354,Instagram,Desktop,1,1,1,1
S02615,2025-03-13,CUST0375,Google Ads,Mobile,1,1,1,1
S02616,2025-07-04,CUST0467,Direct,Desktop,1,0,0,0
S02617,2025-05-14,CUST0241,Email,Desktop,1,0,0,0
S02618,2025-06-23,CUST0737,Direct,Mobile,1,1,1,0
S02619,2025-10-08,CUST0334,Google Ads,Mobile,1,1,1,1
S02620,2025-04-08,CUST0048,Google Ads,Desktop,1,1,0,0
S02621,2025-03-05,CUST0111,Instagram,Desktop,1,0,0,0
S02622,2025-04-23,CUST0937,Email,Desktop,1,1,1,1
S02623,2025-03-06,CUST0595,Organic,Desktop,1,1,1,1
S02624,2025-08-04,CUST0104,Google Ads,Desktop,1,0,0,0
S02625,2025-12-20,CUST0463,Email,Mobile,1,0,0,0
S02626,2025-10-17,CUST0074,Email,Desktop,1,0,0,0
S02627,2025-11-11,CUST0567,Instagram,Mobile,1,1,1,1
S02628,2025-03-30,CUST0317,Organic,Desktop,1,1,0,0
S02629,2025-09-04,CUST0002,Instagram,Mobile,0,0,0,0
S02630,2025-11-28,CUST0754,Direct,Mobile,1,1,0,0
S02631,2025-05-29,CUST0372,Organic,Mobile,1,1,1,1
S02632,2025-12-23,CUST0770,Direct,Mobile,1,0,0,0
S02633,2025-08-28,CUST0469,Direct,Mobile,1,0,0,0
S02634,2025-01-06,CUST0844,Email,Mobile,1,0,0,0
S02635,2025-08-25,CUST0010,Email,Mobile,1,1,1,1
S02636,2025-12-31,CUST0588,Direct,Mobile,1,1,1,1
S02637,2025-09-24,CUST0423,Instagram,Mobile,1,1,0,0
S02638,2025-12-02,CUST0258,Organic,Desktop,1,0,0,0
S02639,2025-08-26,CUST0633,Direct,Mobile,1,0,0,0
S02640,2025-05-19,CUST0833,Organic,Mobile,1,1,1,0
S02641,2025-06-14,CUST0962,Organic,Mobile,1,1,1,0
S02642,2025-10-09,CUST0727,Organic,Desktop,1,1,1,1
S02643,2025-07-04,CUST0476,Instagram,Desktop,1,0,0,0
S02644,2025-06-03,CUST0245,Google Ads,Mobile,1,1,1,1
S02645,2025-04-16,CUST0337,Organic,Tablet,0,0,0,0
S02646,2025-05-29,CUST0692,Instagram,Mobile,1,1,0,0
S02647,2025-07-04,CUST0488,Google Ads,Mobile,0,0,0,0
S02648,2025-09-28,CUST0853,Direct,Desktop,1,1,1,0
S02649,2025-12-25,CUST0812,Instagram,Tablet,1,1,0,0
S02650,2025-07-10,CUST0802,Organic,Mobile,1,1,1,0
S02651,2025-06-12,CUST0073,Instagram,Mobile,1,1,0,0
S02652,2025-07-20,CUST0721,Direct,Desktop,1,0,0,0
S02653,2025-04-16,CUST0753,Instagram,Mobile,1,1,0,0
S02654,2025-08-03,CUST0874,Organic,Desktop,0,0,0,0
S02655,2025-11-20,CUST0685,Instagram,Desktop,1,0,0,0
S02656,2025-08-08,CUST0928,Google Ads,Mobile,1,1,1,1
S02657,2025-12-11,CUST0005,Instagram,Mobile,0,0,0,0
S02658,2025-08-05,CUST0462,Email,Mobile,1,1,1,0
S02659,2025-01-29,CUST0366,Google Ads,Mobile,1,0,0,0
S02660,2025-08-26,CUST0495,Google Ads,Mobile,1,1,1,1
S02661,2025-03-05,CUST0217,Instagram,Desktop,1,1,0,0
S02662,2025-04-06,CUST0214,Google Ads,Mobile,1,1,0,0
S02663,2025-06-03,CUST0959,Google Ads,Desktop,1,0,0,0
S02664,2025-01-28,CUST0325,Organic,Tablet,1,1,1,1
S02665,2025-12-06,CUST0310,Email,Mobile,1,1,1,1
S02666,2025-06-25,CUST0038,Instagram,Mobile,1,0,0,0
S02667,2025-09-08,CUST0905,Email,Mobile,1,1,1,1
S02668,2025-07-13,CUST0061,Organic,Mobile,1,1,1,1
S02669,2025-10-06,CUST0095,Email,Desktop,1,0,0,0
S02670,2025-02-08,CUST0233,Organic,Desktop,1,1,0,0
S02671,2025-03-10,CUST0789,Organic,Desktop,0,0,0,0
S02672,2025-10-04,CUST0548,Direct,Mobile,1,1,1,1
S02673,2025-04-30,CUST0513,Google Ads,Desktop,1,0,0,0
S02674,2025-03-27,CUST0150,Google Ads,Mobile,1,0,0,0
S02675,2025-06-26,CUST0471,Direct,Mobile,1,0,0,0
S02676,2025-04-04,CUST0215,Google Ads,Mobile,1,1,1,1
S02677,2025-04-02,CUST0399,Email,Mobile,1,1,1,0
S02678,2025-03-22,CUST0558,Instagram,Tablet,0,0,0,0
S02679,2025-12-07,CUST0577,Organic,Desktop,1,1,0,0
S02680,2025-08-16,CUST0006,Instagram,Tablet,1,1,1,0
S02681,2025-03-29,CUST0936,Email,Mobile,1,0,0,0
S02682,2025-12-16,CUST0931,Instagram,Desktop,1,0,0,0
S02683,2025-05-08,CUST0081,Organic,Desktop,1,0,0,0
S02684,2025-10-25,CUST0189,Google Ads,Desktop,1,1,1,1
S02685,2025-07-09,CUST0663,Instagram,Mobile,1,1,1,1
S02686,2025-12-21,CUST0660,Direct,Desktop,0,0,0,0
S02687,2025-05-14,CUST0028,Google Ads,Mobile,1,0,0,0
S02688,2025-05-16,CUST0677,Direct,Desktop,1,1,1,1
S02689,2025-11-21,CUST0978,Organic,Desktop,0,0,0,0
S02690,2025-02-09,CUST0135,Organic,Desktop,1,1,1,1
S02691,2025-05-18,CUST0766,Google Ads,Desktop,1,1,1,0
S02692,2025-10-14,CUST0305,Direct,Mobile,1,0,0,0
S02693,2025-09-13,CUST0495,Google Ads,Desktop,1,0,0,0
S02694,2025-10-13,CUST0724,Direct,Mobile,1,1,0,0
S02695,2025-03-26,CUST0280,Organic,Mobile,1,1,1,1
S02696,2025-11-13,CUST0080,Email,Mobile,0,0,0,0
S02697,2025-01-27,CUST0781,Email,Desktop,1,1,1,1
S02698,2025-08-18,CUST0860,Google Ads,Desktop,1,0,0,0
S02699,2025-10-18,CUST0391,Instagram,Tablet,1,0,0,0
S02700,2025-11-12,CUST0015,Google Ads,Mobile,1,0,0,0
S02701,2025-10-15,CUST0599,Google Ads,Mobile,1,1,1,1
S02702,2025-12-12,CUST0919,Instagram,Mobile,0,0,0,0
S02703,2025-05-12,CUST0892,Organic,Desktop,1,0,0,0
S02704,2025-04-01,CUST0223,Instagram,Mobile,1,0,0,0
S02705,2025-12-22,CUST0837,Google Ads,Desktop,1,1,1,0
S02706,2025-08-17,CUST0603,Google Ads,Tablet,1,0,0,0
S02707,2025-01-27,CUST0828,Instagram,Mobile,1,1,0,0
S02708,2025-10-30,CUST0266,Instagram,Desktop,1,1,1,1
S02709,2025-10-09,CUST0819,Instagram,Mobile,0,0,0,0
S02710,2025-10-07,CUST0320,Instagram,Mobile,1,1,1,0
S02711,2025-07-18,CUST0106,Google Ads,Mobile,1,1,0,0
S02712,2025-10-27,CUST0253,Direct,Desktop,1,0,0,0
S02713,2025-06-03,CUST0199,Direct,Mobile,0,0,0,0
S02714,2025-10-26,CUST0056,Direct,Mobile,0,0,0,0
S02715,2025-02-12,CUST0928,Organic,Desktop,0,0,0,0
S02716,2025-11-18,CUST0407,Organic,Mobile,1,0,0,0
S02717,2025-04-20,CUST0438,Email,Desktop,1,1,1,1
S02718,2025-04-21,CUST0751,Google Ads,Desktop,1,0,0,0
S02719,2025-01-01,CUST0457,Organic,Mobile,1,1,1,1
S02720,2025-05-20,CUST0477,Google Ads,Mobile,1,0,0,0
S02721,2025-06-27,CUST0347,Instagram,Mobile,1,1,0,0
S02722,2025-03-01,CUST0486,Direct,Tablet,1,1,1,1
S02723,2025-07-02,CUST0853,Direct,Mobile,1,0,0,0
S02724,2025-10-09,CUST0363,Organic,Desktop,1,1,1,1
S02725,2025-11-09,CUST0966,Organic,Desktop,1,1,1,1
S02726,2025-08-09,CUST0730,Instagram,Mobile,1,0,0,0
S02727,2025-08-15,CUST0212,Organic,Desktop,1,1,1,1
S02728,2025-05-24,CUST0701,Organic,Mobile,1,1,0,0
S02729,2025-08-12,CUST0847,Direct,Mobile,1,1,1,1
S02730,2025-02-21,CUST0877,Email,Mobile,1,0,0,0
S02731,2025-03-22,CUST0614,Email,Desktop,1,1,0,0
S02732,2025-05-29,CUST0916,Direct,Tablet,1,1,1,1
S02733,2025-01-27,CUST0437,Instagram,Mobile,1,1,1,1
S02734,2025-08-20,CUST0143,Email,Mobile,0,0,0,0
S02735,2025-04-21,CUST0285,Google Ads,Desktop,1,1,1,1
S02736,2025-03-20,CUST0070,Direct,Mobile,1,1,1,1
S02737,2025-10-06,CUST0848,Instagram,Desktop,1,1,1,0
S02738,2025-05-07,CUST0577,Email,Mobile,1,0,0,0
S02739,2025-10-08,CUST0958,Direct,Mobile,1,1,1,1
S02740,2025-11-15,CUST0710,Google Ads,Desktop,1,0,0,0
S02741,2025-12-07,CUST0528,Instagram,Mobile,1,1,1,1
S02742,2025-07-01,CUST0310,Direct,Mobile,1,0,0,0
S02743,2025-04-29,CUST0865,Organic,Mobile,1,1,1,0
S02744,2025-09-23,CUST0263,Organic,Mobile,1,0,0,0
S02745,2025-06-27,CUST0060,Organic,Desktop,0,0,0,0
S02746,2025-07-20,CUST0522,Email,Desktop,1,1,0,0
S02747,2025-03-11,CUST0309,Email,Mobile,0,0,0,0
S02748,2025-06-07,CUST0520,Email,Mobile,1,0,0,0
S02749,2025-11-07,CUST0382,Instagram,Desktop,1,1,1,1
S02750,2025-04-08,CUST0341,Direct,Desktop,1,1,0,0
S02751,2025-07-24,CUST0602,Instagram,Mobile,1,0,0,0
S02752,2025-03-27,CUST0549,Direct,Desktop,1,1,1,1
S02753,2025-12-27,CUST0978,Direct,Mobile,1,0,0,0
S02754,2025-10-07,CUST0900,Instagram,Desktop,1,0,0,0
S02755,2025-03-26,CUST0084,Organic,Mobile,0,0,0,0
S02756,2025-12-25,CUST0234,Organic,Desktop,1,0,0,0
S02757,2025-08-03,CUST0762,Google Ads,Mobile,1,0,0,0
S02758,2025-05-13,CUST0240,Email,Mobile,0,0,0,0
S02759,2025-09-04,CUST0104,Organic,Mobile,1,1,0,0
S02760,2025-05-21,CUST0723,Instagram,Desktop,1,1,1,0
S02761,2025-03-17,CUST0225,Google Ads,Mobile,1,0,0,0
S02762,2025-04-08,CUST0279,Google Ads,Mobile,1,0,0,0
S02763,2025-10-30,CUST0393,Google Ads,Desktop,1,1,1,0
S02764,2025-02-24,CUST0678,Email,Desktop,1,1,1,1
S02765,2025-11-01,CUST0813,Instagram,Desktop,0,0,0,0
S02766,2025-09-16,CUST0429,Email,Desktop,1,0,0,0
S02767,2025-01-22,CUST0402,Email,Mobile,0,0,0,0
S02768,2025-02-04,CUST0046,Email,Desktop,1,0,0,0
S02769,2025-01-28,CUST0514,Organic,Desktop,0,0,0,0
S02770,2025-06-19,CUST0176,Google Ads,Mobile,1,0,0,0
S02771,2025-05-20,CUST0785,Google Ads,Mobile,0,0,0,0
S02772,2025-05-09,CUST0630,Instagram,Mobile,1,0,0,0
S02773,2025-04-10,CUST0784,Email,Tablet,0,0,0,0
S02774,2025-09-04,CUST0366,Organic,Mobile,1,1,0,0
S02775,2025-01-23,CUST0173,Organic,Mobile,1,1,0,0
S02776,2025-12-23,CUST0304,Instagram,Desktop,1,1,1,1
S02777,2025-10-11,CUST0152,Organic,Mobile,1,0,0,0
S02778,2025-04-23,CUST0351,Organic,Desktop,1,1,1,1
S02779,2025-07-16,CUST0705,Instagram,Desktop,1,1,1,0
S02780,2025-06-13,CUST0092,Google Ads,Mobile,1,0,0,0
S02781,2025-11-06,CUST0161,Google Ads,Mobile,1,1,1,1
S02782,2025-02-25,CUST0106,Organic,Mobile,1,1,0,0
S02783,2025-01-10,CUST0741,Instagram,Mobile,1,0,0,0
S02784,2025-05-13,CUST0103,Google Ads,Mobile,0,0,0,0
S02785,2025-06-01,CUST0132,Email,Desktop,1,1,1,1
S02786,2025-07-10,CUST0769,Email,Mobile,1,0,0,0
S02787,2025-10-11,CUST0289,Google Ads,Mobile,0,0,0,0
S02788,2025-10-04,CUST0458,Google Ads,Mobile,1,0,0,0
S02789,2025-08-31,CUST0958,Direct,Mobile,1,1,1,1
S02790,2025-11-28,CUST0899,Organic,Mobile,1,1,1,0
S02791,2025-10-03,CUST0101,Organic,Desktop,1,0,0,0
S02792,2025-07-09,CUST0813,Google Ads,Mobile,1,1,0,0
S02793,2025-04-25,CUST0021,Google Ads,Desktop,1,0,0,0
S02794,2025-12-18,CUST0249,Organic,Desktop,1,1,0,0
S02795,2025-11-03,CUST0192,Google Ads,Desktop,1,1,1,1
S02796,2025-12-24,CUST0585,Organic,Mobile,1,0,0,0
S02797,2025-10-23,CUST0313,Google Ads,Mobile,1,0,0,0
S02798,2025-08-22,CUST0168,Instagram,Mobile,1,0,0,0
S02799,2025-12-07,CUST0574,Direct,Mobile,1,1,1,0
S02800,2025-03-22,CUST0171,Organic,Mobile,1,0,0,0
S02801,2025-07-12,CUST0633,Direct,Mobile,1,0,0,0
S02802,2025-12-30,CUST0216,Instagram,Mobile,1,1,1,0
S02803,2025-09-15,CUST0509,Direct,Desktop,1,0,0,0
S02804,2025-08-19,CUST0174,Direct,Desktop,1,1,0,0
S02805,2025-01-14,CUST0968,Instagram,Mobile,1,1,1,1
S02806,2025-01-14,CUST0536,Organic,Mobile,1,1,0,0
S02807,2025-02-13,CUST0408,Email,Mobile,0,0,0,0
S02808,2025-07-29,CUST0501,Organic,Mobile,1,0,0,0
S02809,2025-02-09,CUST0138,Direct,Mobile,0,0,0,0
S02810,2025-02-03,CUST0099,Organic,Mobile,1,1,1,1
S02811,2025-08-23,CUST0836,Instagram,Tablet,1,1,1,1
S02812,2025-11-17,CUST0057,Organic,Desktop,1,1,1,1
S02813,2025-08-22,CUST0247,Instagram,Desktop,1,1,1,1
S02814,2025-10-01,CUST0684,Google Ads,Desktop,1,0,0,0
S02815,2025-10-17,CUST0713,Email,Desktop,1,1,0,0
S02816,2025-12-09,CUST0843,Email,Mobile,1,0,0,0
S02817,2025-12-02,CUST0107,Direct,Mobile,1,0,0,0
S02818,2025-08-17,CUST0048,Organic,Mobile,1,1,1,1
S02819,2025-11-14,CUST0845,Email,Desktop,1,1,0,0
S02820,2025-05-08,CUST0923,Instagram,Desktop,1,0,0,0
S02821,2025-11-22,CUST0286,Organic,Mobile,1,1,1,1
S02822,2025-07-28,CUST0046,Instagram,Tablet,0,0,0,0
S02823,2025-10-31,CUST0999,Direct,Mobile,1,0,0,0
S02824,2025-03-21,CUST0396,Google Ads,Desktop,1,1,1,0
S02825,2025-10-22,CUST0120,Google Ads,Desktop,1,1,1,0
S02826,2025-06-25,CUST0060,Google Ads,Mobile,1,1,1,1
S02827,2025-08-21,CUST0147,Instagram,Desktop,1,1,1,1
S02828,2025-11-22,CUST0616,Instagram,Mobile,1,1,1,1
S02829,2025-12-02,CUST0580,Organic,Mobile,0,0,0,0
S02830,2025-09-22,CUST0950,Instagram,Mobile,1,1,1,1
S02831,2025-10-12,CUST0497,Google Ads,Desktop,1,1,1,1
S02832,2025-04-28,CUST0674,Google Ads,Desktop,1,0,0,0
S02833,2025-06-15,CUST0727,Organic,Mobile,1,0,0,0
S02834,2025-11-14,CUST0118,Instagram,Desktop,1,1,1,1
S02835,2025-05-22,CUST0237,Instagram,Mobile,1,0,0,0
S02836,2025-09-04,CUST0218,Google Ads,Mobile,1,0,0,0
S02837,2025-06-26,CUST0124,Email,Mobile,0,0,0,0
S02838,2025-10-26,CUST0629,Google Ads,Mobile,1,1,1,1
S02839,2025-12-10,CUST0263,Google Ads,Desktop,1,1,1,1
S02840,2025-09-21,CUST0850,Instagram,Mobile,1,0,0,0
S02841,2025-06-17,CUST0170,Direct,Mobile,1,0,0,0
S02842,2025-01-25,CUST0708,Email,Mobile,0,0,0,0
S02843,2025-07-10,CUST0821,Organic,Desktop,1,1,0,0
S02844,2025-01-15,CUST0392,Email,Mobile,0,0,0,0
S02845,2025-01-16,CUST0150,Direct,Desktop,0,0,0,0
S02846,2025-11-06,CUST0246,Instagram,Desktop,1,1,1,0
S02847,2025-05-07,CUST0501,Direct,Mobile,1,0,0,0
S02848,2025-09-24,CUST0794,Organic,Desktop,1,1,0,0
S02849,2025-01-28,CUST0973,Google Ads,Mobile,1,1,1,1
S02850,2025-09-20,CUST0191,Instagram,Mobile,1,0,0,0
S02851,2025-10-21,CUST0174,Instagram,Desktop,1,0,0,0
S02852,2025-06-01,CUST0885,Direct,Desktop,1,1,0,0
S02853,2025-03-09,CUST0593,Instagram,Desktop,1,0,0,0
S02854,2025-02-06,CUST0172,Organic,Mobile,1,1,1,1
S02855,2025-02-04,CUST0958,Google Ads,Mobile,0,0,0,0
S02856,2025-05-14,CUST0676,Direct,Desktop,1,0,0,0
S02857,2025-06-10,CUST0809,Organic,Mobile,1,1,1,0
S02858,2025-08-12,CUST0623,Instagram,Mobile,1,1,1,1
S02859,2025-04-20,CUST0719,Google Ads,Mobile,1,1,0,0
S02860,2025-04-12,CUST0338,Direct,Desktop,1,1,1,1
S02861,2025-12-21,CUST0411,Instagram,Tablet,1,1,1,1
S02862,2025-07-01,CUST0070,Instagram,Mobile,1,0,0,0
S02863,2025-05-27,CUST0098,Instagram,Mobile,1,0,0,0
S02864,2025-08-04,CUST0937,Instagram,Desktop,0,0,0,0
S02865,2025-05-19,CUST0517,Organic,Desktop,1,1,1,1
S02866,2025-11-23,CUST0185,Direct,Tablet,1,0,0,0
S02867,2025-07-07,CUST0716,Email,Mobile,1,1,1,0
S02868,2025-03-29,CUST0413,Direct,Mobile,1,0,0,0
S02869,2025-09-04,CUST0378,Instagram,Mobile,1,1,0,0
S02870,2025-07-05,CUST0997,Organic,Mobile,1,0,0,0
S02871,2025-03-29,CUST0012,Organic,Desktop,1,1,1,1
S02872,2025-11-30,CUST0409,Instagram,Mobile,1,1,0,0
S02873,2025-06-01,CUST0751,Direct,Desktop,1,1,1,1
S02874,2025-09-24,CUST0418,Direct,Mobile,0,0,0,0
S02875,2025-07-19,CUST0331,Direct,Mobile,1,0,0,0
S02876,2025-12-01,CUST0983,Instagram,Mobile,1,0,0,0
S02877,2025-09-03,CUST0280,Email,Mobile,1,0,0,0
S02878,2025-08-04,CUST0115,Google Ads,Desktop,1,1,0,0
S02879,2025-03-15,CUST0881,Direct,Mobile,1,0,0,0
S02880,2025-06-09,CUST0210,Google Ads,Desktop,1,0,0,0
S02881,2025-09-12,CUST0447,Instagram,Mobile,1,1,1,1
S02882,2025-01-17,CUST0831,Organic,Mobile,1,1,1,1
S02883,2025-05-18,CUST0394,Email,Mobile,1,1,0,0
S02884,2025-01-06,CUST0645,Google Ads,Desktop,1,1,1,1
S02885,2025-08-07,CUST0735,Google Ads,Desktop,1,1,0,0
S02886,2025-01-01,CUST0857,Direct,Desktop,1,0,0,0
S02887,2025-03-05,CUST0181,Google Ads,Mobile,1,1,1,0
S02888,2025-07-28,CUST0465,Instagram,Mobile,1,0,0,0
S02889,2025-01-01,CUST0028,Instagram,Mobile,0,0,0,0
S02890,2025-12-23,CUST0193,Organic,Desktop,1,1,1,1
S02891,2025-07-08,CUST0813,Organic,Mobile,1,0,0,0
S02892,2025-09-04,CUST0962,Organic,Desktop,1,0,0,0
S02893,2025-09-14,CUST0256,Instagram,Mobile,1,0,0,0
S02894,2025-06-23,CUST0945,Organic,Mobile,1,1,1,0
S02895,2025-04-19,CUST0623,Instagram,Desktop,1,0,0,0
S02896,2025-03-01,CUST0424,Organic,Mobile,1,1,1,0
S02897,2025-02-12,CUST0706,Direct,Mobile,1,1,1,1
S02898,2025-02-07,CUST0636,Direct,Desktop,1,1,1,1
S02899,2025-12-29,CUST0091,Google Ads,Mobile,1,0,0,0
S02900,2025-09-15,CUST0648,Direct,Mobile,1,1,0,0
S02901,2025-03-23,CUST0795,Email,Desktop,1,0,0,0
S02902,2025-08-09,CUST0741,Direct,Tablet,1,1,1,0
S02903,2025-04-21,CUST0145,Google Ads,Desktop,1,0,0,0
S02904,2025-09-22,CUST0452,Instagram,Mobile,1,1,0,0
S02905,2025-05-16,CUST0428,Direct,Desktop,1,1,1,1
S02906,2025-12-02,CUST0242,Instagram,Mobile,0,0,0,0
S02907,2025-11-14,CUST0486,Instagram,Desktop,0,0,0,0
S02908,2025-01-23,CUST0031,Google Ads,Mobile,1,1,1,0
S02909,2025-12-15,CUST0773,Direct,Mobile,1,0,0,0
S02910,2025-02-28,CUST0060,Instagram,Desktop,0,0,0,0
S02911,2025-09-23,CUST0601,Google Ads,Desktop,1,0,0,0
S02912,2025-05-20,CUST0476,Google Ads,Mobile,1,0,0,0
S02913,2025-04-26,CUST0915,Direct,Mobile,1,0,0,0
S02914,2025-07-23,CUST0101,Email,Desktop,1,0,0,0
S02915,2025-06-07,CUST0810,Instagram,Mobile,1,1,1,1
S02916,2025-11-26,CUST0791,Google Ads,Mobile,1,0,0,0
S02917,2025-07-15,CUST0633,Organic,Mobile,1,1,0,0
S02918,2025-07-31,CUST0755,Instagram,Mobile,1,1,1,1
S02919,2025-02-10,CUST0996,Email,Mobile,1,1,1,1
S02920,2025-12-25,CUST0877,Google Ads,Tablet,1,1,1,0
S02921,2025-01-07,CUST0589,Instagram,Mobile,1,1,0,0
S02922,2025-12-16,CUST0273,Instagram,Mobile,1,1,0,0
S02923,2025-04-15,CUST0882,Direct,Mobile,1,1,1,1
S02924,2025-11-04,CUST0478,Google Ads,Mobile,1,1,1,1
S02925,2025-02-14,CUST0058,Instagram,Mobile,1,0,0,0
S02926,2025-02-07,CUST0759,Instagram,Desktop,1,0,0,0
S02927,2025-06-13,CUST0983,Google Ads,Mobile,1,1,0,0
S02928,2025-03-22,CUST0945,Email,Tablet,1,0,0,0
S02929,2025-12-07,CUST0505,Direct,Desktop,1,1,1,1
S02930,2025-02-27,CUST0387,Organic,Desktop,1,0,0,0
S02931,2025-10-29,CUST0461,Email,Mobile,0,0,0,0
S02932,2025-05-03,CUST0608,Google Ads,Mobile,1,0,0,0
S02933,2025-07-14,CUST0045,Google Ads,Mobile,1,1,1,1
S02934,2025-07-12,CUST0291,Direct,Desktop,1,1,1,1
S02935,2025-04-14,CUST0258,Instagram,Mobile,1,1,1,1
S02936,2025-04-22,CUST0815,Organic,Mobile,1,1,1,1
S02937,2025-05-12,CUST0771,Direct,Desktop,0,0,0,0
S02938,2025-04-06,CUST0246,Organic,Mobile,1,1,1,1
S02939,2025-03-24,CUST0240,Direct,Mobile,1,1,1,1
S02940,2025-06-19,CUST0413,Google Ads,Mobile,0,0,0,0
S02941,2025-02-18,CUST0128,Organic,Desktop,1,0,0,0
S02942,2025-05-15,CUST0714,Instagram,Mobile,1,1,1,0
S02943,2025-09-22,CUST0276,Organic,Mobile,1,1,1,1
S02944,2025-07-18,CUST0418,Email,Mobile,1,1,1,0
S02945,2025-10-10,CUST0207,Organic,Desktop,1,1,1,1
S02946,2025-02-04,CUST0552,Email,Mobile,0,0,0,0
S02947,2025-12-10,CUST0365,Organic,Mobile,1,1,1,1
S02948,2025-07-23,CUST0833,Direct,Desktop,0,0,0,0
S02949,2025-08-29,CUST0346,Direct,Desktop,1,0,0,0
S02950,2025-12-15,CUST0831,Google Ads,Desktop,0,0,0,0
S02951,2025-11-19,CUST0568,Direct,Desktop,1,1,0,0
S02952,2025-02-12,CUST0160,Instagram,Mobile,0,0,0,0
S02953,2025-09-21,CUST0834,Instagram,Mobile,1,1,0,0
S02954,2025-03-19,CUST0096,Organic,Mobile,1,0,0,0
S02955,2025-02-05,CUST0425,Google Ads,Desktop,0,0,0,0
S02956,2025-10-31,CUST0925,Organic,Mobile,1,1,1,1
S02957,2025-06-23,CUST0116,Direct,Mobile,0,0,0,0
S02958,2025-05-15,CUST0212,Email,Mobile,1,1,1,0
S02959,2025-11-26,CUST0599,Google Ads,Mobile,1,1,1,1
S02960,2025-05-20,CUST0307,Email,Mobile,1,1,0,0
S02961,2025-02-24,CUST0268,Organic,Mobile,0,0,0,0
S02962,2025-09-09,CUST0044,Organic,Mobile,1,1,1,1
S02963,2025-10-06,CUST0906,Google Ads,Mobile,1,0,0,0
S02964,2025-06-29,CUST0595,Google Ads,Desktop,1,1,1,1
S02965,2025-01-13,CUST0458,Google Ads,Mobile,1,0,0,0
S02966,2025-07-23,CUST0723,Organic,Mobile,1,0,0,0
S02967,2025-11-05,CUST0858,Email,Mobile,1,1,1,0
S02968,2025-03-04,CUST0472,Direct,Mobile,1,0,0,0
S02969,2025-03-15,CUST0009,Google Ads,Mobile,0,0,0,0
S02970,2025-11-03,CUST0925,Instagram,Mobile,1,1,1,0
S02971,2025-06-04,CUST0669,Organic,Desktop,1,1,0,0
S02972,2025-01-07,CUST0997,Instagram,Mobile,1,1,0,0
S02973,2025-11-02,CUST0860,Google Ads,Desktop,1,1,1,1
S02974,2025-12-09,CUST0189,Instagram,Mobile,1,1,1,1
S02975,2025-06-02,CUST0381,Email,Desktop,1,1,1,1
S02976,2025-02-13,CUST0832,Organic,Mobile,1,1,1,1
S02977,2025-02-05,CUST0643,Google Ads,Desktop,1,0,0,0
S02978,2025-04-07,CUST0727,Google Ads,Mobile,0,0,0,0
S02979,2025-06-14,CUST0115,Organic,Desktop,0,0,0,0
S02980,2025-08-22,CUST0502,Direct,Mobile,1,1,1,0
S02981,2025-04-13,CUST0635,Direct,Mobile,1,1,1,0
S02982,2025-01-07,CUST0388,Instagram,Desktop,1,1,1,1
S02983,2025-04-04,CUST0439,Email,Mobile,1,1,1,1
S02984,2025-05-01,CUST0910,Email,Mobile,1,0,0,0
S02985,2025-12-31,CUST0870,Email,Desktop,1,0,0,0
S02986,2025-02-06,CUST0845,Instagram,Mobile,1,1,0,0
S02987,2025-01-21,CUST0924,Direct,Mobile,0,0,0,0
S02988,2025-04-08,CUST0319,Email,Desktop,1,1,1,0
S02989,2025-10-29,CUST0935,Google Ads,Desktop,1,0,0,0
S02990,2025-01-21,CUST0876,Organic,Mobile,0,0,0,0
S02991,2025-08-20,CUST0704,Instagram,Desktop,0,0,0,0
S02992,2025-12-20,CUST0444,Google Ads,Mobile,1,0,0,0
S02993,2025-03-13,CUST0660,Direct,Desktop,0,0,0,0
S02994,2025-12-18,CUST0028,Google Ads,Mobile,1,1,1,1
S02995,2025-02-21,CUST0636,Instagram,Mobile,1,1,1,1
S02996,2025-08-10,CUST0992,Organic,Mobile,1,1,1,0
S02997,2025-10-12,CUST0398,Google Ads,Desktop,1,0,0,0
S02998,2025-11-21,CUST0077,Instagram,Mobile,1,0,0,0
S02999,2025-06-16,CUST0587,Google Ads,Desktop,1,0,0,0
S03000,2025-10-10,CUST0358,Email,Mobile,1,0,0,0
S03001,2025-07-24,CUST0186,Direct,Desktop,1,1,1,0
S03002,2025-05-18,CUST0551,Direct,Mobile,1,1,1,1
S03003,2025-02-05,CUST0234,Google Ads,Desktop,1,0,0,0
S03004,2025-04-05,CUST0248,Direct,Desktop,1,1,1,0
S03005,2025-01-16,CUST0954,Email,Mobile,1,1,1,1
S03006,2025-08-25,CUST0399,Email,Mobile,1,1,1,1
S03007,2025-06-13,CUST0329,Email,Desktop,1,1,1,0
S03008,2025-03-31,CUST0643,Direct,Desktop,1,0,0,0
S03009,2025-04-18,CUST0005,Instagram,Mobile,1,0,0,0
S03010,2025-03-25,CUST0348,Email,Mobile,1,0,0,0
S03011,2025-09-12,CUST0938,Organic,Desktop,0,0,0,0
S03012,2025-06-14,CUST0399,Organic,Desktop,1,1,0,0
S03013,2025-07-19,CUST0259,Google Ads,Mobile,1,1,0,0
S03014,2025-11-20,CUST0757,Instagram,Mobile,0,0,0,0
S03015,2025-11-11,CUST0419,Google Ads,Desktop,1,1,1,1
S03016,2025-06-06,CUST0391,Email,Mobile,0,0,0,0
S03017,2025-01-31,CUST0862,Instagram,Desktop,1,1,1,1
S03018,2025-03-07,CUST0920,Email,Desktop,0,0,0,0
S03019,2025-03-30,CUST0927,Direct,Desktop,1,0,0,0
S03020,2025-09-16,CUST0590,Email,Desktop,1,0,0,0
S03021,2025-09-10,CUST0848,Organic,Mobile,1,1,1,1
S03022,2025-08-22,CUST0115,Google Ads,Mobile,1,0,0,0
S03023,2025-04-17,CUST0004,Organic,Mobile,0,0,0,0
S03024,2025-03-10,CUST0643,Google Ads,Tablet,1,1,1,1
S03025,2025-10-05,CUST0739,Google Ads,Mobile,1,1,1,1
S03026,2025-12-02,CUST0128,Direct,Mobile,1,0,0,0
S03027,2025-07-20,CUST0009,Email,Desktop,1,1,1,1
S03028,2025-02-22,CUST0324,Email,Mobile,1,1,1,1
S03029,2025-08-29,CUST0118,Google Ads,Desktop,1,0,0,0
S03030,2025-11-28,CUST0467,Google Ads,Mobile,1,0,0,0
S03031,2025-06-24,CUST0856,Direct,Mobile,1,0,0,0
S03032,2025-02-11,CUST0700,Organic,Mobile,1,0,0,0
S03033,2025-09-17,CUST0651,Instagram,Mobile,1,0,0,0
S03034,2025-07-29,CUST0463,Organic,Desktop,1,1,0,0
S03035,2025-02-11,CUST0932,Instagram,Desktop,1,1,1,0
S03036,2025-12-19,CUST0125,Google Ads,Mobile,1,1,0,0
S03037,2025-06-19,CUST0223,Instagram,Tablet,1,1,1,1
S03038,2025-09-16,CUST0328,Direct,Tablet,1,0,0,0
S03039,2025-12-03,CUST0898,Email,Mobile,1,0,0,0
S03040,2025-07-23,CUST0818,Email,Mobile,1,1,1,1
S03041,2025-12-03,CUST0259,Email,Tablet,1,0,0,0
S03042,2025-06-12,CUST0067,Direct,Mobile,1,0,0,0
S03043,2025-04-15,CUST0597,Email,Mobile,0,0,0,0
S03044,2025-06-27,CUST0883,Organic,Mobile,1,1,0,0
S03045,2025-07-10,CUST0062,Instagram,Desktop,1,0,0,0
S03046,2025-05-04,CUST0972,Direct,Mobile,1,0,0,0
S03047,2025-07-17,CUST0526,Email,Mobile,0,0,0,0
S03048,2025-04-09,CUST0634,Organic,Mobile,1,0,0,0
S03049,2025-01-06,CUST0279,Google Ads,Mobile,1,0,0,0
S03050,2025-10-15,CUST0123,Direct,Mobile,0,0,0,0
S03051,2025-09-24,CUST0589,Direct,Mobile,1,0,0,0
S03052,2025-02-12,CUST0272,Instagram,Desktop,1,0,0,0
S03053,2025-10-22,CUST0977,Direct,Mobile,0,0,0,0
S03054,2025-05-21,CUST0502,Google Ads,Mobile,1,1,1,0
S03055,2025-09-26,CUST0658,Google Ads,Desktop,1,1,0,0
S03056,2025-02-08,CUST0269,Instagram,Mobile,1,1,1,1
S03057,2025-06-11,CUST0893,Direct,Mobile,1,0,0,0
S03058,2025-07-14,CUST0568,Google Ads,Mobile,1,1,1,1
S03059,2025-11-20,CUST0218,Instagram,Desktop,0,0,0,0
S03060,2025-04-14,CUST0685,Google Ads,Mobile,1,1,1,1
S03061,2025-09-02,CUST0552,Instagram,Tablet,1,0,0,0
S03062,2025-03-06,CUST0871,Google Ads,Desktop,0,0,0,0
S03063,2025-07-20,CUST0159,Instagram,Mobile,1,1,1,1
S03064,2025-08-30,CUST0360,Google Ads,Mobile,0,0,0,0
S03065,2025-01-07,CUST0465,Organic,Desktop,1,0,0,0
S03066,2025-08-07,CUST0544,Direct,Mobile,0,0,0,0
S03067,2025-01-03,CUST0248,Instagram,Mobile,1,0,0,0
S03068,2025-12-08,CUST0641,Direct,Desktop,1,1,0,0
S03069,2025-11-01,CUST0291,Email,Mobile,1,1,1,1
S03070,2025-11-10,CUST0036,Google Ads,Mobile,1,1,1,1
S03071,2025-10-11,CUST0979,Organic,Mobile,1,0,0,0
S03072,2025-01-22,CUST0860,Google Ads,Mobile,1,1,1,1
S03073,2025-04-04,CUST0066,Direct,Mobile,1,1,1,1
S03074,2025-12-23,CUST0797,Organic,Mobile,0,0,0,0
S03075,2025-03-12,CUST0427,Instagram,Mobile,1,1,1,0
S03076,2025-08-10,CUST0157,Direct,Mobile,1,0,0,0
S03077,2025-01-13,CUST0555,Direct,Mobile,1,0,0,0
S03078,2025-01-05,CUST0787,Google Ads,Mobile,1,0,0,0
S03079,2025-01-22,CUST0121,Email,Mobile,1,0,0,0
S03080,2025-11-05,CUST0192,Instagram,Mobile,1,0,0,0
S03081,2025-10-22,CUST0476,Instagram,Mobile,1,0,0,0
S03082,2025-02-06,CUST0354,Instagram,Desktop,0,0,0,0
S03083,2025-01-31,CUST0543,Instagram,Mobile,1,0,0,0
S03084,2025-03-03,CUST0357,Email,Mobile,1,1,1,0
S03085,2025-08-09,CUST0531,Instagram,Mobile,0,0,0,0
S03086,2025-12-25,CUST0480,Organic,Desktop,1,1,1,1
S03087,2025-03-22,CUST0797,Email,Mobile,1,0,0,0
S03088,2025-08-21,CUST0073,Organic,Desktop,1,1,1,1
S03089,2025-01-06,CUST0391,Email,Mobile,1,0,0,0
S03090,2025-04-15,CUST0954,Instagram,Mobile,0,0,0,0
S03091,2025-12-03,CUST0076,Organic,Mobile,1,1,0,0
S03092,2025-06-11,CUST0188,Instagram,Mobile,1,1,1,0
S03093,2025-12-09,CUST0691,Organic,Mobile,1,0,0,0
S03094,2025-02-21,CUST0991,Instagram,Desktop,0,0,0,0
S03095,2025-06-07,CUST0338,Organic,Desktop,1,0,0,0
S03096,2025-01-13,CUST0476,Google Ads,Mobile,1,0,0,0
S03097,2025-07-05,CUST0306,Organic,Tablet,1,1,1,1
S03098,2025-08-10,CUST0917,Organic,Mobile,1,0,0,0
S03099,2025-08-29,CUST0649,Google Ads,Mobile,0,0,0,0
S03100,2025-11-05,CUST0162,Google Ads,Desktop,0,0,0,0
S03101,2025-05-28,CUST0802,Organic,Mobile,1,1,1,1
S03102,2025-02-24,CUST0047,Instagram,Mobile,0,0,0,0
S03103,2025-02-28,CUST0024,Organic,Mobile,1,1,1,1
S03104,2025-07-17,CUST0336,Email,Mobile,1,1,1,1
S03105,2025-04-08,CUST0284,Email,Mobile,1,1,1,1
S03106,2025-06-05,CUST0174,Organic,Mobile,1,1,1,0
S03107,2025-09-07,CUST0307,Direct,Mobile,1,0,0,0
S03108,2025-06-29,CUST0879,Direct,Mobile,1,0,0,0
S03109,2025-03-15,CUST0995,Instagram,Mobile,1,0,0,0
S03110,2025-03-02,CUST0774,Organic,Desktop,1,1,0,0
S03111,2025-02-14,CUST0230,Organic,Mobile,1,1,0,0
S03112,2025-05-15,CUST0703,Direct,Mobile,1,0,0,0
S03113,2025-07-29,CUST0118,Google Ads,Mobile,1,1,0,0
S03114,2025-03-27,CUST0053,Organic,Mobile,1,0,0,0
S03115,2025-09-27,CUST0192,Direct,Desktop,0,0,0,0
S03116,2025-10-19,CUST0948,Google Ads,Mobile,0,0,0,0
S03117,2025-09-21,CUST0572,Email,Desktop,0,0,0,0
S03118,2025-09-25,CUST0937,Direct,Desktop,1,1,0,0
S03119,2025-08-13,CUST0523,Direct,Desktop,1,1,1,0
S03120,2025-08-04,CUST0772,Organic,Desktop,0,0,0,0
S03121,2025-12-28,CUST0782,Google Ads,Desktop,0,0,0,0
S03122,2025-08-19,CUST0141,Email,Mobile,1,0,0,0
S03123,2025-07-09,CUST0655,Organic,Desktop,1,1,0,0
S03124,2025-05-22,CUST0113,Instagram,Mobile,1,1,1,0
S03125,2025-06-26,CUST0264,Instagram,Mobile,1,1,1,1
S03126,2025-02-20,CUST0491,Direct,Mobile,1,1,1,1
S03127,2025-07-09,CUST0344,Direct,Mobile,1,0,0,0
S03128,2025-01-05,CUST0523,Email,Desktop,1,1,1,1
S03129,2025-07-30,CUST0880,Direct,Desktop,1,0,0,0
S03130,2025-07-14,CUST0099,Instagram,Mobile,1,1,1,1
S03131,2025-01-01,CUST0473,Google Ads,Mobile,1,1,1,1
S03132,2025-04-14,CUST0023,Instagram,Mobile,1,1,1,1
S03133,2025-12-27,CUST0239,Email,Mobile,1,0,0,0
S03134,2025-04-11,CUST0621,Direct,Mobile,1,0,0,0
S03135,2025-05-08,CUST0263,Google Ads,Mobile,1,1,0,0
S03136,2025-12-19,CUST0325,Google Ads,Mobile,1,1,1,1
S03137,2025-11-01,CUST0672,Google Ads,Mobile,1,1,1,1
S03138,2025-09-06,CUST0732,Email,Mobile,1,1,1,1
S03139,2025-12-17,CUST0684,Organic,Desktop,1,1,0,0
S03140,2025-10-18,CUST0387,Direct,Mobile,1,1,1,1
S03141,2025-09-26,CUST0606,Organic,Mobile,1,1,1,1
S03142,2025-02-07,CUST0122,Organic,Mobile,1,1,1,1
S03143,2025-11-30,CUST0300,Instagram,Mobile,0,0,0,0
S03144,2025-09-07,CUST0709,Email,Mobile,1,1,1,0
S03145,2025-08-09,CUST0563,Direct,Desktop,1,1,0,0
S03146,2025-03-04,CUST0317,Direct,Mobile,1,1,0,0
S03147,2025-09-10,CUST0819,Email,Mobile,0,0,0,0
S03148,2025-09-22,CUST0929,Instagram,Mobile,1,0,0,0
S03149,2025-06-13,CUST0020,Google Ads,Mobile,1,0,0,0
S03150,2025-01-23,CUST0542,Direct,Desktop,1,1,1,1
S03151,2025-03-20,CUST0889,Instagram,Mobile,1,0,0,0
S03152,2025-04-28,CUST0300,Google Ads,Desktop,1,1,1,1
S03153,2025-07-04,CUST0470,Email,Mobile,1,0,0,0
S03154,2025-02-28,CUST0086,Organic,Mobile,0,0,0,0
S03155,2025-10-30,CUST0742,Instagram,Desktop,1,1,1,1
S03156,2025-09-09,CUST0669,Google Ads,Mobile,1,0,0,0
S03157,2025-03-30,CUST0405,Direct,Desktop,1,0,0,0
S03158,2025-08-17,CUST0978,Direct,Tablet,1,1,1,1
S03159,2025-12-09,CUST0693,Google Ads,Tablet,1,1,1,1
S03160,2025-11-27,CUST0112,Direct,Desktop,1,1,1,1
S03161,2025-08-26,CUST0139,Organic,Mobile,1,0,0,0
S03162,2025-10-19,CUST0010,Email,Mobile,1,1,1,1
S03163,2025-10-22,CUST0291,Instagram,Mobile,1,1,1,0
S03164,2025-11-17,CUST0922,Email,Mobile,1,0,0,0
S03165,2025-02-13,CUST0379,Direct,Mobile,1,0,0,0
S03166,2025-11-29,CUST0882,Organic,Tablet,1,1,1,0
S03167,2025-03-21,CUST0940,Direct,Mobile,1,1,1,1
S03168,2025-06-23,CUST0238,Organic,Mobile,1,1,1,1
S03169,2025-05-21,CUST0644,Email,Desktop,1,1,1,1
S03170,2025-02-06,CUST0330,Organic,Mobile,1,0,0,0
S03171,2025-01-14,CUST0185,Direct,Mobile,1,1,1,1
S03172,2025-05-02,CUST0807,Organic,Desktop,0,0,0,0
S03173,2025-08-26,CUST0720,Instagram,Mobile,1,0,0,0
S03174,2025-02-24,CUST0762,Direct,Desktop,1,0,0,0
S03175,2025-01-22,CUST0425,Email,Mobile,1,1,0,0
S03176,2025-12-06,CUST0862,Email,Mobile,0,0,0,0
S03177,2025-07-22,CUST0323,Email,Desktop,1,0,0,0
S03178,2025-12-12,CUST0482,Google Ads,Desktop,1,1,1,1
S03179,2025-01-15,CUST0601,Direct,Desktop,1,0,0,0
S03180,2025-01-30,CUST0358,Direct,Mobile,1,0,0,0
S03181,2025-01-29,CUST0362,Instagram,Desktop,1,0,0,0
S03182,2025-09-09,CUST0036,Email,Mobile,1,1,0,0
S03183,2025-06-09,CUST0516,Direct,Desktop,1,0,0,0
S03184,2025-04-27,CUST0746,Direct,Desktop,1,1,1,1
S03185,2025-06-07,CUST0330,Organic,Desktop,1,1,1,1
S03186,2025-04-18,CUST0269,Email,Mobile,0,0,0,0
S03187,2025-04-25,CUST0070,Direct,Mobile,1,0,0,0
S03188,2025-09-29,CUST0519,Instagram,Mobile,0,0,0,0
S03189,2025-12-04,CUST0668,Direct,Mobile,1,1,1,1
S03190,2025-06-25,CUST0955,Instagram,Mobile,1,1,1,1
S03191,2025-08-19,CUST0378,Instagram,Mobile,1,0,0,0
S03192,2025-10-11,CUST0293,Organic,Mobile,0,0,0,0
S03193,2025-11-14,CUST0911,Organic,Desktop,1,1,1,1
S03194,2025-09-07,CUST0286,Google Ads,Desktop,0,0,0,0
S03195,2025-02-25,CUST0360,Google Ads,Desktop,1,1,1,1
S03196,2025-11-27,CUST0586,Instagram,Mobile,1,0,0,0
S03197,2025-09-30,CUST0524,Google Ads,Mobile,1,1,1,1
S03198,2025-07-09,CUST0337,Instagram,Mobile,0,0,0,0
S03199,2025-01-21,CUST0624,Direct,Desktop,1,1,1,0
S03200,2025-06-14,CUST0542,Direct,Desktop,1,1,1,1
S03201,2025-10-12,CUST0897,Google Ads,Mobile,1,0,0,0
S03202,2025-03-09,CUST0036,Direct,Mobile,1,1,1,1
S03203,2025-09-24,CUST0488,Direct,Desktop,1,0,0,0
S03204,2025-08-06,CUST0379,Email,Mobile,1,1,0,0
S03205,2025-12-04,CUST0344,Organic,Mobile,1,0,0,0
S03206,2025-04-06,CUST0230,Organic,Mobile,1,1,1,1
S03207,2025-07-07,CUST0789,Direct,Mobile,1,0,0,0
S03208,2025-07-27,CUST0618,Instagram,Tablet,1,0,0,0
S03209,2025-03-15,CUST0800,Instagram,Desktop,1,1,0,0
S03210,2025-12-30,CUST0762,Organic,Mobile,0,0,0,0
S03211,2025-06-11,CUST0575,Google Ads,Mobile,1,1,0,0
S03212,2025-06-10,CUST0978,Email,Mobile,1,0,0,0
S03213,2025-03-01,CUST0397,Email,Tablet,1,0,0,0
S03214,2025-01-26,CUST0421,Instagram,Mobile,0,0,0,0
S03215,2025-12-28,CUST0556,Organic,Tablet,0,0,0,0
S03216,2025-01-25,CUST0661,Instagram,Mobile,1,1,0,0
S03217,2025-09-15,CUST0402,Google Ads,Desktop,1,1,1,1
S03218,2025-12-12,CUST0488,Google Ads,Desktop,1,0,0,0
S03219,2025-12-06,CUST0046,Instagram,Desktop,1,0,0,0
S03220,2025-01-03,CUST0687,Organic,Desktop,1,0,0,0
S03221,2025-10-15,CUST0154,Direct,Mobile,1,1,1,0
S03222,2025-09-14,CUST0261,Direct,Desktop,1,1,1,0
S03223,2025-10-07,CUST0645,Instagram,Desktop,1,0,0,0
S03224,2025-11-02,CUST0287,Google Ads,Desktop,0,0,0,0
S03225,2025-09-05,CUST0668,Instagram,Mobile,1,1,1,1
S03226,2025-02-13,CUST0845,Organic,Mobile,1,1,0,0
S03227,2025-02-02,CUST0753,Direct,Desktop,1,1,1,1
S03228,2025-10-21,CUST0331,Organic,Mobile,1,0,0,0
S03229,2025-04-22,CUST0639,Organic,Desktop,0,0,0,0
S03230,2025-11-04,CUST0705,Instagram,Mobile,1,0,0,0
S03231,2025-10-18,CUST0472,Direct,Mobile,1,0,0,0
S03232,2025-09-30,CUST0269,Email,Mobile,1,1,1,1
S03233,2025-11-10,CUST0634,Google Ads,Desktop,1,1,1,1
S03234,2025-10-31,CUST0658,Email,Desktop,1,1,0,0
S03235,2025-02-12,CUST0664,Instagram,Tablet,1,1,1,0
S03236,2025-10-31,CUST0157,Direct,Mobile,1,1,1,1
S03237,2025-02-13,CUST0668,Organic,Mobile,1,0,0,0
S03238,2025-10-16,CUST0614,Organic,Mobile,0,0,0,0
S03239,2025-03-28,CUST0429,Direct,Mobile,1,1,0,0
S03240,2025-08-18,CUST0885,Direct,Mobile,1,1,1,1
S03241,2025-03-24,CUST0982,Google Ads,Mobile,1,0,0,0
S03242,2025-07-23,CUST0852,Google Ads,Mobile,1,1,1,0
S03243,2025-05-10,CUST0252,Direct,Desktop,1,1,1,0
S03244,2025-05-18,CUST0267,Direct,Desktop,0,0,0,0
S03245,2025-03-24,CUST0819,Direct,Mobile,1,1,1,0
S03246,2025-06-24,CUST0059,Instagram,Mobile,1,1,1,0
S03247,2025-05-16,CUST0852,Direct,Mobile,1,1,1,1
S03248,2025-04-17,CUST0617,Organic,Mobile,1,0,0,0
S03249,2025-05-31,CUST0781,Google Ads,Mobile,0,0,0,0
S03250,2025-04-19,CUST0559,Instagram,Mobile,0,0,0,0
S03251,2025-08-10,CUST0600,Organic,Mobile,1,1,1,1
S03252,2025-12-14,CUST0171,Google Ads,Tablet,1,1,1,1
S03253,2025-11-15,CUST0664,Organic,Mobile,1,0,0,0
S03254,2025-11-29,CUST0688,Organic,Mobile,1,1,1,1
S03255,2025-09-04,CUST0319,Organic,Mobile,0,0,0,0
S03256,2025-02-06,CUST0657,Direct,Mobile,1,1,1,1
S03257,2025-09-25,CUST0837,Organic,Mobile,1,0,0,0
S03258,2025-03-15,CUST0822,Instagram,Mobile,0,0,0,0
S03259,2025-04-25,CUST0734,Email,Mobile,1,1,0,0
S03260,2025-03-22,CUST0398,Direct,Mobile,1,0,0,0
S03261,2025-07-12,CUST0015,Google Ads,Mobile,1,1,1,1
S03262,2025-08-02,CUST0969,Direct,Mobile,1,0,0,0
S03263,2025-01-15,CUST0462,Instagram,Desktop,1,1,0,0
S03264,2025-12-02,CUST0138,Google Ads,Mobile,0,0,0,0
S03265,2025-03-25,CUST0762,Direct,Desktop,1,0,0,0
S03266,2025-09-23,CUST0150,Email,Mobile,0,0,0,0
S03267,2025-10-25,CUST0863,Organic,Mobile,0,0,0,0
S03268,2025-06-03,CUST0781,Google Ads,Mobile,0,0,0,0
S03269,2025-11-01,CUST0593,Direct,Mobile,1,1,1,1
S03270,2025-09-10,CUST0577,Direct,Tablet,1,0,0,0
S03271,2025-09-30,CUST0654,Organic,Mobile,1,1,1,1
S03272,2025-12-27,CUST0300,Organic,Mobile,1,1,1,1
S03273,2025-11-09,CUST0423,Direct,Desktop,1,0,0,0
S03274,2025-12-08,CUST0419,Organic,Mobile,1,0,0,0
S03275,2025-05-12,CUST0759,Google Ads,Mobile,0,0,0,0
S03276,2025-07-18,CUST0885,Organic,Desktop,1,0,0,0
S03277,2025-11-21,CUST0193,Organic,Mobile,1,0,0,0
S03278,2025-12-17,CUST0283,Direct,Desktop,0,0,0,0
S03279,2025-03-24,CUST0254,Email,Mobile,1,0,0,0
S03280,2025-11-02,CUST0504,Google Ads,Desktop,1,0,0,0
S03281,2025-05-06,CUST0685,Organic,Tablet,1,0,0,0
S03282,2025-08-02,CUST0313,Direct,Desktop,1,0,0,0
S03283,2025-11-19,CUST0278,Instagram,Desktop,1,0,0,0
S03284,2025-08-03,CUST0802,Email,Mobile,1,1,1,0
S03285,2025-08-26,CUST0905,Instagram,Mobile,1,1,1,1
S03286,2025-03-29,CUST0818,Instagram,Desktop,1,1,1,1
S03287,2025-04-23,CUST0310,Google Ads,Mobile,1,1,1,1
S03288,2025-04-15,CUST0186,Email,Desktop,1,0,0,0
S03289,2025-03-04,CUST0868,Direct,Desktop,1,1,1,1
S03290,2025-08-27,CUST0224,Instagram,Desktop,1,0,0,0
S03291,2025-01-26,CUST0574,Instagram,Mobile,1,1,1,1
S03292,2025-05-08,CUST0422,Organic,Mobile,1,0,0,0
S03293,2025-01-01,CUST0596,Instagram,Desktop,1,0,0,0
S03294,2025-04-04,CUST0027,Direct,Tablet,1,1,1,1
S03295,2025-01-12,CUST0381,Instagram,Desktop,1,0,0,0
S03296,2025-06-15,CUST0320,Organic,Desktop,1,0,0,0
S03297,2025-10-25,CUST0131,Google Ads,Desktop,1,0,0,0
S03298,2025-09-29,CUST0639,Organic,Mobile,1,1,0,0
S03299,2025-03-08,CUST0523,Direct,Desktop,1,0,0,0
S03300,2025-06-16,CUST0280,Email,Mobile,1,1,0,0
S03301,2025-09-11,CUST0285,Instagram,Mobile,1,0,0,0
S03302,2025-12-21,CUST0197,Google Ads,Desktop,1,1,1,0
S03303,2025-09-10,CUST0737,Email,Desktop,1,0,0,0
S03304,2025-09-03,CUST0776,Direct,Mobile,1,1,0,0
S03305,2025-02-28,CUST0275,Direct,Mobile,1,0,0,0
S03306,2025-10-21,CUST0068,Organic,Desktop,1,1,1,1
S03307,2025-05-24,CUST0233,Organic,Tablet,1,0,0,0
S03308,2025-07-28,CUST0611,Google Ads,Mobile,1,1,0,0
S03309,2025-08-14,CUST0222,Google Ads,Desktop,1,0,0,0
S03310,2025-10-11,CUST0453,Instagram,Mobile,1,1,1,0
S03311,2025-04-01,CUST0636,Direct,Mobile,1,0,0,0
S03312,2025-04-21,CUST0304,Email,Desktop,1,0,0,0
S03313,2025-08-28,CUST0936,Email,Mobile,1,1,0,0
S03314,2025-12-16,CUST0614,Organic,Desktop,1,1,1,1
S03315,2025-11-29,CUST0963,Instagram,Mobile,1,1,1,1
S03316,2025-03-21,CUST0400,Google Ads,Desktop,1,1,0,0
S03317,2025-07-23,CUST0320,Email,Mobile,1,0,0,0
S03318,2025-08-26,CUST0264,Direct,Mobile,1,1,1,1
S03319,2025-11-24,CUST0365,Email,Desktop,1,0,0,0
S03320,2025-10-21,CUST0389,Instagram,Mobile,1,1,1,1
S03321,2025-07-03,CUST0742,Email,Desktop,0,0,0,0
S03322,2025-07-31,CUST0635,Organic,Mobile,0,0,0,0
S03323,2025-09-08,CUST0227,Google Ads,Mobile,1,1,1,1
S03324,2025-08-15,CUST0456,Direct,Desktop,1,0,0,0
S03325,2025-06-16,CUST0740,Google Ads,Mobile,0,0,0,0
S03326,2025-01-31,CUST0665,Organic,Desktop,1,0,0,0
S03327,2025-12-02,CUST0821,Email,Desktop,1,0,0,0
S03328,2025-05-31,CUST0305,Email,Desktop,1,1,1,1
S03329,2025-06-11,CUST0505,Google Ads,Mobile,1,1,0,0
S03330,2025-04-06,CUST0328,Direct,Desktop,0,0,0,0
S03331,2025-09-30,CUST0661,Organic,Desktop,1,0,0,0
S03332,2025-12-29,CUST0819,Instagram,Mobile,1,1,1,0
S03333,2025-01-24,CUST0942,Direct,Mobile,1,1,1,1
S03334,2025-04-28,CUST0521,Google Ads,Mobile,1,0,0,0
S03335,2025-03-28,CUST0320,Direct,Mobile,1,1,1,1
S03336,2025-10-02,CUST0736,Organic,Desktop,1,0,0,0
S03337,2025-02-19,CUST0492,Instagram,Desktop,0,0,0,0
S03338,2025-11-23,CUST0461,Organic,Mobile,0,0,0,0
S03339,2025-04-22,CUST0535,Direct,Mobile,1,1,1,1
S03340,2025-10-07,CUST0444,Direct,Mobile,1,0,0,0
S03341,2025-10-29,CUST0443,Organic,Mobile,1,1,1,1
S03342,2025-05-16,CUST0904,Instagram,Desktop,1,1,1,1
S03343,2025-11-29,CUST0704,Organic,Desktop,1,0,0,0
S03344,2025-01-03,CUST0227,Google Ads,Desktop,1,0,0,0
S03345,2025-06-11,CUST0566,Instagram,Mobile,1,1,1,0
S03346,2025-03-18,CUST0604,Instagram,Mobile,1,1,1,0
S03347,2025-07-04,CUST0527,Google Ads,Mobile,1,1,1,0
S03348,2025-02-27,CUST0820,Email,Tablet,1,1,0,0
S03349,2025-06-12,CUST0989,Instagram,Mobile,1,1,1,1
S03350,2025-01-21,CUST0691,Email,Desktop,0,0,0,0
S03351,2025-03-06,CUST0516,Instagram,Desktop,0,0,0,0
S03352,2025-03-07,CUST0418,Organic,Desktop,1,1,1,0
S03353,2025-10-25,CUST0101,Instagram,Mobile,1,1,1,1
S03354,2025-10-26,CUST0408,Google Ads,Desktop,1,0,0,0
S03355,2025-10-09,CUST0405,Google Ads,Desktop,1,1,0,0
S03356,2025-06-24,CUST0130,Instagram,Mobile,1,1,1,1
S03357,2025-06-14,CUST0519,Organic,Desktop,1,1,1,1
S03358,2025-03-23,CUST0696,Direct,Tablet,0,0,0,0
S03359,2025-05-26,CUST0843,Instagram,Mobile,1,1,1,1
S03360,2025-07-23,CUST0844,Email,Mobile,1,1,1,1
S03361,2025-06-13,CUST0964,Instagram,Desktop,1,1,0,0
S03362,2025-04-14,CUST0035,Direct,Desktop,1,1,1,1
S03363,2025-05-10,CUST0744,Direct,Mobile,1,1,1,1
S03364,2025-03-25,CUST0154,Direct,Desktop,1,1,0,0
S03365,2025-04-30,CUST0402,Google Ads,Desktop,1,0,0,0
S03366,2025-09-16,CUST0064,Google Ads,Mobile,0,0,0,0
S03367,2025-04-14,CUST0759,Instagram,Mobile,1,1,1,1
S03368,2025-12-30,CUST0890,Organic,Mobile,1,1,1,0
S03369,2025-02-03,CUST0568,Organic,Tablet,0,0,0,0
S03370,2025-06-23,CUST0229,Google Ads,Desktop,1,0,0,0
S03371,2025-11-22,CUST0976,Direct,Desktop,1,1,0,0
S03372,2025-08-20,CUST0823,Instagram,Desktop,1,1,1,1
S03373,2025-07-04,CUST0908,Instagram,Mobile,1,0,0,0
S03374,2025-12-10,CUST0253,Google Ads,Mobile,1,1,0,0
S03375,2025-01-18,CUST0488,Instagram,Desktop,1,1,1,0
S03376,2025-08-19,CUST0805,Organic,Mobile,1,1,1,1
S03377,2025-05-15,CUST0564,Instagram,Mobile,0,0,0,0
S03378,2025-02-14,CUST0915,Direct,Desktop,1,1,1,1
S03379,2025-04-22,CUST0015,Direct,Mobile,0,0,0,0
S03380,2025-03-24,CUST0895,Instagram,Mobile,1,1,0,0
S03381,2025-02-08,CUST0854,Direct,Mobile,1,1,0,0
S03382,2025-09-11,CUST0340,Direct,Tablet,0,0,0,0
S03383,2025-05-25,CUST0363,Instagram,Tablet,1,1,1,1
S03384,2025-11-13,CUST0180,Organic,Mobile,1,1,1,0
S03385,2025-02-20,CUST0589,Direct,Desktop,1,1,1,1
S03386,2025-10-20,CUST0215,Instagram,Desktop,1,1,1,1
S03387,2025-03-08,CUST0735,Email,Mobile,1,1,1,1
S03388,2025-01-24,CUST0154,Google Ads,Mobile,1,1,1,0
S03389,2025-05-02,CUST0045,Instagram,Mobile,1,0,0,0
S03390,2025-02-18,CUST0352,Google Ads,Mobile,1,1,0,0
S03391,2025-05-29,CUST0021,Email,Desktop,1,0,0,0
S03392,2025-07-04,CUST0593,Google Ads,Mobile,1,0,0,0
S03393,2025-09-07,CUST0989,Email,Tablet,1,0,0,0
S03394,2025-05-25,CUST0565,Instagram,Mobile,1,1,1,1
S03395,2025-08-31,CUST0669,Direct,Desktop,0,0,0,0
S03396,2025-12-31,CUST0944,Instagram,Mobile,1,1,1,1
S03397,2025-12-24,CUST0982,Email,Mobile,1,1,1,1
S03398,2025-05-29,CUST0369,Email,Desktop,1,0,0,0
S03399,2025-03-09,CUST0659,Google Ads,Mobile,1,1,1,1
S03400,2025-08-12,CUST0694,Instagram,Desktop,1,1,1,1
S03401,2025-07-29,CUST0078,Instagram,Desktop,1,1,1,1
S03402,2025-07-11,CUST0895,Google Ads,Desktop,1,0,0,0
S03403,2025-10-27,CUST0119,Google Ads,Mobile,0,0,0,0
S03404,2025-05-04,CUST0359,Email,Tablet,0,0,0,0
S03405,2025-10-11,CUST0855,Instagram,Mobile,1,1,1,1
S03406,2025-10-19,CUST0617,Organic,Desktop,1,1,1,1
S03407,2025-10-27,CUST0514,Google Ads,Mobile,1,0,0,0
S03408,2025-02-19,CUST0627,Instagram,Mobile,1,1,0,0
S03409,2025-07-02,CUST0503,Google Ads,Desktop,1,0,0,0
S03410,2025-09-04,CUST0032,Google Ads,Mobile,1,0,0,0
S03411,2025-03-29,CUST0358,Email,Desktop,1,0,0,0
S03412,2025-05-18,CUST0062,Google Ads,Mobile,1,1,0,0
S03413,2025-02-07,CUST0097,Instagram,Mobile,1,1,1,1
S03414,2025-02-18,CUST0378,Organic,Mobile,0,0,0,0
S03415,2025-03-13,CUST0647,Organic,Mobile,1,1,0,0
S03416,2025-09-15,CUST0496,Google Ads,Mobile,1,0,0,0
S03417,2025-02-13,CUST0610,Direct,Mobile,1,1,1,1
S03418,2025-10-18,CUST0452,Instagram,Desktop,1,0,0,0
S03419,2025-04-26,CUST0215,Google Ads,Mobile,0,0,0,0
S03420,2025-05-29,CUST0084,Google Ads,Mobile,1,0,0,0
S03421,2025-11-09,CUST0406,Google Ads,Mobile,1,1,1,1
S03422,2025-12-13,CUST0669,Organic,Desktop,1,0,0,0
S03423,2025-10-06,CUST0107,Google Ads,Desktop,1,1,0,0
S03424,2025-10-15,CUST0489,Organic,Tablet,1,1,1,0
S03425,2025-08-06,CUST0357,Google Ads,Mobile,1,1,1,1
S03426,2025-03-12,CUST0131,Email,Mobile,1,1,1,1
S03427,2025-06-10,CUST0022,Organic,Mobile,1,1,0,0
S03428,2025-09-30,CUST0596,Instagram,Desktop,1,1,1,1
S03429,2025-05-07,CUST0601,Email,Mobile,1,1,1,1
S03430,2025-06-19,CUST0226,Google Ads,Mobile,0,0,0,0
S03431,2025-01-17,CUST0106,Instagram,Desktop,1,1,1,1
S03432,2025-10-31,CUST0949,Email,Desktop,1,0,0,0
S03433,2025-08-27,CUST0861,Email,Desktop,1,0,0,0
S03434,2025-06-25,CUST0953,Instagram,Mobile,0,0,0,0
S03435,2025-07-29,CUST0394,Instagram,Mobile,1,1,0,0
S03436,2025-02-26,CUST0871,Google Ads,Mobile,1,1,1,1
S03437,2025-12-25,CUST0101,Instagram,Mobile,1,0,0,0
S03438,2025-07-08,CUST0808,Direct,Mobile,1,1,1,1
S03439,2025-02-13,CUST0882,Email,Mobile,0,0,0,0
S03440,2025-05-02,CUST0148,Instagram,Mobile,1,1,1,1
S03441,2025-11-05,CUST0893,Google Ads,Desktop,1,1,0,0
S03442,2025-02-02,CUST0230,Direct,Mobile,1,1,0,0
S03443,2025-11-08,CUST0087,Organic,Desktop,1,0,0,0
S03444,2025-01-28,CUST0523,Email,Desktop,1,0,0,0
S03445,2025-05-31,CUST0648,Instagram,Desktop,1,1,1,1
S03446,2025-03-04,CUST0093,Organic,Mobile,0,0,0,0
S03447,2025-01-07,CUST0804,Organic,Mobile,1,1,1,1
S03448,2025-04-21,CUST0153,Instagram,Mobile,1,0,0,0
S03449,2025-05-10,CUST0423,Google Ads,Desktop,0,0,0,0
S03450,2025-05-12,CUST0354,Direct,Mobile,1,1,1,1
S03451,2025-01-08,CUST0879,Instagram,Mobile,1,0,0,0
S03452,2025-11-01,CUST0608,Organic,Desktop,0,0,0,0
S03453,2025-01-29,CUST0574,Google Ads,Mobile,1,1,1,0
S03454,2025-12-04,CUST0873,Organic,Desktop,1,0,0,0
S03455,2025-11-07,CUST0983,Instagram,Desktop,1,1,1,0
S03456,2025-12-17,CUST0917,Direct,Desktop,1,0,0,0
S03457,2025-01-06,CUST0915,Google Ads,Mobile,1,1,1,1
S03458,2025-04-22,CUST0409,Email,Mobile,1,0,0,0
S03459,2025-04-15,CUST0087,Organic,Mobile,1,1,1,1
S03460,2025-07-26,CUST0211,Google Ads,Mobile,1,1,0,0
S03461,2025-02-09,CUST0901,Google Ads,Mobile,1,1,1,1
S03462,2025-09-25,CUST0383,Direct,Tablet,1,1,1,0
S03463,2025-11-16,CUST0595,Organic,Tablet,1,0,0,0
S03464,2025-02-15,CUST0739,Direct,Mobile,1,0,0,0
S03465,2025-08-29,CUST0524,Organic,Desktop,1,1,1,1
S03466,2025-09-27,CUST0871,Direct,Mobile,0,0,0,0
S03467,2025-06-04,CUST0153,Organic,Mobile,1,1,1,0
S03468,2025-04-26,CUST0005,Google Ads,Desktop,0,0,0,0
S03469,2025-02-06,CUST0076,Organic,Mobile,1,1,1,1
S03470,2025-07-24,CUST0411,Instagram,Desktop,1,0,0,0
S03471,2025-09-06,CUST0004,Instagram,Tablet,1,1,0,0
S03472,2025-04-20,CUST0372,Instagram,Mobile,1,1,1,1
S03473,2025-11-14,CUST0083,Google Ads,Desktop,1,0,0,0
S03474,2025-11-19,CUST0941,Google Ads,Mobile,0,0,0,0
S03475,2025-03-21,CUST0431,Organic,Mobile,1,0,0,0
S03476,2025-03-17,CUST0472,Direct,Mobile,1,1,1,0
S03477,2025-09-27,CUST0362,Organic,Desktop,1,0,0,0
S03478,2025-04-08,CUST0412,Direct,Desktop,0,0,0,0
S03479,2025-03-17,CUST0993,Direct,Desktop,1,0,0,0
S03480,2025-10-09,CUST0035,Google Ads,Mobile,1,0,0,0
S03481,2025-03-22,CUST0242,Instagram,Mobile,1,1,1,1
S03482,2025-12-30,CUST0656,Organic,Mobile,1,1,1,1
S03483,2025-11-05,CUST0908,Email,Mobile,1,1,1,1
S03484,2025-03-04,CUST0080,Organic,Mobile,0,0,0,0
S03485,2025-09-24,CUST0075,Email,Mobile,1,1,0,0
S03486,2025-02-02,CUST0811,Direct,Mobile,1,0,0,0
S03487,2025-10-24,CUST0284,Direct,Mobile,1,1,1,0
S03488,2025-02-09,CUST0727,Google Ads,Mobile,1,1,1,1
S03489,2025-06-23,CUST0758,Direct,Mobile,1,1,1,1
S03490,2025-09-17,CUST0238,Organic,Desktop,1,0,0,0
S03491,2025-08-12,CUST0337,Direct,Desktop,0,0,0,0
S03492,2025-08-11,CUST0531,Instagram,Desktop,1,1,0,0
S03493,2025-09-24,CUST0971,Instagram,Desktop,1,0,0,0
S03494,2025-06-04,CUST0964,Instagram,Mobile,1,1,1,1
S03495,2025-09-21,CUST0586,Organic,Mobile,1,1,1,0
S03496,2025-05-29,CUST0891,Instagram,Mobile,1,0,0,0
S03497,2025-08-13,CUST0567,Direct,Mobile,1,1,1,1
S03498,2025-05-07,CUST0083,Instagram,Desktop,1,1,1,1
S03499,2025-01-05,CUST0676,Google Ads,Desktop,1,1,0,0
S03500,2025-10-15,CUST0318,Instagram,Mobile,1,0,0,0
S03501,2025-12-11,CUST0875,Instagram,Mobile,0,0,0,0
S03502,2025-02-27,CUST0679,Organic,Desktop,0,0,0,0
S03503,2025-03-13,CUST0628,Direct,Mobile,1,0,0,0
S03504,2025-06-04,CUST0297,Google Ads,Desktop,1,0,0,0
S03505,2025-10-09,CUST0700,Email,Desktop,1,1,1,1
S03506,2025-06-17,CUST0767,Google Ads,Mobile,0,0,0,0
S03507,2025-01-29,CUST0342,Email,Desktop,1,0,0,0
S03508,2025-03-23,CUST0834,Google Ads,Mobile,1,0,0,0
S03509,2025-09-20,CUST0955,Email,Mobile,0,0,0,0
S03510,2025-04-16,CUST0865,Email,Desktop,1,0,0,0
S03511,2025-10-04,CUST0424,Google Ads,Tablet,1,0,0,0
S03512,2025-12-18,CUST0987,Instagram,Tablet,1,1,0,0
S03513,2025-01-10,CUST0019,Organic,Mobile,0,0,0,0
S03514,2025-03-03,CUST0823,Direct,Desktop,1,1,1,1
S03515,2025-08-12,CUST0880,Organic,Mobile,0,0,0,0
S03516,2025-05-16,CUST0814,Google Ads,Desktop,1,1,1,1
S03517,2025-08-12,CUST0004,Google Ads,Desktop,1,1,1,1
S03518,2025-04-24,CUST0467,Email,Desktop,1,1,1,1
S03519,2025-09-17,CUST0190,Organic,Mobile,1,1,1,1
S03520,2025-06-06,CUST0281,Email,Desktop,0,0,0,0
S03521,2025-08-17,CUST0063,Google Ads,Desktop,1,0,0,0
S03522,2025-04-10,CUST0966,Email,Mobile,1,1,0,0
S03523,2025-09-12,CUST0879,Google Ads,Mobile,0,0,0,0
S03524,2025-06-28,CUST0781,Google Ads,Mobile,1,0,0,0
S03525,2025-10-02,CUST0254,Direct,Mobile,1,1,1,0
S03526,2025-08-17,CUST0627,Instagram,Desktop,1,0,0,0
S03527,2025-01-31,CUST0854,Organic,Mobile,1,0,0,0
S03528,2025-04-18,CUST0772,Email,Mobile,1,0,0,0
S03529,2025-10-09,CUST0002,Organic,Mobile,1,0,0,0
S03530,2025-04-19,CUST0067,Email,Mobile,1,0,0,0
S03531,2025-01-29,CUST0878,Google Ads,Mobile,1,1,0,0
S03532,2025-01-17,CUST0286,Organic,Mobile,1,0,0,0
S03533,2025-06-19,CUST0132,Instagram,Desktop,1,0,0,0
S03534,2025-06-24,CUST0048,Google Ads,Mobile,1,1,1,1
S03535,2025-03-15,CUST0555,Instagram,Tablet,1,0,0,0
S03536,2025-08-28,CUST0605,Instagram,Mobile,1,1,1,1
S03537,2025-04-06,CUST0941,Google Ads,Desktop,1,1,1,1
S03538,2025-01-02,CUST0993,Email,Mobile,1,1,1,1
S03539,2025-07-21,CUST0653,Organic,Desktop,1,1,1,1
S03540,2025-02-06,CUST0047,Instagram,Mobile,1,1,1,1
S03541,2025-04-01,CUST0231,Google Ads,Mobile,0,0,0,0
S03542,2025-08-21,CUST0736,Google Ads,Mobile,1,0,0,0
S03543,2025-05-27,CUST0284,Email,Mobile,1,0,0,0
S03544,2025-10-24,CUST0549,Google Ads,Mobile,1,1,1,1
S03545,2025-09-10,CUST0028,Instagram,Mobile,0,0,0,0
S03546,2025-07-31,CUST0411,Google Ads,Mobile,1,1,1,1
S03547,2025-03-05,CUST0473,Direct,Tablet,1,1,0,0
S03548,2025-01-05,CUST0670,Organic,Mobile,0,0,0,0
S03549,2025-05-26,CUST0902,Instagram,Desktop,1,0,0,0
S03550,2025-03-13,CUST0222,Direct,Mobile,1,1,1,1
S03551,2025-04-15,CUST0376,Instagram,Desktop,1,1,0,0
S03552,2025-11-26,CUST0009,Instagram,Desktop,1,0,0,0
S03553,2025-02-05,CUST0902,Instagram,Mobile,1,0,0,0
S03554,2025-05-27,CUST0413,Direct,Desktop,1,1,1,0
S03555,2025-09-13,CUST0471,Email,Desktop,1,0,0,0
S03556,2025-08-16,CUST0070,Organic,Mobile,0,0,0,0
S03557,2025-12-15,CUST0342,Email,Mobile,1,1,1,1
S03558,2025-12-31,CUST0066,Organic,Desktop,1,1,1,1
S03559,2025-10-06,CUST0607,Instagram,Mobile,1,0,0,0
S03560,2025-04-23,CUST0693,Direct,Mobile,1,1,1,1
S03561,2025-01-11,CUST0070,Email,Desktop,1,1,0,0
S03562,2025-07-13,CUST0746,Email,Tablet,0,0,0,0
S03563,2025-08-12,CUST0261,Direct,Desktop,0,0,0,0
S03564,2025-09-07,CUST0532,Email,Mobile,1,1,1,0
S03565,2025-09-06,CUST0396,Organic,Mobile,1,1,1,1
S03566,2025-12-17,CUST0358,Instagram,Mobile,0,0,0,0
S03567,2025-09-26,CUST0358,Google Ads,Mobile,1,0,0,0
S03568,2025-12-08,CUST0392,Organic,Desktop,0,0,0,0
S03569,2025-10-18,CUST0376,Google Ads,Mobile,1,1,1,1
S03570,2025-03-24,CUST0186,Email,Mobile,1,1,1,1
S03571,2025-01-29,CUST0305,Email,Mobile,0,0,0,0
S03572,2025-12-05,CUST0064,Google Ads,Mobile,0,0,0,0
S03573,2025-03-21,CUST0178,Google Ads,Mobile,1,1,1,1
S03574,2025-04-05,CUST0235,Direct,Mobile,1,1,1,0
S03575,2025-09-16,CUST0865,Email,Mobile,1,1,1,1
S03576,2025-05-02,CUST0762,Google Ads,Mobile,1,1,0,0
S03577,2025-05-04,CUST0807,Organic,Desktop,1,1,1,1
S03578,2025-01-23,CUST0040,Email,Mobile,1,1,1,1
S03579,2025-08-04,CUST0287,Google Ads,Desktop,1,0,0,0
S03580,2025-10-16,CUST0259,Email,Mobile,1,1,0,0
S03581,2025-04-02,CUST0467,Instagram,Mobile,1,1,1,1
S03582,2025-01-24,CUST0240,Email,Mobile,1,1,0,0
S03583,2025-04-17,CUST0503,Instagram,Mobile,0,0,0,0
S03584,2025-11-02,CUST0584,Direct,Mobile,1,0,0,0
S03585,2025-02-21,CUST0542,Organic,Desktop,0,0,0,0
S03586,2025-07-18,CUST0351,Google Ads,Mobile,1,0,0,0
S03587,2025-10-21,CUST0541,Organic,Mobile,1,1,0,0
S03588,2025-10-27,CUST0966,Google Ads,Desktop,1,0,0,0
S03589,2025-12-11,CUST0312,Instagram,Mobile,1,1,1,0
S03590,2025-02-25,CUST0962,Direct,Desktop,1,0,0,0
S03591,2025-07-13,CUST0599,Organic,Desktop,0,0,0,0
S03592,2025-02-14,CUST0108,Google Ads,Mobile,1,1,0,0
S03593,2025-12-09,CUST0831,Instagram,Desktop,1,1,0,0
S03594,2025-08-27,CUST0030,Google Ads,Mobile,1,1,1,1
S03595,2025-08-20,CUST0309,Email,Tablet,0,0,0,0
S03596,2025-11-16,CUST0486,Instagram,Mobile,1,1,0,0
S03597,2025-08-27,CUST0046,Instagram,Mobile,1,1,1,0
S03598,2025-05-16,CUST0359,Organic,Desktop,0,0,0,0
S03599,2025-10-12,CUST0137,Google Ads,Desktop,1,1,1,1
S03600,2025-01-13,CUST0775,Instagram,Mobile,0,0,0,0
S03601,2025-01-29,CUST0575,Direct,Mobile,1,1,1,1
S03602,2025-06-27,CUST0431,Instagram,Desktop,1,0,0,0
S03603,2025-10-20,CUST0556,Direct,Desktop,1,1,1,1
S03604,2025-09-14,CUST0251,Organic,Tablet,1,1,1,1
S03605,2025-04-18,CUST0433,Instagram,Desktop,1,0,0,0
S03606,2025-03-10,CUST0847,Instagram,Desktop,0,0,0,0
S03607,2025-06-25,CUST0207,Organic,Tablet,0,0,0,0
S03608,2025-07-02,CUST0981,Direct,Mobile,0,0,0,0
S03609,2025-08-30,CUST0446,Google Ads,Mobile,0,0,0,0
S03610,2025-07-13,CUST0059,Organic,Mobile,1,1,1,1
S03611,2025-11-15,CUST0206,Google Ads,Mobile,0,0,0,0
S03612,2025-01-22,CUST0971,Email,Desktop,1,1,1,0
S03613,2025-12-16,CUST0331,Organic,Tablet,1,0,0,0
S03614,2025-01-11,CUST0596,Google Ads,Desktop,1,1,1,1
S03615,2025-10-12,CUST0525,Instagram,Mobile,0,0,0,0
S03616,2025-12-28,CUST0749,Google Ads,Desktop,1,0,0,0
S03617,2025-09-16,CUST0158,Instagram,Desktop,1,1,1,1
S03618,2025-06-22,CUST0104,Email,Mobile,1,1,1,1
S03619,2025-07-24,CUST0359,Email,Desktop,0,0,0,0
S03620,2025-09-05,CUST0852,Google Ads,Desktop,1,1,1,1
S03621,2025-09-16,CUST0365,Direct,Tablet,1,1,1,1
S03622,2025-11-26,CUST0555,Direct,Mobile,1,0,0,0
S03623,2025-09-27,CUST0179,Organic,Mobile,1,0,0,0
S03624,2025-03-22,CUST0358,Instagram,Desktop,0,0,0,0
S03625,2025-11-17,CUST0264,Instagram,Mobile,1,1,1,1
S03626,2025-07-07,CUST0755,Organic,Mobile,1,1,1,0
S03627,2025-12-04,CUST0549,Google Ads,Mobile,0,0,0,0
S03628,2025-08-19,CUST0874,Organic,Mobile,1,0,0,0
S03629,2025-01-28,CUST0353,Email,Mobile,1,1,0,0
S03630,2025-12-16,CUST0858,Organic,Desktop,1,1,1,1
S03631,2025-11-19,CUST0364,Organic,Mobile,0,0,0,0
S03632,2025-01-03,CUST0250,Direct,Mobile,1,1,1,0
S03633,2025-08-25,CUST0120,Instagram,Tablet,1,0,0,0
S03634,2025-06-30,CUST0192,Organic,Desktop,1,1,0,0
S03635,2025-01-04,CUST0807,Instagram,Desktop,1,0,0,0
S03636,2025-12-14,CUST0904,Organic,Mobile,0,0,0,0
S03637,2025-03-13,CUST0062,Email,Desktop,1,1,1,0
S03638,2025-07-01,CUST0210,Google Ads,Mobile,1,0,0,0
S03639,2025-04-14,CUST0807,Google Ads,Mobile,1,1,0,0
S03640,2025-09-29,CUST0910,Email,Desktop,0,0,0,0
S03641,2025-10-14,CUST0052,Email,Mobile,0,0,0,0
S03642,2025-03-28,CUST0722,Organic,Mobile,1,1,0,0
S03643,2025-03-14,CUST0313,Instagram,Desktop,1,1,0,0
S03644,2025-04-01,CUST0917,Organic,Mobile,1,1,1,0
S03645,2025-06-22,CUST0279,Organic,Mobile,1,1,1,0
S03646,2025-11-06,CUST0388,Google Ads,Mobile,1,0,0,0
S03647,2025-07-06,CUST0202,Instagram,Desktop,1,1,0,0
S03648,2025-08-24,CUST0939,Organic,Mobile,1,1,0,0
S03649,2025-06-11,CUST0139,Google Ads,Mobile,1,1,1,1
S03650,2025-03-14,CUST0852,Google Ads,Mobile,1,1,1,0
S03651,2025-08-13,CUST0019,Email,Mobile,1,1,1,1
S03652,2025-08-18,CUST0321,Organic,Mobile,1,1,0,0
S03653,2025-09-11,CUST0095,Google Ads,Desktop,1,1,1,1
S03654,2025-06-11,CUST0130,Instagram,Mobile,0,0,0,0
S03655,2025-12-21,CUST0105,Direct,Desktop,1,0,0,0
S03656,2025-09-07,CUST0945,Organic,Mobile,0,0,0,0
S03657,2025-07-18,CUST0197,Instagram,Mobile,0,0,0,0
S03658,2025-08-28,CUST0930,Direct,Desktop,1,0,0,0
S03659,2025-08-25,CUST0260,Organic,Desktop,0,0,0,0
S03660,2025-03-17,CUST0987,Direct,Mobile,0,0,0,0
S03661,2025-12-08,CUST0039,Instagram,Desktop,0,0,0,0
S03662,2025-10-22,CUST0501,Organic,Desktop,1,1,1,1
S03663,2025-02-14,CUST0817,Organic,Mobile,1,1,1,1
S03664,2025-12-09,CUST0131,Direct,Mobile,0,0,0,0
S03665,2025-06-28,CUST0154,Organic,Mobile,1,0,0,0
S03666,2025-08-10,CUST0553,Instagram,Mobile,1,0,0,0
S03667,2025-01-17,CUST0321,Direct,Desktop,1,0,0,0
S03668,2025-08-07,CUST0122,Email,Desktop,1,1,1,1
S03669,2025-03-25,CUST0756,Google Ads,Mobile,1,1,0,0
S03670,2025-07-10,CUST0757,Instagram,Desktop,1,1,0,0
S03671,2025-05-12,CUST0144,Organic,Desktop,0,0,0,0
S03672,2025-10-14,CUST0186,Direct,Desktop,1,1,1,1
S03673,2025-04-04,CUST0547,Email,Mobile,0,0,0,0
S03674,2025-04-05,CUST0211,Organic,Desktop,1,1,1,0
S03675,2025-07-03,CUST0400,Instagram,Desktop,1,1,1,1
S03676,2025-05-12,CUST0033,Direct,Desktop,0,0,0,0
S03677,2025-03-23,CUST0159,Instagram,Mobile,1,1,1,1
S03678,2025-12-06,CUST0406,Google Ads,Mobile,1,1,1,1
S03679,2025-10-23,CUST0829,Google Ads,Mobile,1,1,1,1
S03680,2025-12-26,CUST0364,Direct,Mobile,1,1,1,1
S03681,2025-04-22,CUST0980,Organic,Mobile,1,1,1,0
S03682,2025-10-30,CUST0704,Direct,Mobile,1,1,1,1
S03683,2025-11-02,CUST0966,Organic,Desktop,0,0,0,0
S03684,2025-02-20,CUST0163,Organic,Desktop,1,1,1,1
S03685,2025-10-21,CUST0764,Google Ads,Mobile,1,0,0,0
S03686,2025-07-08,CUST0551,Instagram,Mobile,1,1,1,1
S03687,2025-07-27,CUST0131,Email,Desktop,1,1,1,0
S03688,2025-05-29,CUST0096,Google Ads,Mobile,1,0,0,0
S03689,2025-09-22,CUST0653,Google Ads,Mobile,1,0,0,0
S03690,2025-10-08,CUST0270,Email,Mobile,1,1,1,1
S03691,2025-04-23,CUST0681,Direct,Tablet,1,1,0,0
S03692,2025-02-05,CUST0904,Direct,Desktop,1,1,0,0
S03693,2025-04-21,CUST0367,Google Ads,Mobile,1,1,1,1
S03694,2025-06-20,CUST0787,Instagram,Mobile,0,0,0,0
S03695,2025-03-19,CUST0365,Email,Mobile,1,1,1,1
S03696,2025-12-03,CUST0910,Email,Desktop,0,0,0,0
S03697,2025-01-28,CUST0971,Organic,Desktop,1,1,1,1
S03698,2025-02-14,CUST0434,Organic,Mobile,1,1,1,1
S03699,2025-12-27,CUST0611,Google Ads,Desktop,1,1,1,1
S03700,2025-10-31,CUST0061,Organic,Tablet,1,1,0,0
S03701,2025-05-22,CUST0932,Instagram,Mobile,1,0,0,0
S03702,2025-01-15,CUST0323,Google Ads,Mobile,1,0,0,0
S03703,2025-05-08,CUST0729,Organic,Mobile,0,0,0,0
S03704,2025-06-16,CUST0589,Organic,Mobile,1,1,1,1
S03705,2025-06-02,CUST0208,Google Ads,Desktop,1,0,0,0
S03706,2025-03-04,CUST0348,Google Ads,Mobile,1,1,0,0
S03707,2025-02-28,CUST0045,Instagram,Mobile,1,0,0,0
S03708,2025-07-22,CUST0347,Google Ads,Mobile,1,1,1,1
S03709,2025-06-06,CUST0714,Email,Desktop,1,0,0,0
S03710,2025-01-03,CUST0722,Organic,Mobile,0,0,0,0
S03711,2025-02-08,CUST0840,Instagram,Tablet,0,0,0,0
S03712,2025-10-05,CUST0647,Email,Tablet,1,0,0,0
S03713,2025-04-11,CUST0369,Email,Mobile,1,1,1,1
S03714,2025-06-18,CUST0534,Instagram,Mobile,0,0,0,0
S03715,2025-01-20,CUST0358,Instagram,Mobile,1,1,0,0
S03716,2025-05-21,CUST0495,Organic,Mobile,0,0,0,0
S03717,2025-12-13,CUST0905,Instagram,Mobile,1,1,1,1
S03718,2025-10-02,CUST0060,Direct,Mobile,1,0,0,0
S03719,2025-11-18,CUST0298,Instagram,Desktop,1,1,1,1
S03720,2025-07-12,CUST0059,Google Ads,Mobile,1,0,0,0
S03721,2025-06-01,CUST0424,Organic,Desktop,1,1,0,0
S03722,2025-08-24,CUST0231,Organic,Mobile,1,1,1,0
S03723,2025-10-21,CUST0797,Direct,Mobile,1,0,0,0
S03724,2025-07-27,CUST0695,Direct,Mobile,1,0,0,0
S03725,2025-02-06,CUST0448,Email,Mobile,1,1,0,0
S03726,2025-03-19,CUST0613,Instagram,Mobile,1,0,0,0
S03727,2025-06-21,CUST0626,Google Ads,Mobile,1,0,0,0
S03728,2025-02-14,CUST0368,Google Ads,Mobile,0,0,0,0
S03729,2025-12-03,CUST0554,Direct,Desktop,1,1,1,1
S03730,2025-03-25,CUST0029,Instagram,Mobile,1,0,0,0
S03731,2025-04-03,CUST0988,Direct,Desktop,0,0,0,0
S03732,2025-06-03,CUST0277,Email,Mobile,1,1,1,1
S03733,2025-04-16,CUST0609,Instagram,Desktop,1,0,0,0
S03734,2025-12-24,CUST0703,Instagram,Mobile,1,0,0,0
S03735,2025-07-28,CUST0379,Email,Mobile,1,1,0,0
S03736,2025-07-23,CUST0831,Direct,Mobile,1,1,1,1
S03737,2025-09-05,CUST0986,Instagram,Mobile,1,1,1,1
S03738,2025-12-14,CUST0038,Organic,Tablet,1,0,0,0
S03739,2025-12-18,CUST0207,Google Ads,Mobile,1,0,0,0
S03740,2025-08-14,CUST0706,Google Ads,Mobile,1,0,0,0
S03741,2025-12-02,CUST0652,Email,Mobile,1,0,0,0
S03742,2025-02-17,CUST0289,Direct,Mobile,1,1,1,0
S03743,2025-09-03,CUST0975,Google Ads,Mobile,0,0,0,0
S03744,2025-01-31,CUST0493,Email,Desktop,1,1,1,0
S03745,2025-07-02,CUST0769,Instagram,Mobile,1,0,0,0
S03746,2025-09-14,CUST0225,Google Ads,Mobile,1,1,1,1
S03747,2025-05-06,CUST0452,Organic,Desktop,1,1,0,0
S03748,2025-08-07,CUST0028,Direct,Mobile,1,0,0,0
S03749,2025-09-02,CUST0702,Instagram,Mobile,0,0,0,0
S03750,2025-05-19,CUST0757,Organic,Tablet,1,0,0,0
S03751,2025-08-15,CUST0334,Direct,Mobile,0,0,0,0
S03752,2025-10-29,CUST0373,Direct,Mobile,1,0,0,0
S03753,2025-09-14,CUST0827,Organic,Desktop,0,0,0,0
S03754,2025-09-12,CUST0561,Instagram,Desktop,1,1,1,1
S03755,2025-03-11,CUST0301,Direct,Mobile,1,1,1,1
S03756,2025-03-07,CUST0204,Email,Mobile,1,0,0,0
S03757,2025-01-02,CUST0379,Direct,Desktop,0,0,0,0
S03758,2025-11-21,CUST0902,Google Ads,Desktop,1,1,1,1
S03759,2025-09-26,CUST0115,Instagram,Mobile,1,1,1,0
S03760,2025-12-05,CUST0020,Instagram,Mobile,1,1,1,1
S03761,2025-10-30,CUST0597,Google Ads,Mobile,0,0,0,0
S03762,2025-05-09,CUST0912,Direct,Desktop,1,0,0,0
S03763,2025-05-26,CUST0396,Google Ads,Mobile,1,1,0,0
S03764,2025-04-23,CUST0765,Organic,Desktop,1,1,1,1
S03765,2025-10-15,CUST0052,Google Ads,Mobile,0,0,0,0
S03766,2025-04-06,CUST0660,Google Ads,Mobile,1,1,0,0
S03767,2025-09-24,CUST0186,Google Ads,Mobile,1,1,1,1
S03768,2025-01-08,CUST0685,Email,Tablet,1,1,1,0
S03769,2025-08-08,CUST0353,Instagram,Desktop,1,0,0,0
S03770,2025-08-01,CUST0114,Organic,Desktop,0,0,0,0
S03771,2025-04-12,CUST0514,Email,Mobile,1,1,1,0
S03772,2025-06-15,CUST0546,Organic,Desktop,1,1,1,0
S03773,2025-09-19,CUST0282,Organic,Desktop,1,1,1,1
S03774,2025-01-02,CUST0673,Instagram,Desktop,1,0,0,0
S03775,2025-07-21,CUST0170,Direct,Desktop,1,0,0,0
S03776,2025-11-25,CUST0606,Organic,Mobile,0,0,0,0
S03777,2025-07-02,CUST0760,Organic,Desktop,1,1,1,0
S03778,2025-09-16,CUST0321,Google Ads,Mobile,1,0,0,0
S03779,2025-11-18,CUST0366,Instagram,Mobile,0,0,0,0
S03780,2025-08-16,CUST0520,Email,Tablet,1,1,0,0
S03781,2025-07-19,CUST0833,Email,Mobile,1,1,1,1
S03782,2025-01-26,CUST0110,Direct,Desktop,0,0,0,0
S03783,2025-12-16,CUST0906,Organic,Mobile,1,1,0,0
S03784,2025-04-12,CUST0544,Google Ads,Mobile,1,1,0,0
S03785,2025-05-16,CUST0563,Email,Mobile,1,0,0,0
S03786,2025-11-27,CUST0953,Organic,Mobile,1,1,0,0
S03787,2025-12-11,CUST0680,Organic,Desktop,1,0,0,0
S03788,2025-07-16,CUST0578,Google Ads,Mobile,0,0,0,0
S03789,2025-01-30,CUST0543,Google Ads,Desktop,0,0,0,0
S03790,2025-10-26,CUST0959,Instagram,Mobile,0,0,0,0
S03791,2025-05-13,CUST0324,Organic,Desktop,1,1,0,0
S03792,2025-09-13,CUST0952,Instagram,Mobile,0,0,0,0
S03793,2025-01-20,CUST0012,Google Ads,Mobile,1,1,0,0
S03794,2025-11-04,CUST0799,Email,Desktop,1,1,0,0
S03795,2025-01-21,CUST0023,Google Ads,Desktop,1,1,1,1
S03796,2025-02-10,CUST0161,Google Ads,Mobile,1,1,1,1
S03797,2025-12-30,CUST0264,Email,Tablet,1,0,0,0
S03798,2025-06-01,CUST0702,Instagram,Mobile,1,1,0,0
S03799,2025-11-04,CUST0380,Instagram,Desktop,1,1,1,1
S03800,2025-01-02,CUST0753,Instagram,Mobile,1,0,0,0
S03801,2025-02-13,CUST0080,Email,Mobile,1,0,0,0
S03802,2025-02-10,CUST0271,Google Ads,Desktop,1,0,0,0
S03803,2025-11-22,CUST0425,Google Ads,Desktop,1,1,1,1
S03804,2025-09-20,CUST0616,Google Ads,Mobile,1,1,1,1
S03805,2025-10-21,CUST0436,Direct,Mobile,1,1,1,1
S03806,2025-06-22,CUST0922,Google Ads,Desktop,1,1,0,0
S03807,2025-01-09,CUST0078,Direct,Mobile,0,0,0,0
S03808,2025-02-22,CUST0524,Instagram,Desktop,1,1,1,1
S03809,2025-10-11,CUST0795,Organic,Desktop,0,0,0,0
S03810,2025-05-08,CUST0111,Instagram,Desktop,1,1,1,1
S03811,2025-01-19,CUST0991,Direct,Desktop,1,1,1,1
S03812,2025-05-12,CUST0452,Direct,Mobile,1,0,0,0
S03813,2025-01-13,CUST0414,Instagram,Desktop,1,1,1,0
S03814,2025-08-08,CUST0260,Google Ads,Desktop,1,0,0,0
S03815,2025-09-24,CUST0822,Google Ads,Mobile,1,1,0,0
S03816,2025-09-02,CUST0351,Instagram,Mobile,1,1,1,0
S03817,2025-09-15,CUST0930,Instagram,Desktop,1,1,0,0
S03818,2025-05-20,CUST0708,Instagram,Mobile,1,0,0,0
S03819,2025-09-04,CUST0852,Email,Mobile,1,0,0,0
S03820,2025-08-20,CUST0184,Organic,Tablet,1,0,0,0
S03821,2025-02-25,CUST0658,Instagram,Mobile,1,1,1,1
S03822,2025-03-29,CUST0175,Google Ads,Desktop,1,1,1,1
S03823,2025-09-11,CUST0712,Direct,Mobile,1,1,1,1
S03824,2025-02-21,CUST0700,Instagram,Mobile,1,1,1,1
S03825,2025-09-04,CUST0618,Organic,Mobile,1,0,0,0
S03826,2025-09-09,CUST0955,Email,Mobile,1,1,1,1
S03827,2025-05-05,CUST0386,Email,Desktop,0,0,0,0
S03828,2025-07-20,CUST0889,Email,Tablet,1,1,0,0
S03829,2025-12-27,CUST0585,Email,Desktop,0,0,0,0
S03830,2025-05-12,CUST0272,Google Ads,Tablet,1,1,1,1
S03831,2025-06-26,CUST0726,Organic,Desktop,1,1,1,1
S03832,2025-02-21,CUST0186,Email,Mobile,0,0,0,0
S03833,2025-02-03,CUST0652,Direct,Mobile,1,1,1,0
S03834,2025-01-22,CUST0901,Organic,Desktop,0,0,0,0
S03835,2025-05-21,CUST0167,Organic,Mobile,1,0,0,0
S03836,2025-11-15,CUST0143,Instagram,Desktop,1,0,0,0
S03837,2025-09-28,CUST0493,Direct,Desktop,1,1,1,1
S03838,2025-06-17,CUST0072,Organic,Mobile,1,1,1,1
S03839,2025-02-07,CUST0344,Email,Mobile,1,1,1,1
S03840,2025-12-27,CUST0499,Organic,Mobile,1,0,0,0
S03841,2025-09-03,CUST0147,Organic,Tablet,1,0,0,0
S03842,2025-08-23,CUST0613,Direct,Desktop,1,1,1,1
S03843,2025-02-24,CUST0501,Email,Desktop,0,0,0,0
S03844,2025-04-30,CUST0338,Google Ads,Tablet,1,1,1,1
S03845,2025-03-07,CUST0085,Organic,Mobile,1,1,0,0
S03846,2025-11-18,CUST0817,Instagram,Desktop,1,1,1,1
S03847,2025-11-24,CUST0891,Organic,Mobile,1,0,0,0
S03848,2025-06-15,CUST0807,Google Ads,Desktop,1,0,0,0
S03849,2025-07-29,CUST0846,Email,Desktop,1,1,1,1
S03850,2025-03-16,CUST0143,Instagram,Desktop,1,1,1,1
S03851,2025-05-14,CUST0891,Instagram,Mobile,1,0,0,0
S03852,2025-09-22,CUST0311,Google Ads,Mobile,1,0,0,0
S03853,2025-06-23,CUST0369,Direct,Mobile,1,0,0,0
S03854,2025-08-31,CUST0707,Instagram,Desktop,1,1,1,0
S03855,2025-03-30,CUST0696,Google Ads,Mobile,1,1,1,1
S03856,2025-09-07,CUST0813,Email,Desktop,1,0,0,0
S03857,2025-01-31,CUST0971,Instagram,Mobile,1,0,0,0
S03858,2025-10-04,CUST0441,Direct,Desktop,1,1,1,1
S03859,2025-02-07,CUST0067,Direct,Desktop,1,0,0,0
S03860,2025-11-04,CUST0734,Email,Desktop,1,1,1,1
S03861,2025-05-18,CUST0774,Google Ads,Mobile,1,0,0,0
S03862,2025-03-17,CUST0838,Direct,Mobile,1,0,0,0
S03863,2025-12-05,CUST0927,Email,Mobile,1,1,1,1
S03864,2025-09-10,CUST0534,Google Ads,Mobile,1,1,1,0
S03865,2025-03-20,CUST0341,Direct,Desktop,1,1,0,0
S03866,2025-02-07,CUST0678,Google Ads,Mobile,0,0,0,0
S03867,2025-11-14,CUST0102,Instagram,Mobile,0,0,0,0
S03868,2025-11-24,CUST0314,Organic,Desktop,1,1,0,0
S03869,2025-06-12,CUST0966,Google Ads,Mobile,1,0,0,0
S03870,2025-12-24,CUST0925,Google Ads,Mobile,1,1,1,1
S03871,2025-05-08,CUST0952,Direct,Desktop,1,0,0,0
S03872,2025-06-07,CUST0110,Organic,Desktop,1,0,0,0
S03873,2025-11-25,CUST0907,Email,Desktop,1,1,1,1
S03874,2025-11-15,CUST0432,Instagram,Mobile,0,0,0,0
S03875,2025-03-24,CUST0342,Direct,Mobile,1,1,1,1
S03876,2025-08-05,CUST0828,Google Ads,Desktop,1,0,0,0
S03877,2025-07-21,CUST0179,Google Ads,Mobile,1,1,0,0
S03878,2025-10-05,CUST0679,Email,Mobile,1,1,1,0
S03879,2025-06-01,CUST0134,Organic,Desktop,1,1,1,1
S03880,2025-01-26,CUST0030,Direct,Mobile,1,0,0,0
S03881,2025-12-09,CUST0875,Organic,Desktop,0,0,0,0
S03882,2025-09-11,CUST0473,Instagram,Mobile,1,1,1,0
S03883,2025-09-08,CUST0996,Email,Mobile,1,1,1,1
S03884,2025-06-16,CUST0385,Organic,Mobile,1,0,0,0
S03885,2025-12-19,CUST0598,Google Ads,Desktop,1,1,1,1
S03886,2025-05-20,CUST0009,Instagram,Mobile,1,1,1,1
S03887,2025-08-17,CUST0941,Organic,Tablet,1,1,1,1
S03888,2025-03-14,CUST0136,Email,Mobile,1,1,1,1
S03889,2025-10-26,CUST0290,Google Ads,Mobile,1,1,1,1
S03890,2025-08-24,CUST0976,Instagram,Desktop,1,1,1,1
S03891,2025-07-14,CUST0979,Organic,Desktop,0,0,0,0
S03892,2025-03-29,CUST0648,Google Ads,Mobile,1,0,0,0
S03893,2025-04-07,CUST0652,Instagram,Mobile,1,1,1,1
S03894,2025-06-15,CUST0043,Direct,Mobile,0,0,0,0
S03895,2025-10-23,CUST0105,Google Ads,Desktop,1,1,1,1
S03896,2025-07-22,CUST0824,Instagram,Mobile,0,0,0,0
S03897,2025-07-06,CUST0031,Google Ads,Desktop,1,1,1,1
S03898,2025-10-02,CUST0682,Google Ads,Mobile,1,0,0,0
S03899,2025-01-20,CUST0673,Email,Mobile,0,0,0,0
S03900,2025-03-14,CUST0787,Direct,Mobile,0,0,0,0
S03901,2025-12-04,CUST0765,Direct,Desktop,1,0,0,0
S03902,2025-12-27,CUST0219,Email,Mobile,1,1,0,0
S03903,2025-11-06,CUST0984,Google Ads,Desktop,1,1,1,1
S03904,2025-03-23,CUST0113,Instagram,Mobile,1,0,0,0
S03905,2025-10-23,CUST0732,Instagram,Desktop,1,1,1,1
S03906,2025-12-22,CUST0695,Google Ads,Tablet,1,1,0,0
S03907,2025-01-27,CUST0260,Organic,Desktop,0,0,0,0
S03908,2025-05-21,CUST0012,Instagram,Desktop,1,1,1,1
S03909,2025-02-16,CUST0471,Direct,Mobile,1,1,0,0
S03910,2025-04-22,CUST0340,Email,Desktop,1,0,0,0
S03911,2025-08-23,CUST0872,Google Ads,Tablet,1,1,0,0
S03912,2025-05-31,CUST0924,Instagram,Mobile,1,1,1,1
S03913,2025-11-11,CUST0246,Google Ads,Mobile,1,1,1,1
S03914,2025-11-29,CUST0250,Instagram,Desktop,1,1,0,0
S03915,2025-05-06,CUST0570,Organic,Desktop,1,0,0,0
S03916,2025-01-07,CUST0509,Organic,Desktop,1,0,0,0
S03917,2025-02-19,CUST0304,Instagram,Mobile,1,1,1,1
S03918,2025-12-26,CUST0888,Google Ads,Tablet,1,1,1,1
S03919,2025-03-07,CUST0892,Organic,Mobile,1,1,1,1
S03920,2025-12-28,CUST0513,Organic,Tablet,1,0,0,0
S03921,2025-06-16,CUST0361,Instagram,Desktop,0,0,0,0
S03922,2025-09-09,CUST0715,Google Ads,Desktop,1,1,0,0
S03923,2025-09-20,CUST0044,Email,Mobile,1,1,1,1
S03924,2025-07-15,CUST0319,Google Ads,Mobile,1,1,0,0
S03925,2025-07-02,CUST0607,Google Ads,Desktop,1,1,0,0
S03926,2025-09-21,CUST0489,Email,Mobile,1,1,1,1
S03927,2025-10-15,CUST0294,Google Ads,Tablet,1,1,0,0
S03928,2025-10-02,CUST0509,Instagram,Mobile,1,0,0,0
S03929,2025-04-28,CUST0521,Direct,Mobile,1,0,0,0
S03930,2025-11-09,CUST0774,Direct,Mobile,1,1,1,1
S03931,2025-12-13,CUST0326,Organic,Mobile,1,0,0,0
S03932,2025-10-04,CUST0253,Direct,Mobile,1,1,1,1
S03933,2025-05-12,CUST0308,Direct,Mobile,1,1,1,1
S03934,2025-05-27,CUST0323,Direct,Mobile,0,0,0,0
S03935,2025-01-29,CUST0608,Instagram,Mobile,1,0,0,0
S03936,2025-11-23,CUST0867,Direct,Mobile,1,1,1,1
S03937,2025-11-16,CUST0912,Google Ads,Mobile,1,1,1,1
S03938,2025-08-13,CUST0642,Organic,Desktop,1,0,0,0
S03939,2025-05-19,CUST0036,Email,Mobile,1,1,0,0
S03940,2025-10-16,CUST0617,Instagram,Desktop,1,1,1,1
S03941,2025-10-08,CUST0711,Instagram,Mobile,1,0,0,0
S03942,2025-01-26,CUST0291,Direct,Desktop,1,0,0,0
S03943,2025-10-19,CUST0888,Direct,Mobile,1,1,1,1
S03944,2025-09-24,CUST0542,Direct,Desktop,1,1,1,0
S03945,2025-10-13,CUST0941,Direct,Mobile,1,1,1,1
S03946,2025-11-09,CUST0942,Google Ads,Mobile,0,0,0,0
S03947,2025-04-07,CUST0605,Google Ads,Desktop,1,0,0,0
S03948,2025-05-18,CUST0489,Direct,Desktop,1,0,0,0
S03949,2025-10-08,CUST0961,Organic,Mobile,1,1,1,0
S03950,2025-04-06,CUST0236,Direct,Mobile,0,0,0,0
S03951,2025-02-26,CUST0385,Google Ads,Mobile,1,1,1,0
S03952,2025-05-03,CUST0361,Direct,Mobile,1,1,1,1
S03953,2025-08-19,CUST0953,Google Ads,Desktop,1,0,0,0
S03954,2025-10-17,CUST0967,Organic,Tablet,0,0,0,0
S03955,2025-03-27,CUST0707,Direct,Mobile,1,1,1,1
S03956,2025-11-06,CUST0256,Email,Mobile,0,0,0,0
S03957,2025-02-20,CUST0868,Organic,Mobile,1,1,1,1
S03958,2025-08-16,CUST0359,Organic,Desktop,1,1,1,1
S03959,2025-01-06,CUST0543,Google Ads,Mobile,1,1,1,0
S03960,2025-11-06,CUST0025,Instagram,Mobile,0,0,0,0
S03961,2025-09-30,CUST0815,Direct,Mobile,1,1,1,1
S03962,2025-12-10,CUST0952,Instagram,Mobile,0,0,0,0
S03963,2025-01-02,CUST0984,Email,Mobile,0,0,0,0
S03964,2025-10-03,CUST0001,Instagram,Desktop,1,1,1,0
S03965,2025-04-01,CUST0358,Instagram,Desktop,1,1,1,1
S03966,2025-09-19,CUST0118,Organic,Desktop,1,1,1,1
S03967,2025-08-30,CUST0479,Google Ads,Desktop,0,0,0,0
S03968,2025-09-03,CUST0677,Google Ads,Mobile,0,0,0,0
S03969,2025-03-20,CUST0459,Google Ads,Mobile,1,0,0,0
S03970,2025-11-07,CUST0113,Direct,Mobile,1,1,0,0
S03971,2025-10-31,CUST0195,Email,Mobile,1,1,0,0
S03972,2025-02-27,CUST0652,Email,Mobile,1,0,0,0
S03973,2025-08-13,CUST0020,Instagram,Mobile,1,0,0,0
S03974,2025-07-21,CUST0286,Instagram,Desktop,1,1,0,0
S03975,2025-01-06,CUST0458,Organic,Mobile,1,1,1,1
S03976,2025-01-30,CUST0743,Organic,Tablet,1,0,0,0
S03977,2025-05-31,CUST0448,Instagram,Desktop,1,1,1,1
S03978,2025-02-05,CUST0591,Organic,Mobile,1,1,1,1
S03979,2025-04-20,CUST0640,Direct,Mobile,1,0,0,0
S03980,2025-05-01,CUST0085,Email,Mobile,1,1,1,1
S03981,2025-08-29,CUST0576,Direct,Tablet,1,1,0,0
S03982,2025-09-16,CUST0274,Direct,Mobile,1,1,1,1
S03983,2025-03-31,CUST0800,Direct,Mobile,1,1,1,1
S03984,2025-01-30,CUST0403,Instagram,Mobile,1,0,0,0
S03985,2025-08-25,CUST0253,Google Ads,Mobile,1,0,0,0
S03986,2025-06-19,CUST0606,Instagram,Mobile,1,0,0,0
S03987,2025-05-29,CUST0801,Direct,Mobile,1,1,1,1
S03988,2025-03-29,CUST0958,Instagram,Mobile,1,1,1,1
S03989,2025-01-04,CUST0662,Organic,Tablet,1,0,0,0
S03990,2025-09-09,CUST0365,Instagram,Mobile,0,0,0,0
S03991,2025-02-20,CUST0669,Instagram,Mobile,1,0,0,0
S03992,2025-01-24,CUST0728,Google Ads,Mobile,1,1,1,0
S03993,2025-02-15,CUST0260,Google Ads,Mobile,0,0,0,0
S03994,2025-04-26,CUST0434,Email,Tablet,1,1,1,1
S03995,2025-01-27,CUST0972,Google Ads,Mobile,1,1,1,1
S03996,2025-04-05,CUST0612,Google Ads,Mobile,1,0,0,0
S03997,2025-04-09,CUST0122,Organic,Mobile,1,0,0,0
S03998,2025-04-26,CUST0644,Email,Mobile,1,1,0,0
S03999,2025-10-03,CUST0517,Organic,Mobile,1,1,1,1
S04000,2025-12-02,CUST0979,Google Ads,Desktop,1,1,1,1
S04001,2025-04-05,CUST0745,Direct,Mobile,0,0,0,0
S04002,2025-07-18,CUST0679,Google Ads,Mobile,1,1,1,1
S04003,2025-05-26,CUST0569,Organic,Mobile,1,1,1,0
S04004,2025-06-04,CUST0543,Direct,Desktop,1,1,0,0
S04005,2025-09-27,CUST0519,Instagram,Mobile,1,0,0,0
S04006,2025-11-17,CUST0012,Google Ads,Mobile,1,1,1,1
S04007,2025-10-03,CUST0010,Google Ads,Desktop,1,0,0,0
S04008,2025-11-22,CUST0157,Email,Mobile,1,0,0,0
S04009,2025-09-13,CUST0725,Organic,Desktop,1,1,1,1
S04010,2025-02-14,CUST0141,Direct,Desktop,1,1,1,1
S04011,2025-01-01,CUST0983,Organic,Mobile,1,1,1,1
S04012,2025-05-27,CUST0639,Organic,Mobile,1,0,0,0
S04013,2025-10-22,CUST0710,Google Ads,Desktop,1,1,1,1
S04014,2025-06-04,CUST0927,Instagram,Desktop,1,1,1,0
S04015,2025-02-25,CUST0137,Organic,Desktop,1,0,0,0
S04016,2025-08-14,CUST0691,Organic,Desktop,1,1,1,1
S04017,2025-01-07,CUST0600,Instagram,Mobile,1,1,1,1
S04018,2025-01-20,CUST0400,Direct,Mobile,1,1,1,1
S04019,2025-06-08,CUST0443,Organic,Mobile,0,0,0,0
S04020,2025-12-06,CUST0442,Organic,Mobile,1,0,0,0
S04021,2025-03-20,CUST0267,Direct,Desktop,1,0,0,0
S04022,2025-01-01,CUST0676,Google Ads,Mobile,1,1,1,1
S04023,2025-12-02,CUST0761,Instagram,Mobile,1,1,1,0
S04024,2025-08-17,CUST0513,Google Ads,Desktop,1,1,1,0
S04025,2025-08-01,CUST0277,Instagram,Desktop,1,1,1,1
S04026,2025-10-10,CUST0684,Email,Tablet,1,1,1,1
S04027,2025-09-05,CUST0356,Organic,Mobile,1,0,0,0
S04028,2025-04-29,CUST0933,Instagram,Mobile,1,1,1,0
S04029,2025-08-15,CUST0774,Organic,Mobile,0,0,0,0
S04030,2025-01-24,CUST0654,Instagram,Mobile,1,1,1,1
S04031,2025-07-09,CUST0093,Organic,Mobile,1,1,0,0
S04032,2025-11-04,CUST0641,Instagram,Mobile,1,0,0,0
S04033,2025-11-03,CUST0136,Google Ads,Mobile,1,0,0,0
S04034,2025-02-26,CUST0111,Email,Mobile,1,1,0,0
S04035,2025-11-07,CUST0044,Email,Mobile,1,1,1,1
S04036,2025-11-05,CUST0891,Direct,Mobile,1,1,1,1
S04037,2025-03-30,CUST0211,Google Ads,Mobile,1,1,0,0
S04038,2025-10-02,CUST0343,Instagram,Mobile,1,1,1,1
S04039,2025-04-19,CUST0359,Organic,Mobile,1,1,0,0
S04040,2025-05-21,CUST0361,Organic,Desktop,1,0,0,0
S04041,2025-10-12,CUST0331,Organic,Desktop,1,0,0,0
S04042,2025-09-01,CUST0411,Direct,Desktop,1,0,0,0
S04043,2025-03-15,CUST0759,Email,Desktop,1,1,1,1
S04044,2025-12-21,CUST0508,Instagram,Desktop,1,1,0,0
S04045,2025-09-19,CUST0232,Google Ads,Desktop,1,1,1,1
S04046,2025-06-25,CUST0804,Email,Mobile,1,0,0,0
S04047,2025-08-18,CUST0170,Google Ads,Mobile,1,0,0,0
S04048,2025-03-17,CUST0404,Instagram,Tablet,0,0,0,0
S04049,2025-11-19,CUST0234,Instagram,Mobile,0,0,0,0
S04050,2025-07-02,CUST0520,Organic,Desktop,1,0,0,0
S04051,2025-10-01,CUST0302,Direct,Desktop,1,1,1,1
S04052,2025-10-04,CUST0100,Instagram,Desktop,1,0,0,0
S04053,2025-08-15,CUST0253,Email,Desktop,1,0,0,0
S04054,2025-06-14,CUST0308,Google Ads,Desktop,1,1,0,0
S04055,2025-10-02,CUST0794,Email,Desktop,0,0,0,0
S04056,2025-08-05,CUST0803,Instagram,Mobile,1,1,1,1
S04057,2025-11-08,CUST0700,Email,Mobile,1,1,1,1
S04058,2025-07-09,CUST0387,Email,Tablet,1,1,1,1
S04059,2025-01-18,CUST0123,Organic,Tablet,1,1,1,1
S04060,2025-08-20,CUST0132,Organic,Mobile,0,0,0,0
S04061,2025-07-03,CUST0236,Direct,Mobile,1,0,0,0
S04062,2025-04-16,CUST0221,Organic,Mobile,1,1,1,1
S04063,2025-08-31,CUST0062,Email,Mobile,1,1,1,1
S04064,2025-02-22,CUST0832,Email,Desktop,1,0,0,0
S04065,2025-08-14,CUST0690,Organic,Mobile,1,0,0,0
S04066,2025-07-21,CUST0732,Email,Desktop,1,0,0,0
S04067,2025-03-27,CUST0403,Instagram,Desktop,1,1,1,1
S04068,2025-02-19,CUST0171,Instagram,Tablet,1,0,0,0
S04069,2025-09-17,CUST0476,Email,Desktop,1,1,1,1
S04070,2025-11-15,CUST0594,Direct,Mobile,1,1,0,0
S04071,2025-07-14,CUST0014,Google Ads,Desktop,1,0,0,0
S04072,2025-09-05,CUST0270,Direct,Mobile,1,1,0,0
S04073,2025-02-25,CUST0054,Organic,Tablet,1,1,1,1
S04074,2025-06-26,CUST0413,Email,Mobile,1,0,0,0
S04075,2025-05-30,CUST0131,Organic,Desktop,1,0,0,0
S04076,2025-01-13,CUST0610,Instagram,Mobile,1,0,0,0
S04077,2025-12-27,CUST0713,Google Ads,Mobile,1,0,0,0
S04078,2025-10-16,CUST0872,Instagram,Mobile,1,1,0,0
S04079,2025-03-05,CUST0773,Organic,Mobile,1,0,0,0
S04080,2025-12-05,CUST0733,Direct,Tablet,1,1,1,0
S04081,2025-04-15,CUST0517,Direct,Desktop,1,1,1,1
S04082,2025-08-27,CUST0629,Organic,Desktop,1,1,1,1
S04083,2025-02-03,CUST0301,Google Ads,Tablet,1,1,1,0
S04084,2025-11-20,CUST0704,Organic,Desktop,0,0,0,0
S04085,2025-02-08,CUST0960,Direct,Mobile,1,1,1,0
S04086,2025-08-13,CUST0939,Google Ads,Desktop,0,0,0,0
S04087,2025-05-09,CUST0427,Google Ads,Mobile,1,0,0,0
S04088,2025-05-13,CUST0116,Google Ads,Mobile,1,1,1,1
S04089,2025-02-09,CUST0236,Organic,Mobile,1,1,1,1
S04090,2025-11-15,CUST0563,Organic,Mobile,0,0,0,0
S04091,2025-08-09,CUST0013,Google Ads,Mobile,1,0,0,0
S04092,2025-04-04,CUST0218,Direct,Mobile,1,1,1,1
S04093,2025-04-09,CUST0329,Direct,Mobile,1,1,1,1
S04094,2025-03-01,CUST0068,Direct,Mobile,1,1,1,1
S04095,2025-05-09,CUST0743,Organic,Desktop,1,1,1,1
S04096,2025-05-12,CUST0991,Direct,Desktop,1,0,0,0
S04097,2025-10-28,CUST0837,Email,Mobile,1,0,0,0
S04098,2025-03-10,CUST0391,Instagram,Tablet,0,0,0,0
S04099,2025-01-14,CUST0092,Direct,Mobile,0,0,0,0
S04100,2025-05-31,CUST0104,Email,Mobile,1,1,1,0
S04101,2025-06-23,CUST0590,Email,Mobile,1,0,0,0
S04102,2025-12-11,CUST0984,Email,Mobile,1,1,0,0
S04103,2025-10-19,CUST0426,Direct,Mobile,1,1,1,1
S04104,2025-07-15,CUST0614,Direct,Mobile,1,1,0,0
S04105,2025-02-01,CUST0773,Organic,Mobile,1,1,1,1
S04106,2025-03-14,CUST0943,Direct,Desktop,1,0,0,0
S04107,2025-07-13,CUST0304,Direct,Mobile,1,1,1,1
S04108,2025-02-19,CUST0379,Instagram,Mobile,1,1,1,0
S04109,2025-02-26,CUST0738,Organic,Desktop,0,0,0,0
S04110,2025-04-27,CUST0348,Google Ads,Desktop,1,1,1,1
S04111,2025-07-11,CUST0175,Email,Mobile,1,1,1,1
S04112,2025-08-05,CUST0392,Google Ads,Desktop,1,0,0,0
S04113,2025-04-21,CUST0405,Instagram,Desktop,1,0,0,0
S04114,2025-03-30,CUST0088,Instagram,Mobile,1,0,0,0
S04115,2025-12-26,CUST0630,Direct,Desktop,1,0,0,0
S04116,2025-11-06,CUST0792,Direct,Mobile,1,1,0,0
S04117,2025-11-05,CUST0653,Organic,Desktop,1,1,1,1
S04118,2025-06-06,CUST0625,Google Ads,Tablet,1,0,0,0
S04119,2025-03-10,CUST0911,Direct,Desktop,1,0,0,0
S04120,2025-09-27,CUST0249,Organic,Mobile,1,1,1,1
S04121,2025-08-13,CUST0366,Organic,Desktop,0,0,0,0
S04122,2025-01-05,CUST0089,Email,Desktop,1,0,0,0
S04123,2025-08-31,CUST0877,Google Ads,Mobile,0,0,0,0
S04124,2025-04-28,CUST0821,Organic,Desktop,1,1,1,1
S04125,2025-06-21,CUST0732,Direct,Tablet,1,0,0,0
S04126,2025-05-23,CUST0999,Google Ads,Mobile,1,1,0,0
S04127,2025-11-19,CUST0456,Google Ads,Mobile,1,1,1,1
S04128,2025-09-14,CUST0415,Instagram,Desktop,1,1,1,1
S04129,2025-12-31,CUST0455,Email,Mobile,0,0,0,0
S04130,2025-11-14,CUST0563,Google Ads,Desktop,1,0,0,0
S04131,2025-03-19,CUST0511,Email,Mobile,1,0,0,0
S04132,2025-02-26,CUST0175,Google Ads,Mobile,0,0,0,0
S04133,2025-01-20,CUST0935,Google Ads,Desktop,1,1,1,1
S04134,2025-01-14,CUST0209,Direct,Desktop,1,0,0,0
S04135,2025-07-25,CUST0629,Direct,Mobile,1,1,0,0
S04136,2025-08-25,CUST0313,Direct,Desktop,0,0,0,0
S04137,2025-06-30,CUST0946,Organic,Mobile,0,0,0,0
S04138,2025-10-18,CUST0371,Organic,Tablet,0,0,0,0
S04139,2025-07-08,CUST0313,Direct,Mobile,1,1,1,1
S04140,2025-05-27,CUST0803,Organic,Mobile,1,1,1,1
S04141,2025-12-06,CUST0504,Organic,Mobile,1,1,1,1
S04142,2025-02-11,CUST0086,Google Ads,Mobile,1,0,0,0
S04143,2025-12-20,CUST0647,Direct,Mobile,1,0,0,0
S04144,2025-01-01,CUST0821,Direct,Desktop,1,0,0,0
S04145,2025-11-20,CUST0266,Google Ads,Mobile,1,1,1,1
S04146,2025-04-14,CUST0220,Direct,Tablet,0,0,0,0
S04147,2025-09-12,CUST0295,Email,Desktop,1,1,0,0
S04148,2025-07-28,CUST0698,Google Ads,Mobile,1,1,0,0
S04149,2025-08-06,CUST0506,Organic,Mobile,0,0,0,0
S04150,2025-03-19,CUST0989,Instagram,Mobile,1,0,0,0
S04151,2025-02-20,CUST0163,Direct,Tablet,1,1,1,1
S04152,2025-10-15,CUST0127,Instagram,Desktop,1,1,1,1
S04153,2025-04-10,CUST0827,Google Ads,Desktop,1,1,1,1
S04154,2025-07-31,CUST0117,Direct,Mobile,1,0,0,0
S04155,2025-08-25,CUST0406,Organic,Mobile,1,1,0,0
S04156,2025-10-22,CUST0649,Organic,Mobile,1,0,0,0
S04157,2025-06-06,CUST0768,Email,Desktop,1,1,1,1
S04158,2025-10-25,CUST0356,Organic,Mobile,1,1,1,1
S04159,2025-01-14,CUST0776,Google Ads,Mobile,0,0,0,0
S04160,2025-04-26,CUST0990,Instagram,Desktop,1,1,1,1
S04161,2025-05-19,CUST0222,Email,Mobile,1,1,1,1
S04162,2025-03-16,CUST0376,Organic,Desktop,1,1,1,1
S04163,2025-10-30,CUST0314,Instagram,Mobile,1,1,1,1
S04164,2025-12-26,CUST0895,Organic,Mobile,1,1,0,0
S04165,2025-01-24,CUST0863,Instagram,Mobile,1,0,0,0
S04166,2025-06-26,CUST0150,Google Ads,Desktop,1,0,0,0
S04167,2025-02-24,CUST0236,Organic,Mobile,1,1,1,1
S04168,2025-08-01,CUST0863,Google Ads,Mobile,0,0,0,0
S04169,2025-11-22,CUST0168,Organic,Mobile,1,1,1,1
S04170,2025-11-30,CUST0495,Email,Tablet,1,0,0,0
S04171,2025-11-25,CUST0412,Direct,Desktop,1,1,1,1
S04172,2025-06-12,CUST0942,Instagram,Desktop,1,1,1,1
S04173,2025-10-27,CUST0069,Google Ads,Mobile,1,1,1,1
S04174,2025-06-13,CUST0721,Google Ads,Mobile,1,1,1,1
S04175,2025-03-30,CUST0564,Email,Desktop,0,0,0,0
S04176,2025-01-15,CUST0267,Direct,Desktop,1,1,1,0
S04177,2025-10-28,CUST0150,Email,Mobile,1,0,0,0
S04178,2025-05-02,CUST0815,Organic,Desktop,1,1,1,1
S04179,2025-11-14,CUST0857,Email,Desktop,1,1,1,1
S04180,2025-12-14,CUST0525,Google Ads,Mobile,0,0,0,0
S04181,2025-06-27,CUST0382,Organic,Mobile,1,1,1,1
S04182,2025-09-26,CUST0612,Instagram,Desktop,1,1,1,1
S04183,2025-04-15,CUST0374,Email,Desktop,1,1,1,1
S04184,2025-06-08,CUST0685,Direct,Mobile,1,0,0,0
S04185,2025-01-05,CUST0506,Email,Mobile,0,0,0,0
S04186,2025-12-05,CUST0237,Google Ads,Tablet,0,0,0,0
S04187,2025-05-21,CUST0587,Direct,Desktop,1,0,0,0
S04188,2025-06-18,CUST0325,Email,Tablet,0,0,0,0
S04189,2025-01-17,CUST0889,Google Ads,Desktop,1,0,0,0
S04190,2025-02-01,CUST0250,Direct,Mobile,1,1,1,1
S04191,2025-01-05,CUST0590,Instagram,Mobile,1,1,0,0
S04192,2025-05-17,CUST0790,Instagram,Desktop,1,0,0,0
S04193,2025-04-17,CUST0451,Direct,Desktop,1,1,0,0
S04194,2025-06-11,CUST0754,Direct,Desktop,1,1,1,1
S04195,2025-09-14,CUST0931,Direct,Desktop,1,0,0,0
S04196,2025-06-17,CUST0928,Organic,Mobile,1,0,0,0
S04197,2025-10-15,CUST0422,Google Ads,Desktop,1,1,0,0
S04198,2025-12-21,CUST0826,Google Ads,Mobile,1,0,0,0
S04199,2025-09-02,CUST0936,Organic,Desktop,0,0,0,0
S04200,2025-04-23,CUST0216,Instagram,Desktop,1,0,0,0
S04201,2025-06-27,CUST0732,Google Ads,Desktop,1,1,1,1
S04202,2025-07-09,CUST0021,Instagram,Mobile,1,1,1,1
S04203,2025-01-11,CUST0305,Direct,Mobile,1,1,1,1
S04204,2025-01-23,CUST0353,Google Ads,Desktop,1,0,0,0
S04205,2025-04-29,CUST0604,Google Ads,Desktop,1,0,0,0
S04206,2025-10-09,CUST0807,Google Ads,Desktop,0,0,0,0
S04207,2025-11-15,CUST0445,Direct,Desktop,1,1,1,1
S04208,2025-03-10,CUST0612,Google Ads,Mobile,0,0,0,0
S04209,2025-12-12,CUST0266,Google Ads,Tablet,1,1,1,1
S04210,2025-05-14,CUST0997,Instagram,Mobile,0,0,0,0
S04211,2025-09-10,CUST0168,Google Ads,Mobile,1,1,1,1
S04212,2025-02-20,CUST0058,Instagram,Mobile,1,0,0,0
S04213,2025-02-12,CUST0601,Google Ads,Desktop,0,0,0,0
S04214,2025-05-21,CUST0685,Instagram,Desktop,1,1,0,0
S04215,2025-01-25,CUST0657,Email,Desktop,1,0,0,0
S04216,2025-09-27,CUST0633,Google Ads,Mobile,1,1,1,1
S04217,2025-12-27,CUST0757,Google Ads,Mobile,0,0,0,0
S04218,2025-04-14,CUST0324,Organic,Mobile,0,0,0,0
S04219,2025-10-22,CUST0266,Google Ads,Mobile,0,0,0,0
S04220,2025-06-02,CUST0885,Direct,Mobile,1,1,1,1
S04221,2025-10-31,CUST0062,Organic,Mobile,1,1,0,0
S04222,2025-11-01,CUST0089,Organic,Desktop,0,0,0,0
S04223,2025-06-10,CUST0416,Organic,Desktop,1,1,0,0
S04224,2025-10-10,CUST0584,Organic,Mobile,1,1,1,1
S04225,2025-02-14,CUST0682,Direct,Mobile,1,1,1,1
S04226,2025-10-14,CUST0685,Email,Mobile,1,1,0,0
S04227,2025-11-15,CUST0076,Organic,Desktop,1,0,0,0
S04228,2025-06-15,CUST0405,Direct,Desktop,1,0,0,0
S04229,2025-07-26,CUST0365,Organic,Desktop,1,1,1,1
S04230,2025-04-18,CUST0923,Instagram,Mobile,0,0,0,0
S04231,2025-03-06,CUST0896,Google Ads,Mobile,0,0,0,0
S04232,2025-09-24,CUST0670,Organic,Mobile,1,0,0,0
S04233,2025-12-19,CUST0842,Instagram,Mobile,1,0,0,0
S04234,2025-07-04,CUST0725,Organic,Mobile,1,0,0,0
S04235,2025-08-12,CUST0385,Email,Mobile,1,1,1,1
S04236,2025-06-02,CUST0009,Organic,Mobile,0,0,0,0
S04237,2025-10-16,CUST0515,Organic,Desktop,1,1,1,1
S04238,2025-10-12,CUST0369,Email,Mobile,1,0,0,0
S04239,2025-07-05,CUST0309,Email,Desktop,1,1,0,0
S04240,2025-08-14,CUST0170,Google Ads,Mobile,1,1,0,0
S04241,2025-07-19,CUST0147,Instagram,Desktop,1,0,0,0
S04242,2025-01-11,CUST0518,Instagram,Mobile,1,1,1,1
S04243,2025-11-21,CUST0903,Organic,Mobile,1,0,0,0
S04244,2025-10-04,CUST0683,Google Ads,Mobile,1,0,0,0
S04245,2025-01-03,CUST0080,Google Ads,Tablet,1,0,0,0
S04246,2025-12-16,CUST0804,Google Ads,Mobile,1,1,1,1
S04247,2025-10-05,CUST0452,Email,Mobile,0,0,0,0
S04248,2025-03-03,CUST0466,Organic,Tablet,0,0,0,0
S04249,2025-01-05,CUST0736,Email,Desktop,1,0,0,0
S04250,2025-01-09,CUST0864,Instagram,Mobile,1,1,1,1
S04251,2025-02-27,CUST0978,Instagram,Mobile,1,0,0,0
S04252,2025-10-07,CUST0807,Email,Desktop,1,1,0,0
S04253,2025-08-26,CUST0555,Organic,Desktop,1,1,1,0
S04254,2025-11-13,CUST0933,Instagram,Mobile,0,0,0,0
S04255,2025-05-07,CUST0757,Direct,Desktop,1,1,0,0
S04256,2025-10-31,CUST0412,Direct,Mobile,1,0,0,0
S04257,2025-08-25,CUST0562,Email,Desktop,0,0,0,0
S04258,2025-08-07,CUST0295,Instagram,Desktop,1,1,1,1
S04259,2025-06-27,CUST0130,Google Ads,Mobile,1,1,1,0
S04260,2025-11-14,CUST0893,Organic,Desktop,1,0,0,0
S04261,2025-05-29,CUST0764,Instagram,Desktop,1,0,0,0
S04262,2025-02-07,CUST0165,Organic,Mobile,1,1,1,1
S04263,2025-04-28,CUST0613,Google Ads,Mobile,1,0,0,0
S04264,2025-11-11,CUST0883,Direct,Mobile,1,1,1,1
S04265,2025-04-07,CUST0450,Direct,Mobile,1,0,0,0
S04266,2025-01-17,CUST0787,Direct,Mobile,1,1,0,0
S04267,2025-11-21,CUST0507,Organic,Mobile,1,1,1,1
S04268,2025-10-06,CUST0069,Email,Mobile,1,0,0,0
S04269,2025-12-25,CUST0556,Direct,Mobile,1,1,1,1
S04270,2025-06-03,CUST0909,Email,Mobile,1,1,0,0
S04271,2025-04-04,CUST0662,Organic,Mobile,1,0,0,0
S04272,2025-06-24,CUST0500,Direct,Mobile,0,0,0,0
S04273,2025-10-29,CUST0135,Email,Mobile,1,1,1,1
S04274,2025-01-29,CUST0898,Organic,Desktop,1,0,0,0
S04275,2025-02-03,CUST0830,Instagram,Desktop,1,1,0,0
S04276,2025-01-10,CUST0502,Organic,Desktop,0,0,0,0
S04277,2025-10-03,CUST0974,Email,Mobile,0,0,0,0
S04278,2025-10-17,CUST0345,Organic,Mobile,1,0,0,0
S04279,2025-04-11,CUST0730,Google Ads,Mobile,1,1,1,1
S04280,2025-05-21,CUST0901,Direct,Mobile,1,1,1,1
S04281,2025-03-28,CUST0660,Direct,Mobile,1,1,0,0
S04282,2025-10-28,CUST0638,Google Ads,Mobile,0,0,0,0
S04283,2025-05-08,CUST0761,Email,Desktop,1,0,0,0
S04284,2025-07-25,CUST0054,Google Ads,Mobile,1,1,1,0
S04285,2025-03-30,CUST0332,Direct,Desktop,1,0,0,0
S04286,2025-03-23,CUST0959,Direct,Tablet,1,0,0,0
S04287,2025-07-31,CUST0420,Email,Desktop,1,1,0,0
S04288,2025-04-29,CUST0735,Organic,Mobile,1,1,1,1
S04289,2025-12-14,CUST0721,Instagram,Mobile,1,0,0,0
S04290,2025-05-16,CUST0656,Email,Mobile,0,0,0,0
S04291,2025-09-18,CUST0313,Direct,Mobile,1,0,0,0
S04292,2025-10-03,CUST0832,Google Ads,Desktop,1,0,0,0
S04293,2025-07-27,CUST0138,Email,Mobile,1,1,1,1
S04294,2025-11-10,CUST0355,Organic,Mobile,1,0,0,0
S04295,2025-08-31,CUST0502,Instagram,Mobile,1,1,1,1
S04296,2025-12-11,CUST0225,Google Ads,Mobile,1,1,0,0
S04297,2025-04-10,CUST0614,Direct,Desktop,1,1,0,0
S04298,2025-04-25,CUST0099,Email,Mobile,0,0,0,0
S04299,2025-11-26,CUST0307,Organic,Mobile,1,1,1,0
S04300,2025-01-16,CUST0795,Instagram,Mobile,1,1,1,1
S04301,2025-01-04,CUST0391,Organic,Mobile,1,1,1,1
S04302,2025-09-23,CUST0091,Organic,Mobile,1,1,1,0
S04303,2025-02-17,CUST0809,Organic,Desktop,1,0,0,0
S04304,2025-08-11,CUST0374,Direct,Mobile,1,0,0,0
S04305,2025-07-23,CUST0204,Direct,Mobile,1,0,0,0
S04306,2025-01-20,CUST0894,Google Ads,Desktop,0,0,0,0
S04307,2025-10-15,CUST0750,Google Ads,Mobile,1,1,1,1
S04308,2025-07-13,CUST0609,Direct,Desktop,1,1,1,1
S04309,2025-11-12,CUST0633,Google Ads,Desktop,1,0,0,0
S04310,2025-01-11,CUST0909,Email,Mobile,1,1,1,1
S04311,2025-01-20,CUST0117,Email,Mobile,1,1,0,0
S04312,2025-10-06,CUST0066,Google Ads,Mobile,1,0,0,0
S04313,2025-11-29,CUST0131,Direct,Mobile,1,0,0,0
S04314,2025-02-04,CUST0779,Google Ads,Mobile,1,0,0,0
S04315,2025-09-23,CUST0901,Google Ads,Mobile,1,1,1,1
S04316,2025-08-20,CUST0828,Organic,Mobile,1,1,1,1
S04317,2025-02-07,CUST0386,Direct,Mobile,0,0,0,0
S04318,2025-03-24,CUST0092,Organic,Mobile,1,1,1,0
S04319,2025-02-01,CUST0077,Direct,Mobile,1,1,0,0
S04320,2025-02-23,CUST0750,Direct,Mobile,1,0,0,0
S04321,2025-08-13,CUST0252,Direct,Desktop,1,0,0,0
S04322,2025-11-09,CUST0739,Email,Desktop,1,1,0,0
S04323,2025-04-17,CUST0872,Google Ads,Mobile,0,0,0,0
S04324,2025-01-25,CUST0320,Direct,Mobile,0,0,0,0
S04325,2025-02-14,CUST0653,Direct,Mobile,1,0,0,0
S04326,2025-04-28,CUST0054,Direct,Tablet,1,1,1,1
S04327,2025-10-21,CUST0652,Organic,Desktop,1,1,1,1
S04328,2025-05-05,CUST0658,Instagram,Desktop,1,0,0,0
S04329,2025-02-05,CUST0786,Direct,Desktop,1,1,0,0
S04330,2025-12-10,CUST0145,Email,Desktop,1,1,0,0
S04331,2025-06-16,CUST0679,Organic,Mobile,1,1,1,1
S04332,2025-09-26,CUST0086,Instagram,Mobile,1,1,1,1
S04333,2025-07-13,CUST0141,Organic,Desktop,1,0,0,0
S04334,2025-05-04,CUST0045,Direct,Mobile,0,0,0,0
S04335,2025-09-28,CUST0640,Email,Desktop,1,1,1,1
S04336,2025-02-27,CUST0870,Instagram,Mobile,1,1,1,1
S04337,2025-02-28,CUST0117,Email,Mobile,0,0,0,0
S04338,2025-11-04,CUST0147,Direct,Mobile,1,0,0,0
S04339,2025-08-05,CUST0984,Instagram,Mobile,0,0,0,0
S04340,2025-03-10,CUST0659,Instagram,Mobile,1,0,0,0
S04341,2025-09-01,CUST0021,Google Ads,Mobile,1,1,1,0
S04342,2025-04-13,CUST0536,Email,Desktop,1,0,0,0
S04343,2025-01-05,CUST0158,Direct,Mobile,1,0,0,0
S04344,2025-10-26,CUST0476,Organic,Mobile,1,1,0,0
S04345,2025-09-21,CUST0048,Instagram,Mobile,1,1,1,0
S04346,2025-08-29,CUST0419,Instagram,Desktop,1,1,1,1
S04347,2025-11-30,CUST0110,Email,Desktop,1,0,0,0
S04348,2025-12-15,CUST0571,Direct,Mobile,1,0,0,0
S04349,2025-08-10,CUST0998,Organic,Mobile,1,0,0,0
S04350,2025-11-15,CUST0529,Email,Tablet,0,0,0,0
S04351,2025-08-17,CUST0304,Direct,Mobile,1,1,1,1
S04352,2025-02-01,CUST0482,Organic,Mobile,0,0,0,0
S04353,2025-12-19,CUST0567,Google Ads,Desktop,0,0,0,0
S04354,2025-01-24,CUST0137,Organic,Mobile,1,0,0,0
S04355,2025-11-02,CUST0077,Instagram,Desktop,1,0,0,0
S04356,2025-07-06,CUST0270,Organic,Mobile,1,1,0,0
S04357,2025-05-08,CUST0922,Email,Mobile,1,1,1,1
S04358,2025-04-22,CUST0692,Instagram,Desktop,1,1,1,1
S04359,2025-10-21,CUST0085,Google Ads,Mobile,1,0,0,0
S04360,2025-05-29,CUST0812,Google Ads,Mobile,0,0,0,0
S04361,2025-05-31,CUST0468,Email,Desktop,1,0,0,0
S04362,2025-06-23,CUST0651,Direct,Mobile,0,0,0,0
S04363,2025-07-16,CUST0819,Instagram,Mobile,0,0,0,0
S04364,2025-09-12,CUST0682,Google Ads,Mobile,1,0,0,0
S04365,2025-06-17,CUST0242,Google Ads,Mobile,1,1,1,1
S04366,2025-03-23,CUST0958,Instagram,Tablet,0,0,0,0
S04367,2025-03-11,CUST0931,Google Ads,Mobile,1,0,0,0
S04368,2025-11-21,CUST0064,Organic,Desktop,0,0,0,0
S04369,2025-01-13,CUST0240,Instagram,Mobile,1,0,0,0
S04370,2025-04-29,CUST0095,Instagram,Mobile,1,1,1,1
S04371,2025-07-31,CUST0658,Direct,Mobile,1,1,1,1
S04372,2025-04-12,CUST0398,Instagram,Desktop,0,0,0,0
S04373,2025-10-04,CUST0888,Organic,Mobile,1,1,1,0
S04374,2025-07-15,CUST0049,Google Ads,Desktop,1,1,1,0
S04375,2025-03-18,CUST0453,Direct,Desktop,1,1,1,1
S04376,2025-12-04,CUST0145,Instagram,Mobile,1,0,0,0
S04377,2025-11-29,CUST0917,Direct,Mobile,1,0,0,0
S04378,2025-07-24,CUST0398,Instagram,Mobile,1,1,1,1
S04379,2025-08-17,CUST0771,Email,Mobile,0,0,0,0
S04380,2025-07-08,CUST0671,Organic,Mobile,1,0,0,0
S04381,2025-04-09,CUST0729,Organic,Mobile,1,1,1,1
S04382,2025-08-06,CUST0303,Email,Mobile,1,0,0,0
S04383,2025-07-13,CUST0428,Instagram,Tablet,1,1,1,1
S04384,2025-02-12,CUST0017,Instagram,Desktop,1,1,1,1
S04385,2025-05-04,CUST0986,Google Ads,Mobile,1,1,1,1
S04386,2025-01-20,CUST0081,Direct,Desktop,1,0,0,0
S04387,2025-11-07,CUST0184,Organic,Mobile,0,0,0,0
S04388,2025-11-26,CUST0467,Instagram,Desktop,1,0,0,0
S04389,2025-11-24,CUST0283,Google Ads,Desktop,1,0,0,0
S04390,2025-06-17,CUST0071,Email,Mobile,1,1,1,0
S04391,2025-02-15,CUST0090,Email,Desktop,1,0,0,0
S04392,2025-08-11,CUST0709,Google Ads,Mobile,0,0,0,0
S04393,2025-03-20,CUST0642,Google Ads,Desktop,1,1,1,1
S04394,2025-06-19,CUST0592,Organic,Mobile,0,0,0,0
S04395,2025-09-03,CUST0958,Direct,Mobile,1,0,0,0
S04396,2025-09-28,CUST0365,Organic,Desktop,1,0,0,0
S04397,2025-04-09,CUST0203,Instagram,Tablet,1,1,0,0
S04398,2025-11-18,CUST0231,Organic,Mobile,1,1,0,0
S04399,2025-05-21,CUST0599,Organic,Mobile,1,0,0,0
S04400,2025-04-19,CUST0739,Instagram,Desktop,1,1,1,1
S04401,2025-11-09,CUST0006,Email,Mobile,0,0,0,0
S04402,2025-05-17,CUST0357,Google Ads,Mobile,1,1,1,0
S04403,2025-05-01,CUST0449,Direct,Desktop,1,1,0,0
S04404,2025-04-09,CUST0737,Google Ads,Desktop,0,0,0,0
S04405,2025-03-07,CUST0146,Instagram,Mobile,1,0,0,0
S04406,2025-05-24,CUST0055,Google Ads,Mobile,0,0,0,0
S04407,2025-04-20,CUST0067,Instagram,Mobile,1,0,0,0
S04408,2025-05-10,CUST0697,Organic,Mobile,1,1,1,1
S04409,2025-11-24,CUST0147,Direct,Mobile,1,1,1,1
S04410,2025-09-14,CUST0586,Google Ads,Mobile,1,0,0,0
S04411,2025-07-29,CUST0980,Email,Mobile,1,0,0,0
S04412,2025-09-03,CUST0651,Direct,Mobile,1,0,0,0
S04413,2025-12-27,CUST0736,Instagram,Mobile,1,1,1,1
S04414,2025-06-03,CUST0232,Email,Desktop,1,1,1,1
S04415,2025-05-13,CUST0468,Email,Mobile,1,0,0,0
S04416,2025-01-21,CUST0695,Direct,Mobile,1,1,0,0
S04417,2025-02-04,CUST0096,Organic,Mobile,1,1,1,0
S04418,2025-12-26,CUST0491,Direct,Mobile,1,1,1,1
S04419,2025-11-06,CUST0933,Instagram,Mobile,1,1,1,1
S04420,2025-08-12,CUST0854,Email,Mobile,1,0,0,0
S04421,2025-05-04,CUST0248,Organic,Desktop,1,1,1,0
S04422,2025-08-28,CUST0132,Direct,Desktop,1,1,1,1
S04423,2025-12-30,CUST0525,Instagram,Desktop,1,0,0,0
S04424,2025-10-27,CUST0070,Email,Mobile,1,1,0,0
S04425,2025-12-07,CUST0349,Direct,Mobile,1,0,0,0
S04426,2025-01-04,CUST0442,Instagram,Mobile,1,1,1,1
S04427,2025-05-03,CUST0256,Instagram,Mobile,1,0,0,0
S04428,2025-02-11,CUST0386,Instagram,Tablet,0,0,0,0
S04429,2025-06-18,CUST0505,Instagram,Desktop,0,0,0,0
S04430,2025-10-07,CUST0700,Google Ads,Mobile,1,0,0,0
S04431,2025-08-13,CUST0601,Google Ads,Desktop,0,0,0,0
S04432,2025-07-04,CUST0416,Organic,Mobile,1,1,1,1
S04433,2025-11-19,CUST0319,Email,Desktop,1,1,1,1
S04434,2025-01-11,CUST0316,Instagram,Mobile,1,0,0,0
S04435,2025-06-22,CUST0666,Direct,Desktop,1,1,0,0
S04436,2025-04-06,CUST0986,Direct,Desktop,1,1,1,1
S04437,2025-10-05,CUST0998,Email,Mobile,1,0,0,0
S04438,2025-05-19,CUST0662,Direct,Desktop,0,0,0,0
S04439,2025-06-15,CUST0330,Direct,Mobile,1,1,0,0
S04440,2025-07-06,CUST0983,Google Ads,Mobile,1,0,0,0
S04441,2025-03-27,CUST0132,Direct,Mobile,1,1,0,0
S04442,2025-08-19,CUST0144,Direct,Mobile,0,0,0,0
S04443,2025-05-18,CUST0247,Organic,Mobile,1,0,0,0
S04444,2025-01-19,CUST0063,Google Ads,Mobile,1,1,1,1
S04445,2025-12-04,CUST0682,Organic,Mobile,1,0,0,0
S04446,2025-06-05,CUST0929,Email,Desktop,1,0,0,0
S04447,2025-04-05,CUST0909,Email,Mobile,1,1,1,1
S04448,2025-01-17,CUST0814,Direct,Desktop,1,0,0,0
S04449,2025-10-07,CUST0503,Email,Desktop,1,1,1,0
S04450,2025-09-18,CUST0236,Google Ads,Mobile,0,0,0,0
S04451,2025-06-09,CUST0397,Organic,Desktop,1,1,1,0
S04452,2025-11-05,CUST0801,Organic,Desktop,1,1,1,1
S04453,2025-03-22,CUST0123,Google Ads,Mobile,1,0,0,0
S04454,2025-07-04,CUST0270,Direct,Mobile,1,0,0,0
S04455,2025-08-01,CUST0008,Email,Mobile,1,1,1,1
S04456,2025-12-08,CUST0730,Direct,Mobile,1,1,1,0
S04457,2025-12-25,CUST0342,Direct,Desktop,1,0,0,0
S04458,2025-06-16,CUST0686,Organic,Desktop,1,1,1,1
S04459,2025-07-25,CUST0638,Organic,Mobile,0,0,0,0
S04460,2025-12-02,CUST0897,Google Ads,Mobile,1,0,0,0
S04461,2025-09-18,CUST0315,Organic,Mobile,1,0,0,0
S04462,2025-10-01,CUST0828,Organic,Mobile,1,0,0,0
S04463,2025-08-24,CUST0561,Instagram,Mobile,0,0,0,0
S04464,2025-08-31,CUST0336,Organic,Tablet,1,1,0,0
S04465,2025-08-08,CUST0748,Google Ads,Mobile,1,1,1,1
S04466,2025-12-31,CUST0861,Instagram,Mobile,1,0,0,0
S04467,2025-12-13,CUST0829,Instagram,Desktop,1,1,1,1
S04468,2025-03-11,CUST0256,Organic,Desktop,1,1,1,0
S04469,2025-08-01,CUST0116,Google Ads,Mobile,1,0,0,0
S04470,2025-12-03,CUST0791,Google Ads,Desktop,0,0,0,0
S04471,2025-10-14,CUST0389,Direct,Mobile,1,1,1,1
S04472,2025-08-14,CUST0085,Instagram,Desktop,1,0,0,0
S04473,2025-09-26,CUST0632,Organic,Mobile,0,0,0,0
S04474,2025-10-06,CUST0896,Email,Mobile,1,1,1,1
S04475,2025-09-06,CUST0050,Instagram,Mobile,1,1,1,1
S04476,2025-11-17,CUST0164,Google Ads,Tablet,1,1,1,0
S04477,2025-07-15,CUST0148,Direct,Mobile,1,1,1,1
S04478,2025-01-30,CUST0555,Organic,Mobile,1,1,1,1
S04479,2025-10-30,CUST0136,Organic,Mobile,1,1,1,1
S04480,2025-05-11,CUST0758,Organic,Mobile,1,1,1,1
S04481,2025-01-12,CUST0218,Instagram,Mobile,0,0,0,0
S04482,2025-01-16,CUST0937,Organic,Mobile,0,0,0,0
S04483,2025-04-27,CUST0506,Instagram,Mobile,1,1,1,1
S04484,2025-05-29,CUST0793,Email,Desktop,1,0,0,0
S04485,2025-04-19,CUST0372,Organic,Mobile,1,0,0,0
S04486,2025-08-24,CUST0234,Organic,Mobile,1,0,0,0
S04487,2025-11-10,CUST0775,Google Ads,Mobile,1,0,0,0
S04488,2025-01-05,CUST0115,Google Ads,Mobile,0,0,0,0
S04489,2025-06-29,CUST0854,Google Ads,Desktop,1,1,1,1
S04490,2025-12-03,CUST0189,Google Ads,Mobile,1,0,0,0
S04491,2025-01-01,CUST0417,Email,Mobile,1,0,0,0
S04492,2025-01-08,CUST0197,Google Ads,Mobile,1,1,1,1
S04493,2025-05-24,CUST0550,Google Ads,Desktop,1,1,1,1
S04494,2025-05-23,CUST0524,Organic,Tablet,1,1,0,0
S04495,2025-10-02,CUST0636,Direct,Desktop,1,1,1,1
S04496,2025-06-02,CUST0556,Instagram,Mobile,1,1,0,0
S04497,2025-10-14,CUST0821,Direct,Desktop,1,1,1,1
S04498,2025-05-10,CUST0014,Instagram,Mobile,1,0,0,0
S04499,2025-05-01,CUST0967,Email,Mobile,1,1,1,0
S04500,2025-02-28,CUST0860,Google Ads,Desktop,1,1,0,0
S04501,2025-08-05,CUST0564,Instagram,Mobile,1,1,1,1
S04502,2025-01-31,CUST0245,Google Ads,Mobile,1,1,1,1
S04503,2025-09-01,CUST0692,Google Ads,Mobile,1,1,1,1
S04504,2025-05-20,CUST0302,Instagram,Mobile,1,0,0,0
S04505,2025-08-01,CUST0464,Instagram,Desktop,1,1,1,1
S04506,2025-01-29,CUST0937,Organic,Mobile,1,0,0,0
S04507,2025-06-13,CUST0642,Organic,Mobile,1,0,0,0
S04508,2025-04-14,CUST0433,Instagram,Desktop,0,0,0,0
S04509,2025-03-04,CUST0991,Direct,Desktop,1,1,1,1
S04510,2025-01-15,CUST0612,Google Ads,Desktop,1,1,1,0
S04511,2025-10-13,CUST0462,Email,Desktop,0,0,0,0
S04512,2025-06-28,CUST0878,Email,Mobile,0,0,0,0
S04513,2025-01-11,CUST0284,Direct,Mobile,0,0,0,0
S04514,2025-01-13,CUST0623,Google Ads,Desktop,0,0,0,0
S04515,2025-08-03,CUST0800,Google Ads,Mobile,0,0,0,0
S04516,2025-11-07,CUST0604,Instagram,Mobile,1,1,1,1
S04517,2025-08-14,CUST0588,Google Ads,Desktop,1,1,1,0
S04518,2025-03-04,CUST0717,Email,Mobile,1,0,0,0
S04519,2025-09-12,CUST0534,Organic,Desktop,1,1,1,1
S04520,2025-05-10,CUST0682,Google Ads,Tablet,1,1,0,0
S04521,2025-09-20,CUST0368,Instagram,Mobile,1,0,0,0
S04522,2025-06-20,CUST0157,Organic,Mobile,1,1,1,1
S04523,2025-07-09,CUST0734,Instagram,Tablet,1,1,1,1
S04524,2025-10-11,CUST0463,Google Ads,Mobile,1,0,0,0
S04525,2025-01-25,CUST0872,Google Ads,Desktop,0,0,0,0
S04526,2025-06-09,CUST0580,Instagram,Mobile,1,1,1,1
S04527,2025-08-05,CUST0161,Google Ads,Desktop,1,0,0,0
S04528,2025-06-25,CUST0174,Email,Mobile,1,1,0,0
S04529,2025-12-02,CUST0905,Instagram,Mobile,1,1,1,1
S04530,2025-08-09,CUST0499,Direct,Mobile,1,1,1,0
S04531,2025-10-07,CUST0550,Organic,Mobile,1,1,1,1
S04532,2025-03-22,CUST0336,Instagram,Mobile,1,1,0,0
S04533,2025-05-05,CUST0026,Organic,Mobile,0,0,0,0
S04534,2025-06-19,CUST0766,Google Ads,Desktop,1,0,0,0
S04535,2025-03-11,CUST0504,Organic,Mobile,1,0,0,0
S04536,2025-03-19,CUST0299,Email,Desktop,1,0,0,0
S04537,2025-03-31,CUST0437,Direct,Mobile,1,0,0,0
S04538,2025-12-14,CUST0795,Organic,Desktop,1,0,0,0
S04539,2025-04-21,CUST0759,Direct,Desktop,1,0,0,0
S04540,2025-06-13,CUST0011,Google Ads,Mobile,1,1,1,1
S04541,2025-05-08,CUST0238,Organic,Mobile,1,1,0,0
S04542,2025-06-04,CUST0619,Email,Mobile,1,1,1,1
S04543,2025-07-13,CUST0410,Organic,Desktop,0,0,0,0
S04544,2025-06-22,CUST0334,Email,Mobile,0,0,0,0
S04545,2025-10-27,CUST0313,Direct,Mobile,1,0,0,0
S04546,2025-11-09,CUST0001,Direct,Desktop,0,0,0,0
S04547,2025-01-21,CUST0523,Organic,Desktop,1,0,0,0
S04548,2025-11-07,CUST0670,Organic,Desktop,1,0,0,0
S04549,2025-04-19,CUST0088,Direct,Mobile,1,0,0,0
S04550,2025-12-26,CUST0242,Email,Mobile,1,1,1,1
S04551,2025-05-09,CUST0132,Email,Desktop,0,0,0,0
S04552,2025-10-07,CUST0598,Email,Desktop,1,1,1,0
S04553,2025-01-27,CUST0622,Email,Mobile,1,0,0,0
S04554,2025-12-10,CUST0328,Google Ads,Mobile,0,0,0,0
S04555,2025-04-02,CUST0111,Direct,Desktop,0,0,0,0
S04556,2025-10-22,CUST0720,Organic,Mobile,1,1,1,1
S04557,2025-02-24,CUST0289,Email,Mobile,1,0,0,0
S04558,2025-07-15,CUST0417,Google Ads,Desktop,1,1,1,1
S04559,2025-08-09,CUST0074,Direct,Tablet,1,1,1,1
S04560,2025-10-28,CUST0834,Direct,Mobile,1,1,1,1
S04561,2025-06-05,CUST0761,Instagram,Mobile,1,0,0,0
S04562,2025-04-11,CUST0108,Email,Mobile,1,1,1,1
S04563,2025-08-24,CUST0516,Direct,Mobile,1,1,0,0
S04564,2025-10-12,CUST0727,Instagram,Mobile,1,1,0,0
S04565,2025-03-10,CUST0691,Direct,Mobile,1,1,1,1
S04566,2025-09-24,CUST0667,Google Ads,Mobile,1,1,1,1
S04567,2025-05-18,CUST0801,Instagram,Mobile,1,1,0,0
S04568,2025-09-05,CUST0737,Direct,Mobile,1,1,1,1
S04569,2025-04-13,CUST0105,Direct,Mobile,0,0,0,0
S04570,2025-04-18,CUST0382,Instagram,Tablet,1,1,0,0
S04571,2025-07-19,CUST0596,Email,Tablet,1,0,0,0
S04572,2025-08-03,CUST0077,Organic,Desktop,1,1,1,1
S04573,2025-06-04,CUST0203,Instagram,Desktop,1,1,1,1
S04574,2025-03-28,CUST0851,Organic,Desktop,1,1,1,0
S04575,2025-07-28,CUST0501,Instagram,Desktop,1,0,0,0
S04576,2025-06-27,CUST0241,Direct,Mobile,1,1,0,0
S04577,2025-03-15,CUST0800,Email,Desktop,1,0,0,0
S04578,2025-09-15,CUST0707,Email,Mobile,1,1,1,1
S04579,2025-09-30,CUST0372,Organic,Desktop,1,1,1,1
S04580,2025-12-17,CUST0205,Google Ads,Mobile,1,1,1,1
S04581,2025-12-02,CUST0412,Instagram,Desktop,1,0,0,0
S04582,2025-01-24,CUST0214,Email,Desktop,1,1,1,1
S04583,2025-11-09,CUST0441,Organic,Mobile,1,1,1,1
S04584,2025-03-12,CUST0531,Instagram,Desktop,1,1,1,1
S04585,2025-03-24,CUST0671,Direct,Mobile,1,1,1,1
S04586,2025-12-19,CUST0212,Organic,Mobile,1,1,1,1
S04587,2025-10-19,CUST0053,Google Ads,Mobile,1,1,1,1
S04588,2025-10-28,CUST0511,Instagram,Mobile,1,0,0,0
S04589,2025-01-10,CUST0088,Organic,Tablet,1,1,0,0
S04590,2025-11-15,CUST0672,Instagram,Mobile,1,1,0,0
S04591,2025-02-12,CUST0009,Direct,Mobile,1,0,0,0
S04592,2025-02-20,CUST0691,Direct,Mobile,1,0,0,0
S04593,2025-07-26,CUST0083,Instagram,Mobile,1,0,0,0
S04594,2025-04-17,CUST0663,Google Ads,Mobile,1,1,1,1
S04595,2025-09-16,CUST0025,Google Ads,Mobile,1,0,0,0
S04596,2025-07-13,CUST0225,Instagram,Mobile,0,0,0,0
S04597,2025-08-23,CUST0497,Instagram,Desktop,1,0,0,0
S04598,2025-06-12,CUST0430,Google Ads,Desktop,1,1,1,1
S04599,2025-03-10,CUST0428,Email,Mobile,1,0,0,0
S04600,2025-12-01,CUST0194,Instagram,Tablet,1,0,0,0
S04601,2025-10-19,CUST0118,Email,Desktop,1,1,0,0
S04602,2025-11-01,CUST0835,Direct,Mobile,1,0,0,0
S04603,2025-09-14,CUST0895,Organic,Tablet,1,0,0,0
S04604,2025-11-25,CUST0924,Organic,Desktop,1,1,0,0
S04605,2025-07-04,CUST0760,Direct,Desktop,1,1,1,0
S04606,2025-09-12,CUST0997,Organic,Desktop,1,0,0,0
S04607,2025-04-26,CUST0995,Email,Mobile,1,1,1,1
S04608,2025-01-14,CUST0078,Google Ads,Tablet,1,1,1,1
S04609,2025-08-03,CUST0152,Organic,Mobile,0,0,0,0
S04610,2025-04-03,CUST0056,Organic,Mobile,1,1,1,0
S04611,2025-08-22,CUST0818,Google Ads,Mobile,1,1,0,0
S04612,2025-06-29,CUST0357,Organic,Mobile,1,1,0,0
S04613,2025-02-23,CUST0259,Direct,Mobile,1,0,0,0
S04614,2025-11-01,CUST0535,Google Ads,Mobile,1,1,1,1
S04615,2025-01-30,CUST0674,Instagram,Mobile,1,1,1,0
S04616,2025-01-12,CUST0777,Organic,Mobile,1,1,1,1
S04617,2025-04-21,CUST0594,Direct,Desktop,1,1,1,1
S04618,2025-04-22,CUST0571,Email,Desktop,1,1,1,1
S04619,2025-06-18,CUST0578,Email,Mobile,1,0,0,0
S04620,2025-04-14,CUST0406,Organic,Mobile,1,1,1,0
S04621,2025-01-11,CUST0115,Google Ads,Mobile,1,1,1,1
S04622,2025-12-13,CUST0803,Direct,Mobile,1,0,0,0
S04623,2025-11-25,CUST0927,Email,Mobile,1,1,0,0
S04624,2025-09-29,CUST0474,Organic,Desktop,1,1,1,1
S04625,2025-01-14,CUST0754,Direct,Desktop,0,0,0,0
S04626,2025-06-24,CUST0334,Organic,Mobile,1,1,0,0
S04627,2025-06-07,CUST0621,Google Ads,Mobile,1,1,1,0
S04628,2025-04-20,CUST0816,Direct,Desktop,1,1,1,1
S04629,2025-06-01,CUST0309,Direct,Mobile,0,0,0,0
S04630,2025-08-22,CUST0988,Email,Mobile,0,0,0,0
S04631,2025-05-21,CUST0331,Direct,Mobile,1,1,1,0
S04632,2025-04-29,CUST0544,Email,Mobile,1,0,0,0
S04633,2025-01-09,CUST0725,Organic,Mobile,1,0,0,0
S04634,2025-06-26,CUST0983,Instagram,Mobile,1,1,1,1
S04635,2025-02-18,CUST0504,Instagram,Mobile,1,1,1,1
S04636,2025-10-25,CUST0088,Google Ads,Mobile,1,1,1,0
S04637,2025-11-29,CUST0908,Instagram,Mobile,1,1,0,0
S04638,2025-05-29,CUST0574,Direct,Desktop,1,0,0,0
S04639,2025-06-06,CUST0003,Instagram,Mobile,1,1,1,0
S04640,2025-04-02,CUST0774,Email,Mobile,1,0,0,0
S04641,2025-06-01,CUST0383,Direct,Mobile,1,0,0,0
S04642,2025-06-19,CUST0624,Email,Mobile,1,1,1,0
S04643,2025-03-25,CUST0524,Organic,Desktop,1,1,0,0
S04644,2025-12-25,CUST0565,Direct,Desktop,1,1,1,1
S04645,2025-11-23,CUST0148,Organic,Mobile,1,1,0,0
S04646,2025-02-17,CUST0506,Organic,Tablet,1,0,0,0
S04647,2025-12-01,CUST0646,Organic,Mobile,1,1,1,1
S04648,2025-08-05,CUST0084,Email,Mobile,1,1,1,1
S04649,2025-03-18,CUST0398,Direct,Mobile,1,1,1,1
S04650,2025-02-12,CUST0184,Instagram,Mobile,0,0,0,0
S04651,2025-09-21,CUST0169,Direct,Mobile,1,1,1,1
S04652,2025-03-04,CUST0561,Organic,Desktop,1,0,0,0
S04653,2025-09-02,CUST0108,Instagram,Mobile,1,1,1,1
S04654,2025-04-30,CUST0193,Google Ads,Mobile,1,1,1,0
S04655,2025-11-15,CUST0852,Direct,Mobile,1,1,1,1
S04656,2025-09-19,CUST0214,Instagram,Mobile,0,0,0,0
S04657,2025-11-26,CUST0360,Organic,Mobile,0,0,0,0
S04658,2025-09-07,CUST0095,Google Ads,Mobile,1,0,0,0
S04659,2025-02-21,CUST0543,Google Ads,Mobile,1,0,0,0
S04660,2025-10-04,CUST0156,Organic,Desktop,1,1,0,0
S04661,2025-05-22,CUST0524,Organic,Mobile,1,1,1,1
S04662,2025-09-08,CUST0272,Instagram,Mobile,1,0,0,0
S04663,2025-11-10,CUST0737,Email,Mobile,1,0,0,0
S04664,2025-08-13,CUST0163,Instagram,Mobile,0,0,0,0
S04665,2025-06-02,CUST0556,Organic,Mobile,0,0,0,0
S04666,2025-02-25,CUST0836,Organic,Desktop,1,0,0,0
S04667,2025-12-05,CUST0906,Instagram,Mobile,1,1,1,1
S04668,2025-01-09,CUST0738,Google Ads,Mobile,1,1,1,1
S04669,2025-08-29,CUST0765,Organic,Desktop,1,0,0,0
S04670,2025-06-13,CUST0745,Organic,Desktop,1,1,1,1
S04671,2025-05-13,CUST0771,Organic,Mobile,1,1,0,0
S04672,2025-03-22,CUST0799,Email,Mobile,1,1,1,0
S04673,2025-12-16,CUST0180,Google Ads,Mobile,1,1,1,1
S04674,2025-05-15,CUST0223,Instagram,Mobile,1,1,1,1
S04675,2025-05-14,CUST0116,Organic,Mobile,1,1,1,0
S04676,2025-02-21,CUST0961,Email,Mobile,1,0,0,0
S04677,2025-07-21,CUST0005,Organic,Mobile,0,0,0,0
S04678,2025-07-17,CUST0773,Organic,Mobile,1,1,1,1
S04679,2025-04-16,CUST0066,Direct,Mobile,0,0,0,0
S04680,2025-11-07,CUST0527,Google Ads,Mobile,1,0,0,0
S04681,2025-09-01,CUST0449,Email,Desktop,1,1,0,0
S04682,2025-08-21,CUST0149,Direct,Mobile,1,1,1,0
S04683,2025-01-14,CUST0101,Direct,Desktop,1,1,0,0
S04684,2025-08-13,CUST0967,Google Ads,Desktop,1,0,0,0
S04685,2025-07-30,CUST0267,Organic,Mobile,1,1,1,1
S04686,2025-07-20,CUST0730,Google Ads,Mobile,1,1,1,1
S04687,2025-06-14,CUST0554,Google Ads,Mobile,0,0,0,0
S04688,2025-02-18,CUST0066,Organic,Desktop,1,1,0,0
S04689,2025-05-13,CUST0350,Instagram,Desktop,1,1,1,0
S04690,2025-03-11,CUST0829,Instagram,Mobile,0,0,0,0
S04691,2025-04-29,CUST0828,Organic,Mobile,0,0,0,0
S04692,2025-05-19,CUST0910,Organic,Desktop,1,1,1,1
S04693,2025-08-31,CUST0120,Email,Mobile,1,1,1,1
S04694,2025-06-30,CUST0245,Direct,Tablet,1,0,0,0
S04695,2025-07-02,CUST0389,Instagram,Mobile,1,1,1,0
S04696,2025-12-01,CUST0287,Organic,Desktop,1,1,1,1
S04697,2025-02-19,CUST0048,Direct,Mobile,1,1,1,0
S04698,2025-06-30,CUST0800,Organic,Mobile,1,0,0,0
S04699,2025-05-05,CUST0825,Instagram,Mobile,1,0,0,0
S04700,2025-08-19,CUST0767,Instagram,Tablet,1,1,1,1
S04701,2025-11-07,CUST0418,Organic,Mobile,1,1,1,1
S04702,2025-12-14,CUST0970,Google Ads,Mobile,1,1,1,1
S04703,2025-01-03,CUST0351,Direct,Desktop,1,1,1,1
S04704,2025-06-22,CUST0155,Google Ads,Desktop,1,1,1,1
S04705,2025-03-22,CUST0338,Direct,Mobile,1,0,0,0
S04706,2025-10-02,CUST0261,Organic,Mobile,1,1,1,1
S04707,2025-11-11,CUST0529,Direct,Mobile,1,0,0,0
S04708,2025-12-11,CUST0203,Instagram,Desktop,1,1,1,0
S04709,2025-08-07,CUST0965,Instagram,Mobile,1,1,1,0
S04710,2025-05-20,CUST0885,Organic,Mobile,1,1,1,1
S04711,2025-03-04,CUST0440,Direct,Mobile,1,1,0,0
S04712,2025-01-27,CUST0166,Email,Desktop,1,1,1,1
S04713,2025-07-15,CUST0379,Instagram,Mobile,1,1,1,0
S04714,2025-06-01,CUST0438,Instagram,Mobile,0,0,0,0
S04715,2025-09-09,CUST0048,Direct,Mobile,1,0,0,0
S04716,2025-09-05,CUST0229,Direct,Desktop,1,0,0,0
S04717,2025-06-03,CUST0725,Google Ads,Mobile,1,0,0,0
S04718,2025-07-29,CUST0728,Instagram,Mobile,1,0,0,0
S04719,2025-01-22,CUST0990,Organic,Mobile,1,1,1,1
S04720,2025-03-11,CUST0976,Organic,Desktop,1,0,0,0
S04721,2025-01-19,CUST0817,Organic,Tablet,1,1,1,1
S04722,2025-04-11,CUST0681,Instagram,Mobile,0,0,0,0
S04723,2025-06-11,CUST0022,Instagram,Desktop,1,0,0,0
S04724,2025-05-19,CUST0953,Google Ads,Mobile,1,1,0,0
S04725,2025-03-29,CUST0962,Direct,Desktop,1,1,1,1
S04726,2025-02-06,CUST0275,Direct,Mobile,0,0,0,0
S04727,2025-06-20,CUST0113,Google Ads,Mobile,1,0,0,0
S04728,2025-09-17,CUST0869,Organic,Mobile,1,1,1,1
S04729,2025-12-04,CUST0898,Organic,Desktop,1,1,1,1
S04730,2025-09-28,CUST0715,Direct,Desktop,1,1,0,0
S04731,2025-09-12,CUST0545,Instagram,Mobile,1,0,0,0
S04732,2025-05-20,CUST0969,Instagram,Tablet,0,0,0,0
S04733,2025-03-09,CUST0955,Organic,Desktop,1,1,0,0
S04734,2025-03-09,CUST0089,Instagram,Desktop,1,0,0,0
S04735,2025-06-18,CUST0646,Instagram,Desktop,1,1,1,0
S04736,2025-04-15,CUST0011,Instagram,Mobile,1,0,0,0
S04737,2025-11-11,CUST0027,Google Ads,Mobile,1,1,1,1
S04738,2025-02-27,CUST0456,Instagram,Tablet,1,1,1,1
S04739,2025-07-06,CUST0941,Instagram,Mobile,1,1,0,0
S04740,2025-02-25,CUST0031,Organic,Desktop,1,1,1,1
S04741,2025-01-04,CUST0603,Organic,Desktop,0,0,0,0
S04742,2025-10-12,CUST0447,Instagram,Mobile,1,1,0,0
S04743,2025-01-17,CUST0428,Organic,Desktop,1,0,0,0
S04744,2025-08-25,CUST0681,Instagram,Mobile,1,0,0,0
S04745,2025-11-03,CUST0559,Direct,Desktop,1,1,1,1
S04746,2025-09-07,CUST0965,Instagram,Mobile,0,0,0,0
S04747,2025-01-24,CUST0591,Organic,Mobile,1,1,0,0
S04748,2025-10-27,CUST0514,Direct,Desktop,1,1,1,0
S04749,2025-04-26,CUST0399,Google Ads,Mobile,1,1,0,0
S04750,2025-08-26,CUST0991,Direct,Mobile,1,1,0,0
S04751,2025-06-18,CUST0532,Instagram,Desktop,1,0,0,0
S04752,2025-11-09,CUST0387,Organic,Mobile,0,0,0,0
S04753,2025-10-15,CUST0618,Instagram,Mobile,1,1,1,1
S04754,2025-08-29,CUST0807,Direct,Desktop,1,0,0,0
S04755,2025-12-30,CUST0330,Organic,Mobile,1,0,0,0
S04756,2025-10-25,CUST0602,Instagram,Desktop,0,0,0,0
S04757,2025-10-17,CUST0138,Email,Mobile,1,1,1,1
S04758,2025-09-08,CUST0680,Email,Mobile,1,0,0,0
S04759,2025-06-14,CUST0653,Direct,Mobile,1,1,1,1
S04760,2025-12-07,CUST0725,Direct,Desktop,1,1,1,1
S04761,2025-05-21,CUST0482,Email,Mobile,1,0,0,0
S04762,2025-04-30,CUST0300,Instagram,Desktop,1,0,0,0
S04763,2025-12-04,CUST0032,Google Ads,Mobile,1,1,1,0
S04764,2025-06-10,CUST0457,Instagram,Mobile,1,1,1,0
S04765,2025-04-15,CUST0542,Instagram,Mobile,0,0,0,0
S04766,2025-12-04,CUST0385,Instagram,Desktop,0,0,0,0
S04767,2025-04-02,CUST0821,Organic,Desktop,1,1,1,0
S04768,2025-07-23,CUST0332,Instagram,Desktop,0,0,0,0
S04769,2025-02-09,CUST0044,Direct,Mobile,1,1,1,1
S04770,2025-02-23,CUST0547,Direct,Mobile,0,0,0,0
S04771,2025-03-30,CUST0984,Google Ads,Desktop,1,1,1,1
S04772,2025-05-15,CUST0424,Organic,Mobile,1,1,0,0
S04773,2025-01-02,CUST0045,Direct,Desktop,1,0,0,0
S04774,2025-04-07,CUST0956,Instagram,Tablet,1,1,1,1
S04775,2025-02-25,CUST0380,Google Ads,Mobile,1,0,0,0
S04776,2025-12-26,CUST0497,Direct,Mobile,1,1,1,1
S04777,2025-05-04,CUST0884,Instagram,Desktop,1,1,0,0
S04778,2025-07-04,CUST0892,Direct,Desktop,1,0,0,0
S04779,2025-05-05,CUST0959,Instagram,Mobile,1,0,0,0
S04780,2025-11-30,CUST0138,Direct,Desktop,1,1,1,1
S04781,2025-09-21,CUST0559,Instagram,Desktop,1,1,0,0
S04782,2025-12-06,CUST0408,Instagram,Mobile,1,0,0,0
S04783,2025-07-10,CUST0185,Google Ads,Desktop,1,1,1,0
S04784,2025-12-04,CUST0489,Instagram,Mobile,1,0,0,0
S04785,2025-08-03,CUST0018,Instagram,Mobile,1,0,0,0
S04786,2025-08-09,CUST0697,Google Ads,Mobile,1,1,1,1
S04787,2025-07-18,CUST0072,Google Ads,Desktop,1,0,0,0
S04788,2025-12-10,CUST0635,Direct,Mobile,1,1,1,1
S04789,2025-06-23,CUST0942,Instagram,Mobile,1,1,1,1
S04790,2025-08-05,CUST0171,Instagram,Desktop,1,0,0,0
S04791,2025-07-25,CUST0077,Direct,Desktop,1,0,0,0
S04792,2025-03-08,CUST0400,Instagram,Mobile,1,1,1,1
S04793,2025-06-23,CUST0910,Organic,Mobile,1,1,0,0
S04794,2025-03-19,CUST0521,Google Ads,Tablet,1,1,1,0
S04795,2025-11-19,CUST0201,Google Ads,Mobile,1,1,1,1
S04796,2025-02-11,CUST0755,Google Ads,Desktop,1,1,0,0
S04797,2025-03-05,CUST0581,Instagram,Mobile,1,1,1,1
S04798,2025-11-25,CUST0239,Direct,Mobile,1,0,0,0
S04799,2025-07-18,CUST0317,Email,Desktop,1,1,1,1
S04800,2025-03-31,CUST0523,Email,Mobile,1,1,1,1
S04801,2025-01-07,CUST0915,Direct,Desktop,1,1,1,1
S04802,2025-09-20,CUST0320,Organic,Mobile,1,0,0,0
S04803,2025-05-02,CUST0550,Google Ads,Desktop,0,0,0,0
S04804,2025-06-13,CUST0522,Direct,Mobile,1,1,1,1
S04805,2025-04-26,CUST0528,Organic,Desktop,1,0,0,0
S04806,2025-01-13,CUST0477,Email,Tablet,1,1,0,0
S04807,2025-01-20,CUST0325,Direct,Desktop,1,0,0,0
S04808,2025-07-20,CUST0466,Google Ads,Mobile,1,0,0,0
S04809,2025-11-05,CUST0755,Instagram,Mobile,1,1,1,1
S04810,2025-09-11,CUST0759,Google Ads,Mobile,1,1,1,1
S04811,2025-03-27,CUST0042,Email,Desktop,1,1,0,0
S04812,2025-06-29,CUST0234,Google Ads,Mobile,1,1,1,0
S04813,2025-08-25,CUST0556,Email,Mobile,0,0,0,0
S04814,2025-12-19,CUST0437,Instagram,Mobile,1,0,0,0
S04815,2025-03-02,CUST0931,Instagram,Desktop,1,0,0,0
S04816,2025-08-03,CUST0676,Email,Desktop,1,1,1,1
S04817,2025-08-03,CUST0662,Google Ads,Desktop,1,1,1,1
S04818,2025-12-24,CUST0280,Email,Desktop,1,1,0,0
S04819,2025-03-31,CUST0204,Direct,Desktop,1,1,1,0
S04820,2025-04-06,CUST0743,Instagram,Mobile,1,1,1,1
S04821,2025-03-02,CUST0908,Instagram,Desktop,1,1,0,0
S04822,2025-02-25,CUST0803,Google Ads,Mobile,1,1,1,1
S04823,2025-08-08,CUST0306,Direct,Desktop,1,0,0,0
S04824,2025-04-04,CUST0851,Direct,Mobile,0,0,0,0
S04825,2025-02-09,CUST0997,Google Ads,Mobile,1,0,0,0
S04826,2025-12-03,CUST0846,Google Ads,Desktop,1,1,0,0
S04827,2025-11-15,CUST0983,Email,Desktop,1,1,0,0
S04828,2025-09-05,CUST0510,Google Ads,Mobile,1,0,0,0
S04829,2025-08-05,CUST0296,Organic,Mobile,1,0,0,0
S04830,2025-06-03,CUST0022,Instagram,Mobile,1,1,1,1
S04831,2025-12-17,CUST0687,Organic,Desktop,0,0,0,0
S04832,2025-03-03,CUST0242,Email,Desktop,1,0,0,0
S04833,2025-08-28,CUST0843,Instagram,Mobile,0,0,0,0
S04834,2025-07-09,CUST0578,Email,Mobile,0,0,0,0
S04835,2025-05-26,CUST0394,Instagram,Desktop,1,0,0,0
S04836,2025-01-10,CUST0427,Organic,Tablet,1,0,0,0
S04837,2025-10-19,CUST0453,Instagram,Tablet,1,1,1,1
S04838,2025-05-10,CUST0507,Organic,Mobile,0,0,0,0
S04839,2025-03-01,CUST0606,Organic,Mobile,0,0,0,0
S04840,2025-06-24,CUST0213,Instagram,Desktop,1,0,0,0
S04841,2025-03-14,CUST0241,Direct,Mobile,1,0,0,0
S04842,2025-08-27,CUST0993,Direct,Mobile,1,0,0,0
S04843,2025-06-28,CUST0409,Direct,Desktop,1,1,1,1
S04844,2025-03-08,CUST0622,Instagram,Mobile,1,0,0,0
S04845,2025-03-22,CUST0559,Email,Desktop,1,1,1,1
S04846,2025-03-18,CUST0903,Organic,Desktop,1,0,0,0
S04847,2025-09-05,CUST0872,Organic,Desktop,1,1,1,1
S04848,2025-07-14,CUST0668,Direct,Mobile,1,1,0,0
S04849,2025-03-09,CUST0592,Google Ads,Mobile,1,0,0,0
S04850,2025-12-04,CUST0045,Instagram,Desktop,1,1,1,0
S04851,2025-02-25,CUST0869,Email,Mobile,1,0,0,0
S04852,2025-04-09,CUST0707,Organic,Desktop,1,0,0,0
S04853,2025-09-27,CUST0237,Instagram,Desktop,1,1,0,0
S04854,2025-03-17,CUST0723,Email,Mobile,1,0,0,0
S04855,2025-11-27,CUST0780,Organic,Mobile,1,0,0,0
S04856,2025-03-07,CUST0595,Google Ads,Mobile,1,0,0,0
S04857,2025-02-02,CUST0113,Instagram,Desktop,1,1,0,0
S04858,2025-09-26,CUST0779,Organic,Desktop,1,1,0,0
S04859,2025-01-30,CUST0507,Direct,Desktop,1,0,0,0
S04860,2025-01-26,CUST0643,Instagram,Mobile,0,0,0,0
S04861,2025-07-29,CUST0829,Google Ads,Mobile,1,1,0,0
S04862,2025-09-26,CUST0450,Instagram,Mobile,1,1,1,0
S04863,2025-11-20,CUST0568,Instagram,Mobile,1,0,0,0
S04864,2025-05-03,CUST0890,Organic,Mobile,1,1,0,0
S04865,2025-02-02,CUST0750,Google Ads,Mobile,1,1,1,1
S04866,2025-05-23,CUST0538,Instagram,Mobile,1,1,1,0
S04867,2025-05-25,CUST0854,Instagram,Desktop,0,0,0,0
S04868,2025-09-19,CUST0757,Direct,Tablet,1,0,0,0
S04869,2025-01-05,CUST0209,Email,Mobile,0,0,0,0
S04870,2025-06-10,CUST0290,Google Ads,Mobile,0,0,0,0
S04871,2025-11-06,CUST0498,Organic,Desktop,1,1,1,1
S04872,2025-05-24,CUST0183,Direct,Desktop,1,1,0,0
S04873,2025-06-01,CUST0719,Organic,Desktop,0,0,0,0
S04874,2025-01-05,CUST0716,Organic,Mobile,0,0,0,0
S04875,2025-07-14,CUST0400,Instagram,Mobile,1,1,1,1
S04876,2025-05-05,CUST0208,Direct,Desktop,1,0,0,0
S04877,2025-03-17,CUST0423,Instagram,Desktop,1,0,0,0
S04878,2025-11-02,CUST0390,Google Ads,Desktop,1,1,1,1
S04879,2025-06-18,CUST0366,Email,Desktop,1,1,1,1
S04880,2025-08-05,CUST0584,Direct,Mobile,1,0,0,0
S04881,2025-07-02,CUST0436,Google Ads,Mobile,1,1,1,0
S04882,2025-12-03,CUST0921,Instagram,Mobile,1,1,1,1
S04883,2025-04-23,CUST0312,Direct,Mobile,1,0,0,0
S04884,2025-10-03,CUST0339,Organic,Desktop,1,0,0,0
S04885,2025-06-27,CUST0147,Direct,Desktop,1,1,0,0
S04886,2025-05-05,CUST0716,Instagram,Mobile,0,0,0,0
S04887,2025-10-18,CUST0457,Direct,Mobile,1,0,0,0
S04888,2025-11-19,CUST0861,Organic,Mobile,1,1,1,1
S04889,2025-07-18,CUST0411,Instagram,Mobile,1,1,1,0
S04890,2025-05-18,CUST0645,Organic,Desktop,1,1,1,1
S04891,2025-08-06,CUST0282,Organic,Mobile,1,1,1,0
S04892,2025-10-24,CUST0414,Google Ads,Mobile,0,0,0,0
S04893,2025-06-17,CUST0590,Email,Mobile,1,0,0,0
S04894,2025-05-14,CUST0097,Direct,Mobile,0,0,0,0
S04895,2025-06-10,CUST0163,Organic,Desktop,1,1,0,0
S04896,2025-09-29,CUST0843,Organic,Mobile,1,1,1,0
S04897,2025-10-07,CUST0437,Direct,Mobile,1,0,0,0
S04898,2025-09-05,CUST0196,Email,Mobile,1,0,0,0
S04899,2025-08-10,CUST0628,Google Ads,Desktop,1,0,0,0
S04900,2025-11-12,CUST0161,Google Ads,Mobile,1,0,0,0
S04901,2025-11-26,CUST0255,Organic,Mobile,1,1,1,1
S04902,2025-06-21,CUST0070,Instagram,Mobile,0,0,0,0
S04903,2025-09-16,CUST0412,Instagram,Desktop,1,1,0,0
S04904,2025-09-13,CUST0714,Google Ads,Mobile,1,1,1,1
S04905,2025-06-17,CUST0036,Google Ads,Mobile,1,0,0,0
S04906,2025-04-30,CUST0305,Organic,Desktop,1,0,0,0
S04907,2025-01-19,CUST0730,Direct,Desktop,0,0,0,0
S04908,2025-10-23,CUST0990,Direct,Mobile,1,1,1,1
S04909,2025-11-05,CUST0470,Email,Desktop,1,0,0,0
S04910,2025-09-04,CUST0309,Organic,Mobile,1,1,0,0
S04911,2025-07-24,CUST0197,Organic,Mobile,1,1,1,1
S04912,2025-03-08,CUST0898,Email,Mobile,1,0,0,0
S04913,2025-12-08,CUST0481,Instagram,Mobile,1,1,1,1
S04914,2025-12-11,CUST0336,Email,Mobile,1,1,0,0
S04915,2025-07-04,CUST0839,Organic,Mobile,1,1,1,1
S04916,2025-12-08,CUST0704,Email,Desktop,1,1,0,0
S04917,2025-04-18,CUST0789,Instagram,Mobile,1,1,0,0
S04918,2025-06-14,CUST0291,Organic,Mobile,1,1,1,1
S04919,2025-05-01,CUST0430,Google Ads,Desktop,1,1,1,1
S04920,2025-03-25,CUST0598,Email,Mobile,1,1,1,1
S04921,2025-10-29,CUST0883,Google Ads,Mobile,0,0,0,0
S04922,2025-09-18,CUST0432,Organic,Desktop,1,1,1,1
S04923,2025-04-17,CUST0534,Direct,Mobile,1,1,1,1
S04924,2025-05-03,CUST0646,Instagram,Desktop,1,0,0,0
S04925,2025-03-14,CUST0510,Direct,Desktop,1,0,0,0
S04926,2025-12-03,CUST0505,Direct,Mobile,1,1,1,1
S04927,2025-11-09,CUST0888,Organic,Mobile,1,1,1,0
S04928,2025-06-03,CUST0673,Google Ads,Mobile,1,0,0,0
S04929,2025-10-16,CUST0807,Organic,Desktop,1,1,0,0
S04930,2025-04-07,CUST0555,Email,Mobile,0,0,0,0
S04931,2025-10-19,CUST0409,Direct,Mobile,1,1,1,1
S04932,2025-12-15,CUST0402,Google Ads,Mobile,1,0,0,0
S04933,2025-10-05,CUST0041,Instagram,Mobile,0,0,0,0
S04934,2025-09-11,CUST0384,Organic,Desktop,1,0,0,0
S04935,2025-03-23,CUST0886,Organic,Mobile,1,1,1,1
S04936,2025-01-17,CUST0291,Google Ads,Desktop,1,1,1,1
S04937,2025-10-27,CUST0792,Direct,Mobile,1,1,1,1
S04938,2025-06-29,CUST0183,Email,Mobile,1,1,1,1
S04939,2025-08-04,CUST0764,Email,Mobile,1,1,0,0
S04940,2025-01-22,CUST0872,Instagram,Mobile,0,0,0,0
S04941,2025-08-24,CUST0040,Google Ads,Desktop,1,0,0,0
S04942,2025-07-30,CUST0599,Instagram,Desktop,1,1,1,1
S04943,2025-10-13,CUST0225,Direct,Tablet,1,1,1,0
S04944,2025-07-26,CUST0285,Organic,Mobile,1,1,1,1
S04945,2025-11-21,CUST0138,Google Ads,Mobile,1,0,0,0
S04946,2025-09-12,CUST0335,Email,Desktop,1,0,0,0
S04947,2025-12-11,CUST0138,Email,Desktop,1,1,1,0
S04948,2025-01-11,CUST0474,Instagram,Mobile,1,1,1,1
S04949,2025-11-03,CUST0488,Google Ads,Desktop,0,0,0,0
S04950,2025-11-15,CUST0576,Email,Desktop,0,0,0,0
S04951,2025-12-08,CUST0629,Direct,Mobile,1,1,0,0
S04952,2025-02-03,CUST0925,Google Ads,Desktop,0,0,0,0
S04953,2025-05-01,CUST0610,Instagram,Mobile,1,0,0,0
S04954,2025-08-24,CUST0146,Instagram,Mobile,1,0,0,0
S04955,2025-07-02,CUST0898,Google Ads,Mobile,1,1,1,1
S04956,2025-03-19,CUST0409,Direct,Mobile,1,1,1,1
S04957,2025-05-03,CUST0510,Google Ads,Mobile,1,1,1,0
S04958,2025-10-03,CUST0085,Organic,Desktop,0,0,0,0
S04959,2025-07-27,CUST0563,Direct,Mobile,1,1,1,1
S04960,2025-07-05,CUST0607,Organic,Mobile,1,0,0,0
S04961,2025-01-17,CUST0790,Organic,Mobile,0,0,0,0
S04962,2025-10-17,CUST0009,Organic,Desktop,0,0,0,0
S04963,2025-09-11,CUST0859,Email,Desktop,0,0,0,0
S04964,2025-04-09,CUST0089,Direct,Mobile,1,1,1,0
S04965,2025-05-27,CUST0089,Instagram,Mobile,0,0,0,0
S04966,2025-04-24,CUST0219,Google Ads,Mobile,1,0,0,0
S04967,2025-04-07,CUST0842,Google Ads,Mobile,1,1,1,1
S04968,2025-11-18,CUST0350,Instagram,Mobile,1,0,0,0
S04969,2025-11-24,CUST0891,Organic,Mobile,1,1,0,0
S04970,2025-12-15,CUST0900,Organic,Desktop,1,0,0,0
S04971,2025-06-19,CUST0405,Instagram,Desktop,1,1,0,0
S04972,2025-11-03,CUST0892,Email,Mobile,1,1,1,1
S04973,2025-07-18,CUST0798,Organic,Mobile,1,1,1,1
S04974,2025-06-26,CUST0161,Organic,Desktop,0,0,0,0
S04975,2025-05-04,CUST0043,Instagram,Mobile,1,1,1,1
S04976,2025-06-06,CUST0474,Google Ads,Mobile,1,1,1,1
S04977,2025-04-05,CUST0758,Organic,Mobile,0,0,0,0
S04978,2025-10-13,CUST0258,Direct,Mobile,1,1,0,0
S04979,2025-04-09,CUST0855,Google Ads,Tablet,1,0,0,0
S04980,2025-08-23,CUST0159,Google Ads,Mobile,1,1,1,1
S04981,2025-07-09,CUST0132,Instagram,Mobile,0,0,0,0
S04982,2025-10-21,CUST0559,Organic,Desktop,1,0,0,0
S04983,2025-09-30,CUST0852,Instagram,Desktop,1,0,0,0
S04984,2025-11-26,CUST0601,Direct,Desktop,1,1,1,1
S04985,2025-01-18,CUST0045,Organic,Mobile,1,1,1,1
S04986,2025-06-23,CUST0321,Organic,Mobile,1,1,0,0
S04987,2025-11-02,CUST0194,Organic,Tablet,1,1,1,0
S04988,2025-04-30,CUST0518,Email,Mobile,1,0,0,0
S04989,2025-09-13,CUST0263,Organic,Desktop,1,1,0,0
S04990,2025-04-06,CUST0435,Instagram,Desktop,1,1,1,1
S04991,2025-11-06,CUST0708,Instagram,Mobile,1,1,1,1
S04992,2025-01-31,CUST0530,Google Ads,Desktop,1,1,1,0
S04993,2025-04-07,CUST0887,Organic,Mobile,1,1,0,0
S04994,2025-07-12,CUST0297,Google Ads,Desktop,1,0,0,0
S04995,2025-08-21,CUST0501,Organic,Desktop,1,1,1,1
S04996,2025-02-15,CUST0619,Organic,Mobile,1,1,1,1
S04997,2025-10-18,CUST0069,Google Ads,Desktop,1,0,0,0
S04998,2025-08-24,CUST0025,Email,Desktop,1,1,0,0
S04999,2025-02-18,CUST0568,Direct,Mobile,1,1,1,1
S05000,2025-12-03,CUST0513,Direct,Desktop,1,1,1,1
S05001,2025-06-11,CUST0994,Instagram,Desktop,1,0,0,0
S05002,2025-10-12,CUST0183,Email,Desktop,1,1,1,0
S05003,2025-05-14,CUST0899,Email,Mobile,1,0,0,0
S05004,2025-09-14,CUST0054,Instagram,Desktop,1,1,1,1
S05005,2025-07-02,CUST0081,Organic,Mobile,1,1,0,0
S05006,2025-01-27,CUST0160,Instagram,Mobile,1,1,1,1
S05007,2025-05-20,CUST0984,Direct,Mobile,0,0,0,0
S05008,2025-09-17,CUST0386,Google Ads,Desktop,1,1,1,0
S05009,2025-03-21,CUST0449,Instagram,Mobile,1,1,0,0
S05010,2025-06-29,CUST0738,Email,Mobile,1,0,0,0
S05011,2025-09-24,CUST0264,Email,Mobile,1,1,1,1
S05012,2025-02-21,CUST0621,Google Ads,Mobile,1,0,0,0
S05013,2025-03-25,CUST0954,Google Ads,Mobile,1,1,1,1
S05014,2025-06-05,CUST0309,Google Ads,Mobile,1,0,0,0
S05015,2025-11-24,CUST0044,Direct,Desktop,1,1,1,1
S05016,2025-04-14,CUST0201,Google Ads,Mobile,1,1,1,0
S05017,2025-12-12,CUST0284,Google Ads,Tablet,1,1,1,1
S05018,2025-04-07,CUST0147,Google Ads,Mobile,1,0,0,0
S05019,2025-05-05,CUST0440,Google Ads,Desktop,1,0,0,0
S05020,2025-07-02,CUST0404,Direct,Desktop,0,0,0,0
S05021,2025-11-23,CUST0711,Instagram,Desktop,0,0,0,0
S05022,2025-02-23,CUST0746,Google Ads,Mobile,1,1,1,1
S05023,2025-10-29,CUST0184,Instagram,Desktop,1,0,0,0
S05024,2025-06-13,CUST0547,Instagram,Mobile,0,0,0,0
S05025,2025-05-29,CUST0915,Direct,Mobile,1,0,0,0
S05026,2025-10-17,CUST0209,Instagram,Mobile,1,0,0,0
S05027,2025-03-28,CUST0872,Google Ads,Mobile,1,1,0,0
S05028,2025-06-11,CUST0575,Direct,Mobile,1,1,1,1
S05029,2025-06-17,CUST0082,Organic,Desktop,1,0,0,0
S05030,2025-05-15,CUST0263,Organic,Tablet,0,0,0,0
S05031,2025-03-31,CUST0767,Instagram,Mobile,0,0,0,0
S05032,2025-11-04,CUST0923,Direct,Mobile,1,1,1,0
S05033,2025-11-01,CUST0039,Organic,Mobile,1,1,1,1
S05034,2025-03-22,CUST0286,Organic,Desktop,0,0,0,0
S05035,2025-12-17,CUST0023,Instagram,Desktop,0,0,0,0
S05036,2025-08-19,CUST0596,Email,Mobile,1,1,1,1
S05037,2025-03-30,CUST0919,Email,Desktop,1,1,1,1
S05038,2025-10-20,CUST0474,Organic,Mobile,1,1,1,1
S05039,2025-01-02,CUST0303,Direct,Mobile,1,1,1,1
S05040,2025-12-18,CUST0206,Instagram,Mobile,1,0,0,0
S05041,2025-08-10,CUST0432,Instagram,Mobile,1,0,0,0
S05042,2025-01-17,CUST0095,Instagram,Mobile,1,1,1,1
S05043,2025-07-15,CUST0475,Google Ads,Mobile,0,0,0,0
S05044,2025-04-30,CUST0575,Google Ads,Desktop,1,1,1,1
S05045,2025-08-30,CUST0376,Direct,Mobile,0,0,0,0
S05046,2025-06-23,CUST0137,Google Ads,Mobile,1,0,0,0
S05047,2025-02-01,CUST0151,Direct,Mobile,1,1,0,0
S05048,2025-10-02,CUST0629,Organic,Desktop,1,1,1,1
S05049,2025-07-14,CUST0703,Direct,Mobile,1,1,0,0
S05050,2025-01-04,CUST0202,Organic,Mobile,1,1,1,1
S05051,2025-10-08,CUST0943,Instagram,Mobile,1,0,0,0
S05052,2025-01-21,CUST0250,Instagram,Mobile,1,0,0,0
S05053,2025-08-26,CUST0599,Instagram,Mobile,1,1,1,1
S05054,2025-04-03,CUST0074,Direct,Mobile,0,0,0,0
S05055,2025-03-30,CUST0322,Instagram,Mobile,1,1,1,1
S05056,2025-04-23,CUST0549,Instagram,Desktop,0,0,0,0
S05057,2025-08-09,CUST0637,Instagram,Tablet,1,0,0,0
S05058,2025-04-08,CUST1000,Direct,Desktop,1,0,0,0
S05059,2025-05-22,CUST0998,Google Ads,Tablet,1,0,0,0
S05060,2025-05-30,CUST0166,Instagram,Desktop,1,0,0,0
S05061,2025-02-17,CUST0001,Direct,Tablet,1,1,1,1
S05062,2025-02-20,CUST0944,Direct,Mobile,1,0,0,0
S05063,2025-07-27,CUST0338,Email,Desktop,1,1,1,0
S05064,2025-01-11,CUST0291,Google Ads,Tablet,1,1,1,1
S05065,2025-09-27,CUST0071,Organic,Desktop,1,0,0,0
S05066,2025-09-20,CUST0108,Email,Tablet,1,1,0,0
S05067,2025-07-16,CUST0490,Direct,Mobile,1,1,1,1
S05068,2025-07-05,CUST0598,Direct,Mobile,1,0,0,0
S05069,2025-10-23,CUST0181,Google Ads,Mobile,1,0,0,0
S05070,2025-08-09,CUST0025,Google Ads,Mobile,0,0,0,0
S05071,2025-03-22,CUST0810,Email,Desktop,1,1,0,0
S05072,2025-08-10,CUST0151,Direct,Desktop,1,0,0,0
S05073,2025-06-19,CUST0265,Organic,Desktop,1,1,1,1
S05074,2025-03-27,CUST0923,Google Ads,Mobile,1,1,1,1
S05075,2025-02-13,CUST0203,Instagram,Mobile,0,0,0,0
S05076,2025-09-18,CUST0563,Direct,Desktop,0,0,0,0
S05077,2025-04-14,CUST0475,Organic,Mobile,1,1,0,0
S05078,2025-10-11,CUST1000,Direct,Mobile,1,0,0,0
S05079,2025-08-16,CUST0220,Organic,Mobile,0,0,0,0
S05080,2025-07-07,CUST0569,Organic,Desktop,1,1,1,1
S05081,2025-05-01,CUST0082,Instagram,Desktop,1,1,0,0
S05082,2025-05-29,CUST0164,Direct,Mobile,1,1,1,0
S05083,2025-12-18,CUST0930,Google Ads,Mobile,1,1,1,1
S05084,2025-11-01,CUST0269,Organic,Desktop,1,1,0,0
S05085,2025-02-26,CUST0183,Instagram,Mobile,1,1,1,1
S05086,2025-12-07,CUST0942,Organic,Tablet,1,0,0,0
S05087,2025-07-08,CUST0180,Organic,Mobile,1,1,0,0
S05088,2025-12-23,CUST0990,Google Ads,Desktop,0,0,0,0
S05089,2025-02-07,CUST0796,Instagram,Mobile,1,1,1,1
S05090,2025-07-20,CUST0598,Google Ads,Desktop,1,1,1,1
S05091,2025-08-17,CUST0472,Organic,Mobile,1,1,0,0
S05092,2025-05-11,CUST0111,Direct,Tablet,1,1,0,0
S05093,2025-06-20,CUST0670,Instagram,Mobile,1,1,1,1
S05094,2025-11-26,CUST0045,Google Ads,Mobile,1,0,0,0
S05095,2025-02-04,CUST0550,Email,Desktop,1,0,0,0
S05096,2025-07-20,CUST0532,Organic,Mobile,1,1,0,0
S05097,2025-06-17,CUST0966,Instagram,Desktop,0,0,0,0
S05098,2025-09-03,CUST0609,Organic,Tablet,1,1,1,1
S05099,2025-08-12,CUST0431,Email,Mobile,1,1,1,1
S05100,2025-12-07,CUST0358,Organic,Mobile,1,0,0,0
S05101,2025-02-27,CUST0059,Google Ads,Desktop,1,1,1,0
S05102,2025-10-17,CUST0975,Email,Desktop,0,0,0,0
S05103,2025-01-25,CUST0975,Google Ads,Mobile,0,0,0,0
S05104,2025-02-01,CUST0224,Google Ads,Mobile,1,1,1,1
S05105,2025-04-20,CUST0910,Organic,Mobile,1,1,0,0
S05106,2025-04-11,CUST0810,Email,Desktop,1,1,1,1
S05107,2025-05-30,CUST0189,Google Ads,Mobile,1,1,1,1
S05108,2025-12-11,CUST0059,Email,Mobile,1,0,0,0
S05109,2025-07-12,CUST0008,Email,Desktop,1,1,1,1
S05110,2025-04-19,CUST0484,Google Ads,Desktop,1,1,0,0
S05111,2025-12-22,CUST0825,Google Ads,Mobile,1,0,0,0
S05112,2025-10-04,CUST0406,Email,Mobile,1,1,0,0
S05113,2025-08-21,CUST0614,Direct,Desktop,1,0,0,0
S05114,2025-01-21,CUST0852,Google Ads,Desktop,0,0,0,0
S05115,2025-09-09,CUST0472,Email,Desktop,1,1,0,0
S05116,2025-01-14,CUST0021,Google Ads,Mobile,0,0,0,0
S05117,2025-08-03,CUST0384,Google Ads,Mobile,1,1,1,0
S05118,2025-01-24,CUST0412,Organic,Mobile,1,1,1,1
S05119,2025-01-20,CUST0305,Google Ads,Tablet,1,1,1,1
S05120,2025-07-21,CUST0919,Organic,Desktop,0,0,0,0
S05121,2025-11-17,CUST0728,Google Ads,Mobile,1,0,0,0
S05122,2025-02-21,CUST0310,Organic,Mobile,1,1,1,0
S05123,2025-12-23,CUST0231,Google Ads,Mobile,1,1,1,0
S05124,2025-07-05,CUST0236,Instagram,Mobile,1,1,0,0
S05125,2025-07-26,CUST0663,Direct,Desktop,1,1,1,1
S05126,2025-12-26,CUST0580,Instagram,Tablet,1,1,1,1
S05127,2025-04-05,CUST0046,Direct,Desktop,1,1,1,1
S05128,2025-12-14,CUST0964,Google Ads,Desktop,1,1,0,0
S05129,2025-09-23,CUST0222,Direct,Desktop,1,0,0,0
S05130,2025-11-22,CUST0752,Instagram,Mobile,1,1,0,0
S05131,2025-01-15,CUST0156,Google Ads,Mobile,1,1,0,0
S05132,2025-06-24,CUST0095,Google Ads,Desktop,1,0,0,0
S05133,2025-08-07,CUST0609,Instagram,Mobile,1,1,1,1
S05134,2025-01-10,CUST0818,Email,Tablet,1,0,0,0
S05135,2025-01-19,CUST0083,Instagram,Mobile,1,1,1,1
S05136,2025-03-09,CUST0245,Google Ads,Desktop,1,1,0,0
S05137,2025-10-05,CUST0575,Organic,Mobile,0,0,0,0
S05138,2025-11-15,CUST0010,Organic,Mobile,1,1,1,1
S05139,2025-10-21,CUST0089,Instagram,Desktop,1,1,1,1
S05140,2025-01-15,CUST0677,Direct,Desktop,1,1,1,0
S05141,2025-11-22,CUST0909,Email,Mobile,1,1,0,0
S05142,2025-04-24,CUST0326,Direct,Mobile,1,1,0,0
S05143,2025-10-27,CUST0286,Direct,Tablet,1,0,0,0
S05144,2025-06-07,CUST0215,Instagram,Desktop,1,1,1,1
S05145,2025-04-14,CUST0996,Instagram,Mobile,1,1,1,1
S05146,2025-10-07,CUST0848,Direct,Mobile,1,0,0,0
S05147,2025-03-27,CUST0072,Instagram,Mobile,1,1,1,1
S05148,2025-04-04,CUST0208,Direct,Mobile,1,0,0,0
S05149,2025-06-23,CUST0139,Google Ads,Mobile,1,1,1,1
S05150,2025-08-30,CUST0758,Instagram,Desktop,1,0,0,0
S05151,2025-09-19,CUST0379,Instagram,Mobile,0,0,0,0
S05152,2025-10-21,CUST0641,Organic,Mobile,1,0,0,0
S05153,2025-10-09,CUST0982,Google Ads,Mobile,1,1,0,0
S05154,2025-05-27,CUST0402,Instagram,Mobile,1,1,1,1
S05155,2025-01-02,CUST0612,Instagram,Mobile,0,0,0,0
S05156,2025-03-09,CUST0523,Organic,Mobile,0,0,0,0
S05157,2025-03-10,CUST0340,Instagram,Mobile,0,0,0,0
S05158,2025-02-16,CUST0906,Google Ads,Mobile,1,0,0,0
S05159,2025-12-21,CUST0176,Direct,Mobile,1,0,0,0
S05160,2025-03-05,CUST0829,Direct,Desktop,1,0,0,0
S05161,2025-03-21,CUST0906,Direct,Desktop,1,0,0,0
S05162,2025-09-11,CUST0357,Google Ads,Desktop,0,0,0,0
S05163,2025-08-25,CUST0378,Google Ads,Mobile,0,0,0,0
S05164,2025-11-25,CUST0316,Direct,Mobile,1,0,0,0
S05165,2025-05-19,CUST0882,Instagram,Desktop,1,1,1,1
S05166,2025-09-21,CUST0662,Organic,Desktop,1,1,1,1
S05167,2025-11-12,CUST0075,Organic,Desktop,0,0,0,0
S05168,2025-06-03,CUST0099,Direct,Mobile,1,0,0,0
S05169,2025-05-12,CUST0265,Instagram,Mobile,1,1,1,1
S05170,2025-08-14,CUST0911,Google Ads,Mobile,1,0,0,0
S05171,2025-04-02,CUST0755,Direct,Mobile,1,1,1,1
S05172,2025-04-28,CUST0083,Instagram,Mobile,1,0,0,0
S05173,2025-05-06,CUST0805,Direct,Mobile,1,1,0,0
S05174,2025-08-15,CUST0582,Instagram,Desktop,1,1,0,0
S05175,2025-12-05,CUST0228,Email,Desktop,0,0,0,0
S05176,2025-06-28,CUST0684,Email,Mobile,1,0,0,0
S05177,2025-03-26,CUST0965,Organic,Mobile,1,0,0,0
S05178,2025-06-13,CUST0131,Organic,Mobile,1,1,1,1
S05179,2025-08-18,CUST0010,Organic,Mobile,1,0,0,0
S05180,2025-07-25,CUST0973,Email,Desktop,1,0,0,0
S05181,2025-04-14,CUST0900,Organic,Tablet,1,0,0,0
S05182,2025-04-24,CUST0568,Email,Desktop,1,0,0,0
S05183,2025-07-07,CUST0936,Email,Mobile,1,0,0,0
S05184,2025-09-28,CUST0545,Instagram,Mobile,1,1,1,1
S05185,2025-02-20,CUST0244,Email,Desktop,1,0,0,0
S05186,2025-11-02,CUST0226,Organic,Desktop,1,0,0,0
S05187,2025-08-10,CUST0228,Direct,Mobile,1,0,0,0
S05188,2025-04-21,CUST0245,Instagram,Mobile,0,0,0,0
S05189,2025-02-24,CUST0929,Google Ads,Mobile,1,1,0,0
S05190,2025-01-12,CUST0444,Direct,Desktop,1,0,0,0
S05191,2025-07-09,CUST0917,Direct,Desktop,1,0,0,0
S05192,2025-06-04,CUST0615,Email,Mobile,1,1,1,1
S05193,2025-12-01,CUST0709,Instagram,Desktop,1,0,0,0
S05194,2025-12-12,CUST0887,Email,Tablet,1,1,1,0
S05195,2025-09-22,CUST0813,Google Ads,Mobile,1,1,1,1
S05196,2025-12-26,CUST0825,Organic,Mobile,1,0,0,0
S05197,2025-04-14,CUST0461,Email,Desktop,1,1,1,1
S05198,2025-06-12,CUST0936,Direct,Mobile,0,0,0,0
S05199,2025-05-21,CUST0721,Instagram,Desktop,1,1,0,0
S05200,2025-08-25,CUST0382,Email,Mobile,1,0,0,0
S05201,2025-02-13,CUST0192,Organic,Mobile,1,1,1,1
S05202,2025-08-27,CUST0639,Organic,Mobile,1,1,0,0
S05203,2025-04-07,CUST0522,Google Ads,Mobile,0,0,0,0
S05204,2025-04-08,CUST0842,Instagram,Tablet,1,0,0,0
S05205,2025-11-20,CUST0578,Direct,Desktop,0,0,0,0
S05206,2025-02-22,CUST0870,Direct,Desktop,1,0,0,0
S05207,2025-04-19,CUST0853,Email,Mobile,1,0,0,0
S05208,2025-09-14,CUST0961,Direct,Desktop,1,0,0,0
S05209,2025-01-11,CUST0158,Instagram,Desktop,1,1,1,1
S05210,2025-06-27,CUST0256,Direct,Desktop,1,1,1,0
S05211,2025-10-21,CUST0850,Instagram,Desktop,1,1,1,1
S05212,2025-01-25,CUST0547,Google Ads,Mobile,1,0,0,0
S05213,2025-05-06,CUST0506,Instagram,Mobile,1,1,1,1
S05214,2025-09-23,CUST0821,Instagram,Desktop,0,0,0,0
S05215,2025-05-13,CUST0167,Email,Desktop,1,1,1,1
S05216,2025-10-05,CUST0880,Instagram,Desktop,1,0,0,0
S05217,2025-02-11,CUST0022,Google Ads,Mobile,1,1,1,1
S05218,2025-04-11,CUST0067,Organic,Mobile,0,0,0,0
S05219,2025-10-11,CUST0710,Email,Desktop,0,0,0,0
S05220,2025-10-04,CUST0612,Google Ads,Mobile,1,1,1,0
S05221,2025-05-19,CUST0848,Instagram,Mobile,1,0,0,0
S05222,2025-08-09,CUST0707,Instagram,Mobile,1,1,1,1
S05223,2025-03-10,CUST0612,Instagram,Mobile,1,1,1,0
S05224,2025-10-20,CUST0587,Email,Mobile,1,0,0,0
S05225,2025-06-26,CUST0888,Google Ads,Mobile,0,0,0,0
S05226,2025-07-16,CUST0017,Direct,Mobile,1,1,0,0
S05227,2025-02-02,CUST0659,Google Ads,Mobile,1,0,0,0
S05228,2025-10-28,CUST0762,Instagram,Mobile,1,1,0,0
S05229,2025-08-16,CUST0255,Direct,Mobile,1,1,1,1
S05230,2025-05-16,CUST0188,Direct,Mobile,1,1,0,0
S05231,2025-05-14,CUST0328,Instagram,Tablet,0,0,0,0
S05232,2025-05-23,CUST0380,Direct,Desktop,1,1,0,0
S05233,2025-09-02,CUST0974,Email,Mobile,1,1,1,1
S05234,2025-05-17,CUST0346,Instagram,Mobile,1,1,1,1
S05235,2025-03-02,CUST0240,Google Ads,Mobile,1,1,0,0
S05236,2025-02-25,CUST0473,Instagram,Desktop,1,1,0,0
S05237,2025-05-13,CUST0307,Email,Mobile,1,1,0,0
S05238,2025-07-27,CUST0176,Organic,Mobile,1,0,0,0
S05239,2025-05-06,CUST0313,Organic,Mobile,1,1,0,0
S05240,2025-05-03,CUST0906,Google Ads,Mobile,1,1,0,0
S05241,2025-08-19,CUST0544,Instagram,Desktop,1,1,1,1
S05242,2025-02-04,CUST0335,Google Ads,Mobile,0,0,0,0
S05243,2025-09-23,CUST0379,Direct,Mobile,1,1,1,1
S05244,2025-04-01,CUST0634,Email,Desktop,1,1,1,1
S05245,2025-01-21,CUST0836,Direct,Mobile,1,1,1,0
S05246,2025-05-20,CUST0540,Email,Mobile,1,1,0,0
S05247,2025-09-22,CUST0900,Organic,Mobile,1,0,0,0
S05248,2025-04-30,CUST0701,Direct,Mobile,1,0,0,0
S05249,2025-08-09,CUST0333,Organic,Desktop,1,0,0,0
S05250,2025-01-23,CUST0140,Direct,Mobile,1,0,0,0
S05251,2025-02-08,CUST0783,Email,Mobile,1,1,0,0
S05252,2025-08-23,CUST0285,Direct,Mobile,1,1,1,1
S05253,2025-08-29,CUST0343,Instagram,Desktop,1,0,0,0
S05254,2025-05-08,CUST0269,Direct,Mobile,1,1,0,0
S05255,2025-01-22,CUST0806,Google Ads,Mobile,1,1,0,0
S05256,2025-02-24,CUST0186,Organic,Mobile,1,0,0,0
S05257,2025-11-26,CUST0110,Direct,Desktop,1,1,1,1
S05258,2025-02-16,CUST0767,Direct,Desktop,1,1,0,0
S05259,2025-08-22,CUST0035,Google Ads,Mobile,1,0,0,0
S05260,2025-01-27,CUST0936,Google Ads,Desktop,1,1,1,1
S05261,2025-02-17,CUST0844,Instagram,Mobile,1,0,0,0
S05262,2025-06-16,CUST0222,Google Ads,Mobile,1,1,1,1
S05263,2025-09-28,CUST0622,Direct,Mobile,1,0,0,0
S05264,2025-03-22,CUST0773,Google Ads,Desktop,1,0,0,0
S05265,2025-04-28,CUST0514,Organic,Mobile,1,1,1,1
S05266,2025-02-14,CUST0746,Instagram,Mobile,1,1,1,1
S05267,2025-10-02,CUST0798,Email,Mobile,1,1,1,1
S05268,2025-06-30,CUST0099,Google Ads,Mobile,1,1,1,0
S05269,2025-11-07,CUST0631,Google Ads,Desktop,0,0,0,0
S05270,2025-08-20,CUST0010,Instagram,Desktop,1,0,0,0
S05271,2025-03-27,CUST0585,Instagram,Mobile,1,1,1,1
S05272,2025-04-15,CUST0209,Google Ads,Desktop,1,1,1,1
S05273,2025-08-31,CUST0636,Instagram,Mobile,1,1,1,1
S05274,2025-06-26,CUST0038,Instagram,Desktop,1,0,0,0
S05275,2025-08-22,CUST0955,Direct,Mobile,1,0,0,0
S05276,2025-03-19,CUST0094,Google Ads,Mobile,1,0,0,0
S05277,2025-05-06,CUST0233,Google Ads,Mobile,1,1,1,0
S05278,2025-07-08,CUST0887,Instagram,Mobile,1,0,0,0
S05279,2025-03-01,CUST0163,Email,Desktop,1,1,1,1
S05280,2025-08-08,CUST0839,Organic,Desktop,1,0,0,0
S05281,2025-03-17,CUST0652,Direct,Desktop,1,1,1,1
S05282,2025-04-01,CUST0242,Organic,Desktop,1,0,0,0
S05283,2025-04-26,CUST0682,Email,Mobile,1,1,1,0
S05284,2025-10-07,CUST0098,Email,Mobile,1,1,1,1
S05285,2025-06-16,CUST0945,Organic,Tablet,0,0,0,0
S05286,2025-05-06,CUST0383,Direct,Mobile,1,1,0,0
S05287,2025-08-21,CUST0579,Organic,Mobile,1,1,1,1
S05288,2025-04-24,CUST0289,Instagram,Desktop,0,0,0,0
S05289,2025-04-10,CUST0616,Instagram,Mobile,1,0,0,0
S05290,2025-05-31,CUST0141,Direct,Mobile,1,1,1,1
S05291,2025-03-13,CUST0203,Organic,Mobile,1,1,0,0
S05292,2025-12-15,CUST0488,Google Ads,Mobile,1,0,0,0
S05293,2025-06-16,CUST0404,Organic,Mobile,1,0,0,0
S05294,2025-03-13,CUST0991,Google Ads,Mobile,0,0,0,0
S05295,2025-12-14,CUST0417,Google Ads,Mobile,0,0,0,0
S05296,2025-12-19,CUST0802,Organic,Mobile,1,1,1,1
S05297,2025-01-11,CUST0306,Organic,Tablet,1,0,0,0
S05298,2025-10-25,CUST0946,Organic,Desktop,1,1,1,0
S05299,2025-08-17,CUST0137,Direct,Desktop,1,1,1,1
S05300,2025-05-06,CUST0775,Direct,Mobile,0,0,0,0
S05301,2025-06-02,CUST0905,Instagram,Mobile,1,1,1,1
S05302,2025-06-11,CUST0618,Direct,Desktop,1,0,0,0
S05303,2025-10-05,CUST0922,Google Ads,Mobile,1,1,0,0
S05304,2025-06-28,CUST0130,Instagram,Mobile,1,1,0,0
S05305,2025-05-24,CUST0773,Google Ads,Desktop,1,1,1,1
S05306,2025-05-19,CUST0625,Email,Desktop,1,0,0,0
S05307,2025-07-25,CUST0834,Instagram,Desktop,1,1,0,0
S05308,2025-04-06,CUST0116,Instagram,Desktop,1,0,0,0
S05309,2025-08-02,CUST0138,Direct,Desktop,1,1,0,0
S05310,2025-03-10,CUST0415,Direct,Mobile,1,0,0,0
S05311,2025-12-22,CUST0161,Organic,Mobile,1,0,0,0
S05312,2025-11-14,CUST0620,Email,Desktop,1,0,0,0
S05313,2025-01-19,CUST0248,Organic,Mobile,1,1,1,1
S05314,2025-11-12,CUST0879,Instagram,Mobile,1,1,1,1
S05315,2025-12-17,CUST0134,Organic,Mobile,1,1,1,1
S05316,2025-04-11,CUST0526,Google Ads,Desktop,1,0,0,0
S05317,2025-03-22,CUST0590,Instagram,Desktop,1,1,0,0
S05318,2025-07-02,CUST0271,Organic,Mobile,1,1,1,1
S05319,2025-01-18,CUST0225,Organic,Desktop,1,1,1,1
S05320,2025-06-04,CUST0121,Instagram,Mobile,1,1,1,1
S05321,2025-12-07,CUST0735,Instagram,Tablet,1,0,0,0
S05322,2025-05-09,CUST0721,Organic,Tablet,1,1,1,1
S05323,2025-11-11,CUST0939,Direct,Desktop,0,0,0,0
S05324,2025-06-10,CUST0463,Instagram,Mobile,1,0,0,0
S05325,2025-04-29,CUST0916,Email,Mobile,1,0,0,0
S05326,2025-11-28,CUST0240,Instagram,Mobile,1,1,1,1
S05327,2025-06-22,CUST0021,Organic,Mobile,0,0,0,0
S05328,2025-06-02,CUST0448,Instagram,Desktop,1,1,1,1
S05329,2025-01-20,CUST0797,Direct,Desktop,1,1,1,1
S05330,2025-02-03,CUST0955,Organic,Tablet,1,1,1,1
S05331,2025-11-10,CUST0329,Direct,Mobile,1,1,0,0
S05332,2025-03-01,CUST0448,Email,Mobile,1,0,0,0
S05333,2025-06-07,CUST0605,Direct,Mobile,1,0,0,0
S05334,2025-12-30,CUST0940,Direct,Mobile,0,0,0,0
S05335,2025-07-25,CUST0255,Direct,Mobile,1,1,1,1
S05336,2025-04-03,CUST0162,Organic,Mobile,1,1,1,1
S05337,2025-08-06,CUST0303,Instagram,Mobile,1,0,0,0
S05338,2025-11-19,CUST0764,Instagram,Mobile,1,0,0,0
S05339,2025-03-30,CUST0777,Email,Desktop,1,1,1,0
S05340,2025-06-22,CUST0188,Google Ads,Mobile,1,0,0,0
S05341,2025-02-09,CUST0624,Organic,Mobile,1,1,1,1
S05342,2025-07-22,CUST0030,Email,Mobile,1,0,0,0
S05343,2025-08-09,CUST0785,Organic,Mobile,1,0,0,0
S05344,2025-02-16,CUST0436,Google Ads,Desktop,1,0,0,0
S05345,2025-08-31,CUST0315,Google Ads,Mobile,1,1,1,1
S05346,2025-03-29,CUST0887,Direct,Desktop,0,0,0,0
S05347,2025-06-06,CUST0388,Google Ads,Mobile,0,0,0,0
S05348,2025-06-11,CUST0680,Direct,Tablet,1,1,1,1
S05349,2025-01-20,CUST0480,Direct,Desktop,1,1,1,1
S05350,2025-05-28,CUST0608,Google Ads,Mobile,1,1,1,0
S05351,2025-07-20,CUST0135,Organic,Tablet,1,0,0,0
S05352,2025-11-08,CUST0038,Organic,Desktop,1,0,0,0
S05353,2025-05-31,CUST0288,Direct,Desktop,1,1,1,0
S05354,2025-04-10,CUST0069,Google Ads,Mobile,1,0,0,0
S05355,2025-09-04,CUST0746,Instagram,Mobile,1,1,0,0
S05356,2025-04-23,CUST0067,Instagram,Desktop,1,0,0,0
S05357,2025-08-07,CUST0568,Instagram,Mobile,1,1,1,0
S05358,2025-12-10,CUST0788,Organic,Desktop,0,0,0,0
S05359,2025-12-26,CUST0192,Instagram,Mobile,0,0,0,0
S05360,2025-01-25,CUST0120,Google Ads,Mobile,1,1,1,1
S05361,2025-10-16,CUST0401,Instagram,Mobile,1,1,1,1
S05362,2025-04-13,CUST0400,Direct,Mobile,0,0,0,0
S05363,2025-03-20,CUST0523,Email,Tablet,1,1,1,1
S05364,2025-01-16,CUST0909,Direct,Mobile,1,1,1,1
S05365,2025-12-07,CUST0658,Organic,Mobile,1,1,1,1
S05366,2025-02-28,CUST0014,Google Ads,Mobile,1,1,1,1
S05367,2025-07-13,CUST0546,Organic,Desktop,1,1,1,1
S05368,2025-05-05,CUST0716,Direct,Tablet,1,0,0,0
S05369,2025-02-01,CUST0598,Organic,Mobile,1,0,0,0
S05370,2025-06-27,CUST0469,Direct,Mobile,1,0,0,0
S05371,2025-08-07,CUST0893,Direct,Desktop,1,1,1,1
S05372,2025-04-10,CUST0154,Instagram,Mobile,1,1,1,1
S05373,2025-04-13,CUST0170,Instagram,Mobile,1,1,0,0
S05374,2025-04-28,CUST0957,Google Ads,Desktop,1,1,1,1
S05375,2025-08-31,CUST0679,Email,Mobile,1,0,0,0
S05376,2025-04-29,CUST0386,Google Ads,Mobile,1,1,1,1
S05377,2025-01-07,CUST0697,Organic,Mobile,1,1,0,0
S05378,2025-01-10,CUST0306,Email,Desktop,0,0,0,0
S05379,2025-11-12,CUST0625,Organic,Mobile,0,0,0,0
S05380,2025-10-08,CUST0656,Instagram,Mobile,1,1,0,0
S05381,2025-02-11,CUST0318,Instagram,Mobile,1,0,0,0
S05382,2025-02-16,CUST0354,Direct,Tablet,1,1,1,1
S05383,2025-04-06,CUST0907,Google Ads,Mobile,0,0,0,0
S05384,2025-09-03,CUST0211,Google Ads,Mobile,0,0,0,0
S05385,2025-08-12,CUST0895,Organic,Mobile,0,0,0,0
S05386,2025-04-24,CUST0703,Direct,Mobile,1,0,0,0
S05387,2025-02-01,CUST0798,Instagram,Mobile,1,1,1,1
S05388,2025-11-26,CUST0694,Instagram,Desktop,1,1,1,1
S05389,2025-06-02,CUST0455,Direct,Mobile,1,1,1,1
S05390,2025-08-05,CUST0667,Organic,Desktop,1,0,0,0
S05391,2025-09-03,CUST0854,Email,Mobile,1,1,1,1
S05392,2025-09-29,CUST0192,Instagram,Mobile,1,0,0,0
S05393,2025-12-16,CUST0593,Instagram,Mobile,1,0,0,0
S05394,2025-09-18,CUST0335,Instagram,Mobile,1,1,1,0
S05395,2025-01-07,CUST0905,Direct,Mobile,0,0,0,0
S05396,2025-07-24,CUST0844,Organic,Mobile,0,0,0,0
S05397,2025-09-21,CUST0968,Instagram,Mobile,1,1,0,0
S05398,2025-10-16,CUST0898,Direct,Mobile,0,0,0,0
S05399,2025-11-14,CUST0561,Direct,Desktop,0,0,0,0
S05400,2025-07-21,CUST0816,Instagram,Mobile,1,1,1,1
S05401,2025-04-26,CUST0567,Instagram,Desktop,1,0,0,0
S05402,2025-07-31,CUST0848,Google Ads,Desktop,0,0,0,0
S05403,2025-06-09,CUST0067,Email,Mobile,0,0,0,0
S05404,2025-05-09,CUST0627,Organic,Tablet,1,1,1,1
S05405,2025-12-13,CUST0112,Email,Mobile,1,1,1,0
S05406,2025-05-28,CUST0671,Google Ads,Tablet,1,1,1,0
S05407,2025-11-07,CUST0107,Organic,Tablet,1,1,1,1
S05408,2025-03-19,CUST0026,Email,Desktop,1,1,1,1
S05409,2025-09-19,CUST0622,Google Ads,Mobile,1,1,0,0
S05410,2025-02-21,CUST0066,Google Ads,Mobile,1,1,1,0
S05411,2025-09-15,CUST0414,Email,Desktop,1,1,1,1
S05412,2025-08-09,CUST0717,Organic,Mobile,1,1,0,0
S05413,2025-02-08,CUST0613,Email,Desktop,1,0,0,0
S05414,2025-09-05,CUST0500,Direct,Desktop,0,0,0,0
S05415,2025-10-15,CUST0718,Google Ads,Desktop,1,1,1,0
S05416,2025-09-11,CUST0001,Google Ads,Mobile,1,1,1,0
S05417,2025-04-26,CUST0736,Email,Mobile,1,1,1,1
S05418,2025-07-16,CUST0582,Organic,Mobile,1,1,1,1
S05419,2025-08-02,CUST0662,Instagram,Desktop,0,0,0,0
S05420,2025-04-02,CUST0459,Direct,Mobile,1,0,0,0
S05421,2025-02-01,CUST0369,Google Ads,Mobile,1,1,0,0
S05422,2025-04-03,CUST0727,Direct,Mobile,1,0,0,0
S05423,2025-08-20,CUST0822,Instagram,Mobile,1,0,0,0
S05424,2025-05-11,CUST0142,Instagram,Mobile,1,0,0,0
S05425,2025-11-14,CUST0014,Direct,Desktop,1,1,1,1
S05426,2025-08-11,CUST0468,Organic,Mobile,1,0,0,0
S05427,2025-01-13,CUST0711,Direct,Mobile,1,0,0,0
S05428,2025-11-22,CUST0531,Instagram,Mobile,1,1,0,0
S05429,2025-01-21,CUST0410,Direct,Desktop,0,0,0,0
S05430,2025-01-14,CUST0827,Direct,Tablet,0,0,0,0
S05431,2025-12-11,CUST0150,Google Ads,Mobile,0,0,0,0
S05432,2025-11-23,CUST0774,Email,Mobile,1,0,0,0
S05433,2025-04-17,CUST0831,Google Ads,Desktop,1,0,0,0
S05434,2025-05-08,CUST0333,Direct,Mobile,1,0,0,0
S05435,2025-02-01,CUST0074,Google Ads,Mobile,1,1,1,1
S05436,2025-06-18,CUST0438,Direct,Mobile,1,1,0,0
S05437,2025-10-15,CUST0383,Organic,Mobile,1,1,1,1
S05438,2025-03-22,CUST0915,Email,Mobile,1,0,0,0
S05439,2025-07-01,CUST0351,Instagram,Desktop,1,1,1,1
S05440,2025-12-24,CUST0266,Organic,Mobile,1,1,1,1
S05441,2025-07-09,CUST0805,Instagram,Mobile,1,0,0,0
S05442,2025-09-12,CUST0973,Instagram,Mobile,0,0,0,0
S05443,2025-12-07,CUST0657,Organic,Mobile,0,0,0,0
S05444,2025-10-26,CUST0951,Instagram,Mobile,0,0,0,0
S05445,2025-06-15,CUST0645,Direct,Mobile,1,1,1,1
S05446,2025-09-13,CUST0405,Google Ads,Desktop,1,1,0,0
S05447,2025-07-17,CUST0886,Instagram,Desktop,1,0,0,0
S05448,2025-08-01,CUST0423,Direct,Mobile,1,1,0,0
S05449,2025-02-14,CUST0660,Google Ads,Mobile,1,1,1,1
S05450,2025-10-29,CUST0967,Instagram,Mobile,1,1,1,1
S05451,2025-12-26,CUST0911,Email,Mobile,1,1,1,1
S05452,2025-01-13,CUST0079,Instagram,Mobile,1,0,0,0
S05453,2025-02-21,CUST0309,Instagram,Mobile,1,0,0,0
S05454,2025-09-22,CUST0727,Instagram,Mobile,1,1,1,1
S05455,2025-11-21,CUST0033,Instagram,Tablet,1,0,0,0
S05456,2025-02-12,CUST0890,Google Ads,Desktop,1,1,1,1
S05457,2025-01-07,CUST0428,Google Ads,Mobile,1,1,0,0
S05458,2025-08-18,CUST0706,Email,Desktop,0,0,0,0
S05459,2025-02-13,CUST0690,Email,Mobile,1,1,1,1
S05460,2025-06-21,CUST0800,Organic,Mobile,0,0,0,0
S05461,2025-04-12,CUST0335,Organic,Mobile,1,1,0,0
S05462,2025-08-11,CUST0455,Organic,Mobile,1,0,0,0
S05463,2025-03-09,CUST0713,Google Ads,Desktop,1,1,1,1
S05464,2025-05-02,CUST0951,Direct,Desktop,0,0,0,0
S05465,2025-03-18,CUST0412,Instagram,Desktop,1,0,0,0
S05466,2025-10-27,CUST0470,Direct,Mobile,1,0,0,0
S05467,2025-10-23,CUST0515,Organic,Desktop,1,0,0,0
S05468,2025-07-24,CUST0565,Direct,Tablet,0,0,0,0
S05469,2025-11-14,CUST0938,Direct,Desktop,1,0,0,0
S05470,2025-06-20,CUST0770,Instagram,Mobile,1,1,1,1
S05471,2025-08-06,CUST0121,Organic,Tablet,1,0,0,0
S05472,2025-11-01,CUST0150,Instagram,Mobile,1,1,1,0
S05473,2025-07-12,CUST0153,Organic,Mobile,0,0,0,0
S05474,2025-11-29,CUST0729,Google Ads,Desktop,1,1,1,0
S05475,2025-06-02,CUST0928,Google Ads,Mobile,0,0,0,0
S05476,2025-02-10,CUST0647,Email,Mobile,1,1,1,1
S05477,2025-01-23,CUST0256,Google Ads,Mobile,1,1,0,0
S05478,2025-07-05,CUST0574,Instagram,Mobile,0,0,0,0
S05479,2025-08-04,CUST0799,Direct,Mobile,0,0,0,0
S05480,2025-02-12,CUST0063,Organic,Mobile,1,1,1,1
S05481,2025-12-27,CUST0293,Direct,Mobile,0,0,0,0
S05482,2025-04-23,CUST0068,Instagram,Mobile,1,1,1,0
S05483,2025-08-19,CUST0225,Organic,Mobile,0,0,0,0
S05484,2025-04-20,CUST0847,Organic,Mobile,1,0,0,0
S05485,2025-05-18,CUST0649,Instagram,Mobile,1,1,1,1
S05486,2025-04-15,CUST0454,Organic,Desktop,1,0,0,0
S05487,2025-11-12,CUST0558,Google Ads,Desktop,1,1,0,0
S05488,2025-05-20,CUST0607,Instagram,Mobile,0,0,0,0
S05489,2025-09-12,CUST0290,Instagram,Mobile,1,1,1,1
S05490,2025-12-15,CUST0876,Organic,Desktop,1,0,0,0
S05491,2025-03-16,CUST0247,Email,Mobile,0,0,0,0
S05492,2025-08-21,CUST0316,Google Ads,Tablet,1,1,1,1
S05493,2025-07-31,CUST0998,Direct,Mobile,1,1,1,1
S05494,2025-02-27,CUST0909,Organic,Mobile,0,0,0,0
S05495,2025-02-07,CUST0292,Direct,Mobile,0,0,0,0
S05496,2025-09-19,CUST0480,Organic,Mobile,0,0,0,0
S05497,2025-07-31,CUST0214,Organic,Mobile,0,0,0,0
S05498,2025-05-18,CUST0768,Google Ads,Mobile,1,0,0,0
S05499,2025-10-09,CUST0560,Instagram,Tablet,1,1,1,1
S05500,2025-02-27,CUST0605,Instagram,Mobile,1,1,1,1
S05501,2025-09-30,CUST0971,Organic,Desktop,1,1,1,1
S05502,2025-02-22,CUST0518,Email,Mobile,1,0,0,0
S05503,2025-07-25,CUST0901,Instagram,Desktop,1,1,0,0
S05504,2025-01-05,CUST0193,Organic,Desktop,1,0,0,0
S05505,2025-11-19,CUST0615,Direct,Mobile,1,0,0,0
S05506,2025-04-17,CUST0434,Instagram,Mobile,1,1,1,1
S05507,2025-08-31,CUST0074,Instagram,Mobile,1,1,1,1
S05508,2025-05-28,CUST0074,Google Ads,Mobile,1,1,0,0
S05509,2025-06-28,CUST0625,Instagram,Desktop,1,1,1,1
S05510,2025-06-23,CUST0664,Instagram,Desktop,1,1,1,1
S05511,2025-11-19,CUST0263,Direct,Desktop,1,0,0,0
S05512,2025-05-19,CUST0086,Instagram,Mobile,0,0,0,0
S05513,2025-06-24,CUST0058,Google Ads,Mobile,1,1,1,1
S05514,2025-09-10,CUST0661,Organic,Mobile,1,1,1,0
S05515,2025-09-07,CUST0726,Organic,Mobile,1,0,0,0
S05516,2025-05-16,CUST0417,Organic,Mobile,0,0,0,0
S05517,2025-01-22,CUST0812,Google Ads,Mobile,1,1,1,1
S05518,2025-02-07,CUST0281,Google Ads,Desktop,1,0,0,0
S05519,2025-01-27,CUST0607,Instagram,Mobile,1,1,1,1
S05520,2025-10-09,CUST0208,Email,Mobile,1,0,0,0
S05521,2025-10-06,CUST0884,Google Ads,Mobile,0,0,0,0
S05522,2025-04-30,CUST0143,Google Ads,Mobile,1,1,0,0
S05523,2025-09-10,CUST0413,Instagram,Mobile,1,1,1,1
S05524,2025-12-25,CUST0595,Instagram,Mobile,0,0,0,0
S05525,2025-03-06,CUST0052,Direct,Mobile,1,1,1,1
S05526,2025-03-15,CUST0017,Google Ads,Mobile,1,0,0,0
S05527,2025-10-30,CUST0730,Instagram,Mobile,1,1,1,1
S05528,2025-11-13,CUST0740,Google Ads,Mobile,0,0,0,0
S05529,2025-06-23,CUST0804,Instagram,Mobile,1,1,1,1
S05530,2025-09-17,CUST0419,Organic,Desktop,1,1,1,1
S05531,2025-10-12,CUST0424,Instagram,Mobile,1,0,0,0
S05532,2025-03-14,CUST0919,Google Ads,Mobile,1,0,0,0
S05533,2025-03-20,CUST0201,Google Ads,Mobile,0,0,0,0
S05534,2025-02-13,CUST0418,Organic,Mobile,1,1,1,0
S05535,2025-08-21,CUST0442,Direct,Mobile,1,0,0,0
S05536,2025-01-03,CUST0502,Google Ads,Mobile,1,1,1,1
S05537,2025-03-20,CUST0082,Email,Desktop,1,1,1,1
S05538,2025-06-30,CUST0640,Instagram,Mobile,1,0,0,0
S05539,2025-05-19,CUST0080,Direct,Desktop,1,1,1,1
S05540,2025-10-30,CUST0189,Email,Desktop,1,0,0,0
S05541,2025-01-07,CUST0480,Google Ads,Mobile,1,1,1,1
S05542,2025-11-20,CUST0156,Direct,Desktop,0,0,0,0
S05543,2025-08-01,CUST0828,Email,Tablet,1,1,1,0
S05544,2025-01-01,CUST0160,Instagram,Mobile,1,1,1,0
S05545,2025-07-03,CUST0754,Direct,Mobile,1,0,0,0
S05546,2025-09-08,CUST0826,Instagram,Desktop,1,0,0,0
S05547,2025-08-03,CUST0594,Instagram,Desktop,0,0,0,0
S05548,2025-03-18,CUST0044,Direct,Mobile,1,1,0,0
S05549,2025-02-12,CUST0162,Email,Desktop,1,1,1,0
S05550,2025-06-06,CUST0733,Instagram,Desktop,1,1,1,0
S05551,2025-01-18,CUST0661,Instagram,Desktop,1,1,1,1
S05552,2025-12-09,CUST0636,Organic,Mobile,1,1,1,0
S05553,2025-08-08,CUST0510,Instagram,Desktop,1,1,1,1
S05554,2025-03-14,CUST0513,Organic,Desktop,1,1,1,1
S05555,2025-07-09,CUST0695,Organic,Mobile,1,0,0,0
S05556,2025-12-29,CUST0208,Email,Desktop,1,0,0,0
S05557,2025-09-19,CUST0945,Organic,Mobile,0,0,0,0
S05558,2025-05-24,CUST0097,Instagram,Mobile,1,1,1,1
S05559,2025-05-09,CUST0021,Instagram,Mobile,1,1,0,0
S05560,2025-10-05,CUST0355,Direct,Mobile,1,1,1,1
S05561,2025-10-29,CUST0951,Google Ads,Mobile,1,1,1,1
S05562,2025-07-09,CUST0505,Organic,Mobile,1,1,1,1
S05563,2025-05-31,CUST0923,Organic,Mobile,1,1,1,1
S05564,2025-11-03,CUST0404,Email,Tablet,1,0,0,0
S05565,2025-04-05,CUST0223,Organic,Mobile,1,0,0,0
S05566,2025-02-07,CUST0400,Direct,Mobile,0,0,0,0
S05567,2025-06-05,CUST0462,Google Ads,Tablet,1,1,1,1
S05568,2025-10-27,CUST0560,Instagram,Desktop,1,0,0,0
S05569,2025-12-13,CUST0032,Email,Desktop,1,1,1,1
S05570,2025-02-11,CUST0489,Organic,Mobile,1,0,0,0
S05571,2025-11-12,CUST0288,Instagram,Desktop,1,1,0,0
S05572,2025-05-06,CUST0437,Organic,Mobile,1,1,1,0
S05573,2025-11-09,CUST0380,Direct,Desktop,1,0,0,0
S05574,2025-03-18,CUST0437,Instagram,Mobile,1,0,0,0
S05575,2025-04-06,CUST0130,Email,Desktop,1,1,1,1
S05576,2025-09-20,CUST0441,Direct,Mobile,0,0,0,0
S05577,2025-11-03,CUST0493,Email,Desktop,1,0,0,0
S05578,2025-08-13,CUST0790,Instagram,Mobile,1,1,1,0
S05579,2025-04-21,CUST0997,Google Ads,Mobile,1,0,0,0
S05580,2025-08-26,CUST0245,Instagram,Desktop,1,1,1,1
S05581,2025-07-24,CUST0052,Google Ads,Desktop,1,0,0,0
S05582,2025-10-15,CUST0721,Instagram,Mobile,0,0,0,0
S05583,2025-09-20,CUST0864,Organic,Mobile,1,1,1,1
S05584,2025-03-17,CUST0230,Email,Mobile,0,0,0,0
S05585,2025-05-23,CUST0465,Google Ads,Mobile,1,1,1,0
S05586,2025-11-11,CUST0186,Organic,Mobile,1,1,1,1
S05587,2025-03-26,CUST0162,Direct,Desktop,1,1,1,1
S05588,2025-09-09,CUST0199,Direct,Mobile,1,1,1,0
S05589,2025-11-29,CUST0989,Google Ads,Desktop,1,0,0,0
S05590,2025-08-20,CUST0401,Direct,Mobile,1,0,0,0
S05591,2025-10-22,CUST0472,Direct,Mobile,1,1,0,0
S05592,2025-11-15,CUST0456,Direct,Desktop,1,1,1,1
S05593,2025-05-10,CUST0791,Organic,Mobile,1,0,0,0
S05594,2025-10-12,CUST0545,Instagram,Mobile,1,1,1,1
S05595,2025-11-13,CUST0413,Instagram,Mobile,1,1,1,1
S05596,2025-01-29,CUST0531,Direct,Mobile,1,0,0,0
S05597,2025-08-16,CUST0121,Direct,Mobile,1,0,0,0
S05598,2025-10-21,CUST0069,Email,Mobile,1,1,1,1
S05599,2025-01-07,CUST0293,Google Ads,Mobile,1,1,1,1
S05600,2025-01-30,CUST0727,Organic,Mobile,0,0,0,0
S05601,2025-08-03,CUST0635,Organic,Tablet,1,0,0,0
S05602,2025-04-25,CUST0410,Email,Mobile,1,1,1,1
S05603,2025-08-03,CUST0280,Direct,Desktop,0,0,0,0
S05604,2025-06-13,CUST0566,Instagram,Mobile,1,1,1,1
S05605,2025-06-19,CUST0533,Google Ads,Mobile,0,0,0,0
S05606,2025-08-09,CUST0609,Direct,Desktop,1,1,1,1
S05607,2025-09-17,CUST0858,Organic,Mobile,1,1,1,1
S05608,2025-07-31,CUST0650,Direct,Mobile,1,0,0,0
S05609,2025-09-18,CUST0554,Google Ads,Mobile,1,1,1,1
S05610,2025-10-29,CUST0925,Google Ads,Mobile,1,1,1,0
S05611,2025-11-27,CUST0953,Email,Desktop,1,1,1,1
S05612,2025-05-10,CUST0758,Instagram,Desktop,1,1,0,0
S05613,2025-04-15,CUST0419,Google Ads,Desktop,1,0,0,0
S05614,2025-02-23,CUST0028,Instagram,Mobile,0,0,0,0
S05615,2025-04-18,CUST0396,Organic,Mobile,0,0,0,0
S05616,2025-11-11,CUST0570,Google Ads,Tablet,1,0,0,0
S05617,2025-10-16,CUST0639,Instagram,Mobile,0,0,0,0
S05618,2025-09-12,CUST0428,Email,Mobile,1,1,1,1
S05619,2025-10-05,CUST0775,Google Ads,Desktop,1,1,0,0
S05620,2025-02-16,CUST0144,Email,Mobile,1,0,0,0
S05621,2025-05-14,CUST0980,Direct,Mobile,1,1,1,0
S05622,2025-01-24,CUST0093,Organic,Mobile,1,0,0,0
S05623,2025-04-27,CUST0035,Organic,Mobile,1,1,0,0
S05624,2025-08-27,CUST0604,Instagram,Mobile,1,0,0,0
S05625,2025-11-03,CUST0775,Email,Mobile,1,0,0,0
S05626,2025-02-10,CUST0470,Direct,Mobile,1,0,0,0
S05627,2025-09-07,CUST0526,Organic,Mobile,0,0,0,0
S05628,2025-11-19,CUST0315,Email,Desktop,1,1,1,1
S05629,2025-03-30,CUST0484,Organic,Desktop,1,1,1,1
S05630,2025-04-02,CUST0830,Google Ads,Desktop,1,1,1,1
S05631,2025-03-22,CUST0714,Instagram,Desktop,1,1,1,1
S05632,2025-05-10,CUST0376,Organic,Desktop,1,1,1,1
S05633,2025-04-01,CUST0834,Organic,Mobile,1,1,1,1
S05634,2025-04-10,CUST0790,Instagram,Mobile,1,1,1,1
S05635,2025-03-19,CUST0656,Direct,Mobile,1,1,1,0
S05636,2025-02-12,CUST0867,Organic,Tablet,1,1,1,1
S05637,2025-05-03,CUST0488,Instagram,Desktop,1,1,1,1
S05638,2025-10-15,CUST0496,Direct,Tablet,1,1,0,0
S05639,2025-01-23,CUST0971,Google Ads,Mobile,1,1,1,1
S05640,2025-05-24,CUST0376,Instagram,Desktop,1,0,0,0
S05641,2025-09-15,CUST0491,Google Ads,Desktop,1,1,1,1
S05642,2025-01-07,CUST0299,Instagram,Mobile,1,0,0,0
S05643,2025-10-04,CUST0353,Direct,Desktop,1,1,0,0
S05644,2025-07-05,CUST0354,Organic,Mobile,1,0,0,0
S05645,2025-04-05,CUST0884,Direct,Mobile,1,1,1,1
S05646,2025-01-25,CUST0481,Organic,Desktop,1,1,1,1
S05647,2025-10-18,CUST0979,Google Ads,Mobile,1,1,1,1
S05648,2025-08-15,CUST0404,Email,Desktop,1,1,0,0
S05649,2025-06-22,CUST0394,Google Ads,Mobile,1,1,1,0
S05650,2025-05-15,CUST0403,Instagram,Mobile,0,0,0,0
S05651,2025-10-15,CUST0757,Direct,Mobile,1,0,0,0
S05652,2025-11-05,CUST0491,Instagram,Desktop,1,1,1,1
S05653,2025-03-10,CUST0524,Instagram,Desktop,1,0,0,0
S05654,2025-10-08,CUST0394,Email,Mobile,0,0,0,0
S05655,2025-12-17,CUST0583,Organic,Desktop,1,0,0,0
S05656,2025-12-08,CUST0696,Organic,Mobile,1,1,1,1
S05657,2025-12-24,CUST0104,Instagram,Mobile,1,0,0,0
S05658,2025-11-29,CUST0011,Instagram,Desktop,1,1,0,0
S05659,2025-08-19,CUST0720,Organic,Desktop,1,1,1,1
S05660,2025-12-08,CUST0225,Direct,Mobile,0,0,0,0
S05661,2025-11-13,CUST0317,Google Ads,Mobile,1,0,0,0
S05662,2025-11-03,CUST0894,Direct,Desktop,1,1,0,0
S05663,2025-09-15,CUST0422,Direct,Mobile,1,0,0,0
S05664,2025-06-22,CUST0273,Organic,Desktop,1,1,1,0
S05665,2025-02-01,CUST0054,Organic,Mobile,1,0,0,0
S05666,2025-07-19,CUST0173,Organic,Desktop,1,1,0,0
S05667,2025-03-21,CUST0247,Direct,Mobile,1,1,1,1
S05668,2025-12-19,CUST0665,Google Ads,Mobile,1,1,0,0
S05669,2025-03-16,CUST0618,Organic,Mobile,1,0,0,0
S05670,2025-09-21,CUST0159,Direct,Mobile,1,0,0,0
S05671,2025-03-26,CUST0106,Email,Mobile,1,0,0,0
S05672,2025-08-05,CUST0705,Email,Mobile,0,0,0,0
S05673,2025-05-01,CUST0295,Instagram,Mobile,1,0,0,0
S05674,2025-01-20,CUST0276,Instagram,Mobile,1,1,1,0
S05675,2025-05-29,CUST0585,Email,Mobile,1,1,1,1
S05676,2025-01-07,CUST0043,Google Ads,Mobile,0,0,0,0
S05677,2025-03-27,CUST0884,Google Ads,Mobile,1,1,1,0
S05678,2025-05-27,CUST0194,Direct,Tablet,1,1,1,0
S05679,2025-11-12,CUST0641,Organic,Desktop,1,0,0,0
S05680,2025-07-06,CUST0311,Organic,Mobile,1,0,0,0
S05681,2025-11-21,CUST0620,Google Ads,Mobile,1,1,1,0
S05682,2025-10-28,CUST0103,Google Ads,Mobile,1,1,1,0
S05683,2025-11-14,CUST0947,Instagram,Desktop,1,0,0,0
S05684,2025-07-12,CUST0645,Direct,Desktop,0,0,0,0
S05685,2025-10-09,CUST0250,Google Ads,Mobile,1,0,0,0
S05686,2025-07-07,CUST0396,Google Ads,Mobile,1,1,0,0
S05687,2025-01-18,CUST0782,Instagram,Mobile,1,0,0,0
S05688,2025-11-11,CUST0956,Instagram,Mobile,1,1,1,1
S05689,2025-05-29,CUST0615,Direct,Mobile,1,1,1,1
S05690,2025-02-15,CUST0992,Google Ads,Mobile,0,0,0,0
S05691,2025-01-12,CUST0296,Direct,Mobile,1,1,1,1
S05692,2025-08-18,CUST0238,Instagram,Mobile,1,1,1,1
S05693,2025-04-23,CUST0620,Organic,Desktop,1,0,0,0
S05694,2025-06-09,CUST0649,Instagram,Mobile,1,0,0,0
S05695,2025-08-15,CUST0938,Instagram,Mobile,0,0,0,0
S05696,2025-07-02,CUST0810,Google Ads,Mobile,0,0,0,0
S05697,2025-02-24,CUST0289,Organic,Mobile,1,1,1,1
S05698,2025-09-23,CUST0537,Instagram,Desktop,1,1,1,1
S05699,2025-02-04,CUST0630,Organic,Mobile,1,0,0,0
S05700,2025-03-21,CUST0742,Google Ads,Mobile,0,0,0,0
S05701,2025-01-06,CUST0846,Direct,Mobile,1,0,0,0
S05702,2025-05-07,CUST0256,Instagram,Mobile,1,0,0,0
S05703,2025-03-09,CUST0521,Organic,Mobile,1,1,0,0
S05704,2025-07-09,CUST0119,Google Ads,Mobile,1,0,0,0
S05705,2025-09-01,CUST0119,Google Ads,Desktop,1,1,1,1
S05706,2025-01-09,CUST0091,Google Ads,Tablet,1,1,1,0
S05707,2025-06-06,CUST0172,Instagram,Desktop,1,0,0,0
S05708,2025-03-12,CUST0723,Direct,Mobile,1,1,1,1
S05709,2025-05-14,CUST0826,Direct,Mobile,1,1,1,0
S05710,2025-10-27,CUST0921,Email,Desktop,1,0,0,0
S05711,2025-11-16,CUST0116,Google Ads,Desktop,1,0,0,0
S05712,2025-09-06,CUST0800,Organic,Mobile,0,0,0,0
S05713,2025-11-19,CUST0534,Instagram,Mobile,1,1,1,1
S05714,2025-02-13,CUST0349,Instagram,Tablet,1,1,1,1
S05715,2025-04-26,CUST0567,Organic,Desktop,0,0,0,0
S05716,2025-08-16,CUST0476,Direct,Mobile,1,1,1,1
S05717,2025-02-26,CUST0445,Direct,Mobile,1,1,1,1
S05718,2025-09-01,CUST0108,Direct,Desktop,1,1,1,1
S05719,2025-02-26,CUST0953,Email,Desktop,1,1,1,1
S05720,2025-05-23,CUST0589,Email,Mobile,1,1,0,0
S05721,2025-07-11,CUST0573,Google Ads,Mobile,1,0,0,0
S05722,2025-01-07,CUST0122,Direct,Mobile,1,1,1,1
S05723,2025-10-02,CUST0604,Google Ads,Mobile,1,1,0,0
S05724,2025-05-14,CUST0835,Organic,Mobile,1,1,1,1
S05725,2025-02-08,CUST0222,Google Ads,Desktop,0,0,0,0
S05726,2025-07-12,CUST0459,Instagram,Mobile,1,1,1,1
S05727,2025-11-23,CUST0642,Google Ads,Desktop,1,1,1,1
S05728,2025-01-25,CUST0498,Instagram,Mobile,0,0,0,0
S05729,2025-04-12,CUST0370,Google Ads,Mobile,0,0,0,0
S05730,2025-05-31,CUST0953,Organic,Mobile,1,0,0,0
S05731,2025-08-05,CUST0760,Organic,Mobile,1,1,0,0
S05732,2025-08-18,CUST0121,Instagram,Desktop,1,1,0,0
S05733,2025-09-24,CUST0201,Instagram,Mobile,1,0,0,0
S05734,2025-06-11,CUST0161,Instagram,Mobile,1,1,1,0
S05735,2025-10-14,CUST0762,Direct,Mobile,1,1,0,0
S05736,2025-06-15,CUST0218,Direct,Tablet,1,0,0,0
S05737,2025-09-04,CUST0575,Organic,Desktop,1,0,0,0
S05738,2025-06-23,CUST0400,Organic,Desktop,1,1,1,1
S05739,2025-01-09,CUST0729,Email,Mobile,1,0,0,0
S05740,2025-10-03,CUST0385,Direct,Mobile,0,0,0,0
S05741,2025-02-28,CUST0853,Google Ads,Mobile,1,1,0,0
S05742,2025-03-26,CUST0064,Instagram,Desktop,1,0,0,0
S05743,2025-05-30,CUST0212,Instagram,Mobile,1,1,0,0
S05744,2025-11-17,CUST0632,Email,Desktop,1,1,1,1
S05745,2025-03-01,CUST0069,Google Ads,Mobile,0,0,0,0
S05746,2025-05-05,CUST0124,Organic,Desktop,1,0,0,0
S05747,2025-02-10,CUST0377,Google Ads,Mobile,1,0,0,0
S05748,2025-12-03,CUST0657,Instagram,Desktop,1,1,0,0
S05749,2025-06-22,CUST0296,Direct,Mobile,1,0,0,0
S05750,2025-09-17,CUST0358,Email,Mobile,1,1,1,0
S05751,2025-11-22,CUST0641,Email,Mobile,1,1,1,0
S05752,2025-06-22,CUST0525,Instagram,Mobile,1,1,1,1
S05753,2025-07-05,CUST0786,Organic,Tablet,1,1,0,0
S05754,2025-08-29,CUST0068,Direct,Mobile,1,0,0,0
S05755,2025-12-05,CUST0879,Instagram,Mobile,1,1,1,0
S05756,2025-04-04,CUST0270,Google Ads,Mobile,1,0,0,0
S05757,2025-03-04,CUST0133,Google Ads,Desktop,0,0,0,0
S05758,2025-08-09,CUST0062,Direct,Mobile,0,0,0,0
S05759,2025-01-08,CUST0161,Organic,Mobile,1,1,1,1
S05760,2025-08-01,CUST0026,Email,Tablet,1,1,1,1
S05761,2025-07-28,CUST0759,Google Ads,Desktop,1,1,1,1
S05762,2025-07-28,CUST0701,Organic,Desktop,1,1,1,0
S05763,2025-03-26,CUST0964,Direct,Desktop,1,1,1,1
S05764,2025-07-26,CUST0286,Direct,Mobile,0,0,0,0
S05765,2025-12-13,CUST0446,Organic,Mobile,0,0,0,0
S05766,2025-06-02,CUST0830,Email,Mobile,0,0,0,0
S05767,2025-06-10,CUST0849,Organic,Mobile,1,0,0,0
S05768,2025-04-26,CUST0732,Google Ads,Mobile,0,0,0,0
S05769,2025-12-28,CUST0838,Google Ads,Mobile,1,0,0,0
S05770,2025-09-08,CUST0953,Email,Mobile,1,1,1,0
S05771,2025-07-02,CUST0249,Organic,Mobile,0,0,0,0
S05772,2025-06-13,CUST0091,Google Ads,Desktop,1,0,0,0
S05773,2025-11-24,CUST0036,Organic,Mobile,1,0,0,0
S05774,2025-03-21,CUST0007,Email,Desktop,1,0,0,0
S05775,2025-01-07,CUST0506,Organic,Desktop,1,1,1,1
S05776,2025-11-21,CUST0321,Email,Mobile,1,0,0,0
S05777,2025-03-28,CUST0202,Direct,Mobile,1,1,1,1
S05778,2025-01-08,CUST0845,Instagram,Mobile,1,1,1,0
S05779,2025-02-05,CUST0553,Email,Mobile,1,1,1,0
S05780,2025-09-08,CUST0544,Instagram,Mobile,0,0,0,0
S05781,2025-04-10,CUST0654,Email,Desktop,1,1,1,0
S05782,2025-03-20,CUST0256,Email,Mobile,1,1,1,1
S05783,2025-10-13,CUST0161,Instagram,Mobile,1,1,1,1
S05784,2025-09-28,CUST0030,Organic,Mobile,1,1,1,1
S05785,2025-08-09,CUST0457,Direct,Mobile,1,1,1,1
S05786,2025-07-15,CUST0262,Direct,Desktop,1,1,1,1
S05787,2025-08-14,CUST0010,Email,Tablet,1,1,1,1
S05788,2025-03-28,CUST0715,Instagram,Desktop,0,0,0,0
S05789,2025-02-27,CUST0359,Google Ads,Desktop,1,1,1,1
S05790,2025-06-19,CUST0276,Google Ads,Mobile,1,0,0,0
S05791,2025-04-07,CUST0857,Organic,Mobile,1,1,1,0
S05792,2025-05-26,CUST0124,Direct,Mobile,1,1,1,0
S05793,2025-12-24,CUST0630,Organic,Desktop,1,0,0,0
S05794,2025-01-18,CUST0268,Email,Mobile,1,0,0,0
S05795,2025-07-03,CUST0278,Google Ads,Mobile,1,1,1,1
S05796,2025-05-23,CUST0076,Email,Desktop,1,1,0,0
S05797,2025-11-30,CUST0526,Instagram,Tablet,1,0,0,0
S05798,2025-03-03,CUST0618,Instagram,Desktop,1,1,1,1
S05799,2025-06-12,CUST0176,Google Ads,Mobile,0,0,0,0
S05800,2025-02-09,CUST0694,Organic,Mobile,1,1,1,1
S05801,2025-06-28,CUST0036,Direct,Mobile,0,0,0,0
S05802,2025-08-23,CUST0957,Direct,Tablet,1,0,0,0
S05803,2025-03-01,CUST0567,Instagram,Desktop,1,1,0,0
S05804,2025-08-16,CUST0270,Instagram,Mobile,1,1,1,1
S05805,2025-08-27,CUST0002,Google Ads,Mobile,1,1,0,0
S05806,2025-02-25,CUST0256,Email,Desktop,0,0,0,0
S05807,2025-08-22,CUST0514,Direct,Tablet,1,0,0,0
S05808,2025-03-25,CUST0573,Instagram,Mobile,1,1,1,0
S05809,2025-07-22,CUST0363,Email,Desktop,0,0,0,0
S05810,2025-02-10,CUST0107,Instagram,Mobile,0,0,0,0
S05811,2025-01-17,CUST0134,Email,Mobile,0,0,0,0
S05812,2025-04-15,CUST0409,Google Ads,Desktop,1,0,0,0
S05813,2025-01-25,CUST0451,Email,Desktop,1,0,0,0
S05814,2025-04-03,CUST0535,Instagram,Mobile,1,1,0,0
S05815,2025-08-03,CUST0585,Instagram,Mobile,1,0,0,0
S05816,2025-07-03,CUST0351,Google Ads,Tablet,0,0,0,0
S05817,2025-08-05,CUST0028,Direct,Desktop,0,0,0,0
S05818,2025-05-31,CUST0537,Email,Desktop,1,0,0,0
S05819,2025-09-15,CUST0867,Google Ads,Mobile,1,1,1,1
S05820,2025-10-28,CUST0065,Email,Mobile,1,1,1,1
S05821,2025-04-29,CUST0194,Email,Mobile,1,1,1,1
S05822,2025-05-14,CUST0207,Instagram,Desktop,1,0,0,0
S05823,2025-07-26,CUST0299,Instagram,Mobile,1,1,0,0
S05824,2025-09-20,CUST0040,Google Ads,Desktop,1,0,0,0
S05825,2025-11-18,CUST0464,Organic,Desktop,1,0,0,0
S05826,2025-07-09,CUST0023,Google Ads,Desktop,1,1,1,0
S05827,2025-06-07,CUST0689,Email,Mobile,1,0,0,0
S05828,2025-03-17,CUST0995,Organic,Mobile,1,0,0,0
S05829,2025-02-21,CUST0776,Organic,Mobile,1,1,1,1
S05830,2025-08-14,CUST0128,Direct,Mobile,1,1,0,0
S05831,2025-04-04,CUST0263,Direct,Desktop,0,0,0,0
S05832,2025-10-19,CUST0789,Instagram,Desktop,1,1,0,0
S05833,2025-10-18,CUST0035,Google Ads,Mobile,1,0,0,0
S05834,2025-11-18,CUST0487,Organic,Tablet,1,0,0,0
S05835,2025-06-27,CUST0101,Instagram,Mobile,1,1,1,1
S05836,2025-04-16,CUST0737,Email,Mobile,1,1,0,0
S05837,2025-03-17,CUST0741,Direct,Mobile,1,1,1,1
S05838,2025-01-04,CUST0611,Instagram,Tablet,1,0,0,0
S05839,2025-11-07,CUST0082,Instagram,Mobile,1,1,1,1
S05840,2025-07-06,CUST0317,Email,Mobile,1,1,1,1
S05841,2025-01-20,CUST0979,Email,Mobile,1,1,1,1
S05842,2025-10-02,CUST0330,Direct,Tablet,1,1,1,1
S05843,2025-05-16,CUST0196,Email,Desktop,1,1,1,1
S05844,2025-01-27,CUST0414,Instagram,Mobile,1,1,1,1
S05845,2025-05-16,CUST0877,Organic,Mobile,1,0,0,0
S05846,2025-01-18,CUST0509,Instagram,Desktop,0,0,0,0
S05847,2025-10-12,CUST0481,Instagram,Desktop,1,1,1,1
S05848,2025-10-29,CUST0068,Organic,Desktop,1,1,1,1
S05849,2025-05-18,CUST0393,Instagram,Desktop,0,0,0,0
S05850,2025-08-20,CUST0273,Instagram,Mobile,1,1,1,1
S05851,2025-12-06,CUST0299,Direct,Desktop,0,0,0,0
S05852,2025-09-14,CUST0871,Instagram,Tablet,1,1,1,1
S05853,2025-08-07,CUST0856,Direct,Desktop,1,1,1,1
S05854,2025-05-12,CUST0953,Instagram,Mobile,0,0,0,0
S05855,2025-12-23,CUST0871,Direct,Desktop,1,1,1,1
S05856,2025-09-13,CUST0141,Google Ads,Desktop,0,0,0,0
S05857,2025-04-06,CUST0185,Organic,Desktop,0,0,0,0
S05858,2025-10-01,CUST0666,Google Ads,Mobile,1,1,1,1
S05859,2025-11-30,CUST0189,Instagram,Mobile,1,1,1,1
S05860,2025-10-28,CUST0574,Instagram,Mobile,1,1,1,0
S05861,2025-01-15,CUST0019,Email,Desktop,1,0,0,0
S05862,2025-06-28,CUST0081,Google Ads,Mobile,1,0,0,0
S05863,2025-09-17,CUST0498,Direct,Mobile,1,1,1,1
S05864,2025-03-29,CUST0542,Direct,Mobile,1,0,0,0
S05865,2025-04-04,CUST0639,Email,Desktop,1,0,0,0
S05866,2025-11-29,CUST0218,Direct,Mobile,1,1,1,1
S05867,2025-01-28,CUST0525,Organic,Desktop,0,0,0,0
S05868,2025-07-04,CUST0689,Organic,Mobile,1,0,0,0
S05869,2025-03-16,CUST0338,Instagram,Desktop,0,0,0,0
S05870,2025-02-23,CUST0121,Instagram,Desktop,0,0,0,0
S05871,2025-11-17,CUST0469,Email,Desktop,1,0,0,0
S05872,2025-02-16,CUST0372,Direct,Mobile,1,1,1,1
S05873,2025-09-05,CUST0482,Instagram,Mobile,1,1,1,1
S05874,2025-08-22,CUST0179,Instagram,Mobile,1,1,1,0
S05875,2025-04-28,CUST0111,Organic,Mobile,1,1,1,1
S05876,2025-09-17,CUST0009,Instagram,Desktop,1,1,1,1
S05877,2025-08-18,CUST0222,Organic,Mobile,1,1,0,0
S05878,2025-10-17,CUST0797,Instagram,Mobile,1,0,0,0
S05879,2025-08-29,CUST0861,Instagram,Mobile,0,0,0,0
S05880,2025-11-28,CUST0622,Direct,Desktop,0,0,0,0
S05881,2025-07-01,CUST0979,Organic,Mobile,0,0,0,0
S05882,2025-11-13,CUST0648,Instagram,Mobile,0,0,0,0
S05883,2025-04-11,CUST0108,Direct,Mobile,0,0,0,0
S05884,2025-09-05,CUST0337,Email,Mobile,1,0,0,0
S05885,2025-12-15,CUST0204,Email,Mobile,1,0,0,0
S05886,2025-12-24,CUST0527,Direct,Mobile,1,1,1,0
S05887,2025-04-23,CUST0453,Instagram,Mobile,1,1,1,1
S05888,2025-08-09,CUST0674,Organic,Mobile,1,1,1,1
S05889,2025-12-05,CUST0948,Instagram,Desktop,1,1,1,1
S05890,2025-05-28,CUST0946,Email,Desktop,1,1,1,1
S05891,2025-10-23,CUST0195,Instagram,Mobile,1,1,1,1
S05892,2025-07-16,CUST0261,Instagram,Mobile,1,1,1,1
S05893,2025-03-10,CUST0866,Direct,Desktop,1,1,1,1
S05894,2025-10-15,CUST0009,Organic,Mobile,1,1,0,0
S05895,2025-01-24,CUST0216,Instagram,Desktop,1,1,1,1
S05896,2025-07-05,CUST0773,Google Ads,Mobile,0,0,0,0
S05897,2025-06-19,CUST0923,Instagram,Mobile,1,1,0,0
S05898,2025-10-18,CUST0113,Instagram,Mobile,1,0,0,0
S05899,2025-02-01,CUST0629,Instagram,Desktop,1,1,1,1
S05900,2025-10-28,CUST0340,Direct,Mobile,1,1,1,1
S05901,2025-06-25,CUST0047,Google Ads,Mobile,1,1,1,0
S05902,2025-12-30,CUST0830,Google Ads,Tablet,1,1,1,1
S05903,2025-12-08,CUST0813,Instagram,Desktop,1,0,0,0
S05904,2025-06-26,CUST0489,Organic,Mobile,1,0,0,0
S05905,2025-10-17,CUST0322,Instagram,Mobile,1,0,0,0
S05906,2025-05-24,CUST0791,Organic,Mobile,0,0,0,0
S05907,2025-01-11,CUST0098,Direct,Mobile,1,1,1,0
S05908,2025-05-27,CUST0445,Organic,Desktop,1,1,1,1
S05909,2025-12-14,CUST0093,Direct,Desktop,1,1,1,1
S05910,2025-11-06,CUST0811,Direct,Desktop,1,0,0,0
S05911,2025-07-14,CUST0252,Email,Desktop,1,1,1,1
S05912,2025-03-17,CUST0163,Direct,Mobile,1,1,1,0
S05913,2025-06-09,CUST0158,Direct,Mobile,1,1,0,0
S05914,2025-04-10,CUST0579,Email,Mobile,0,0,0,0
S05915,2025-04-26,CUST0138,Google Ads,Desktop,1,0,0,0
S05916,2025-03-24,CUST0384,Direct,Mobile,1,1,0,0
S05917,2025-11-08,CUST0312,Direct,Desktop,1,0,0,0
S05918,2025-03-04,CUST0290,Organic,Tablet,1,1,1,1
S05919,2025-05-12,CUST0065,Instagram,Mobile,1,0,0,0
S05920,2025-09-05,CUST0774,Google Ads,Mobile,0,0,0,0
S05921,2025-05-11,CUST0198,Google Ads,Desktop,0,0,0,0
S05922,2025-06-07,CUST0683,Instagram,Mobile,1,0,0,0
S05923,2025-08-04,CUST0528,Google Ads,Mobile,1,1,0,0
S05924,2025-11-22,CUST0703,Organic,Mobile,1,1,1,1
S05925,2025-02-03,CUST0961,Email,Mobile,1,0,0,0
S05926,2025-11-28,CUST0901,Google Ads,Mobile,0,0,0,0
S05927,2025-10-25,CUST0537,Email,Mobile,0,0,0,0
S05928,2025-10-06,CUST0250,Email,Tablet,0,0,0,0
S05929,2025-10-23,CUST0539,Organic,Mobile,0,0,0,0
S05930,2025-01-15,CUST0682,Instagram,Mobile,1,1,0,0
S05931,2025-04-25,CUST0117,Email,Desktop,1,0,0,0
S05932,2025-02-26,CUST0892,Instagram,Mobile,0,0,0,0
S05933,2025-05-22,CUST0567,Google Ads,Mobile,1,0,0,0
S05934,2025-07-26,CUST0486,Direct,Tablet,1,1,1,1
S05935,2025-05-20,CUST0363,Organic,Mobile,0,0,0,0
S05936,2025-04-17,CUST0026,Organic,Mobile,1,0,0,0
S05937,2025-10-18,CUST0784,Google Ads,Mobile,1,1,0,0
S05938,2025-03-19,CUST0877,Email,Desktop,1,0,0,0
S05939,2025-01-02,CUST0620,Instagram,Desktop,1,0,0,0
S05940,2025-10-01,CUST0602,Organic,Desktop,0,0,0,0
S05941,2025-02-04,CUST0493,Instagram,Desktop,1,0,0,0
S05942,2025-09-22,CUST0357,Google Ads,Mobile,1,0,0,0
S05943,2025-08-06,CUST0412,Email,Desktop,1,1,1,0
S05944,2025-03-08,CUST0476,Direct,Desktop,1,0,0,0
S05945,2025-03-10,CUST0414,Email,Tablet,1,1,0,0
S05946,2025-08-12,CUST0894,Google Ads,Desktop,1,1,0,0
S05947,2025-12-27,CUST0122,Instagram,Desktop,1,0,0,0
S05948,2025-10-21,CUST0461,Direct,Desktop,1,1,1,1
S05949,2025-11-22,CUST0857,Google Ads,Desktop,1,0,0,0
S05950,2025-07-22,CUST0429,Email,Mobile,1,0,0,0
S05951,2025-03-22,CUST0243,Google Ads,Tablet,1,1,0,0
S05952,2025-03-07,CUST0403,Instagram,Desktop,1,1,1,1
S05953,2025-10-24,CUST0781,Google Ads,Mobile,1,1,1,0
S05954,2025-10-07,CUST0252,Direct,Mobile,0,0,0,0
S05955,2025-09-18,CUST0075,Instagram,Mobile,1,1,1,1
S05956,2025-10-04,CUST0112,Email,Desktop,1,1,1,1
S05957,2025-01-06,CUST0663,Organic,Mobile,1,0,0,0
S05958,2025-05-12,CUST0782,Direct,Mobile,1,1,1,1
S05959,2025-09-22,CUST0970,Direct,Mobile,1,1,1,1
S05960,2025-11-21,CUST0610,Instagram,Mobile,1,1,1,1
S05961,2025-03-09,CUST0360,Google Ads,Tablet,1,1,0,0
S05962,2025-05-06,CUST0767,Organic,Mobile,1,0,0,0
S05963,2025-11-11,CUST0919,Organic,Tablet,1,0,0,0
S05964,2025-06-20,CUST0168,Google Ads,Mobile,1,0,0,0
S05965,2025-12-02,CUST0250,Google Ads,Mobile,1,0,0,0
S05966,2025-01-29,CUST0832,Instagram,Mobile,1,1,1,1
S05967,2025-06-25,CUST0758,Instagram,Desktop,0,0,0,0
S05968,2025-11-03,CUST0213,Google Ads,Mobile,1,1,1,1
S05969,2025-10-19,CUST0443,Direct,Desktop,1,1,1,1
S05970,2025-11-28,CUST0788,Organic,Mobile,1,1,1,1
S05971,2025-04-15,CUST0928,Google Ads,Desktop,1,1,0,0
S05972,2025-02-14,CUST0846,Organic,Desktop,1,1,1,1
S05973,2025-04-11,CUST0792,Google Ads,Mobile,1,0,0,0
S05974,2025-08-14,CUST0046,Instagram,Mobile,1,1,1,0
S05975,2025-04-14,CUST0018,Organic,Mobile,1,1,0,0
S05976,2025-09-19,CUST0879,Organic,Mobile,1,1,0,0
S05977,2025-09-10,CUST0758,Google Ads,Mobile,1,0,0,0
S05978,2025-06-14,CUST0350,Organic,Mobile,1,1,1,0
S05979,2025-10-19,CUST0220,Instagram,Mobile,1,1,1,1
S05980,2025-07-31,CUST0688,Organic,Mobile,1,1,1,0
S05981,2025-05-24,CUST0398,Instagram,Tablet,0,0,0,0
S05982,2025-08-24,CUST0746,Google Ads,Desktop,1,1,0,0
S05983,2025-01-22,CUST0950,Email,Desktop,1,0,0,0
S05984,2025-03-10,CUST0661,Direct,Desktop,1,1,1,1
S05985,2025-03-10,CUST0098,Instagram,Mobile,0,0,0,0
S05986,2025-09-03,CUST0005,Direct,Mobile,1,1,1,1
S05987,2025-03-04,CUST0896,Instagram,Desktop,1,0,0,0
S05988,2025-08-25,CUST0159,Organic,Mobile,1,0,0,0
S05989,2025-11-27,CUST0963,Direct,Mobile,1,1,0,0
S05990,2025-12-29,CUST0087,Google Ads,Mobile,1,0,0,0
S05991,2025-01-19,CUST0743,Instagram,Mobile,1,1,1,0
S05992,2025-08-19,CUST0120,Direct,Mobile,1,1,1,1
S05993,2025-08-17,CUST0443,Email,Mobile,1,1,0,0
S05994,2025-12-24,CUST0172,Direct,Desktop,1,0,0,0
S05995,2025-05-07,CUST0576,Instagram,Mobile,1,1,1,1
S05996,2025-05-26,CUST0606,Direct,Mobile,1,0,0,0
S05997,2025-11-25,CUST0682,Google Ads,Mobile,0,0,0,0
S05998,2025-04-24,CUST0235,Email,Mobile,1,1,1,1
S05999,2025-08-31,CUST0478,Instagram,Desktop,1,1,1,1
S06000,2025-05-25,CUST0121,Instagram,Desktop,0,0,0,0
S06001,2025-02-10,CUST0497,Instagram,Mobile,0,0,0,0
S06002,2025-06-10,CUST0612,Google Ads,Mobile,0,0,0,0
S06003,2025-12-04,CUST0422,Email,Desktop,0,0,0,0
S06004,2025-03-18,CUST0135,Google Ads,Mobile,0,0,0,0
S06005,2025-06-17,CUST0315,Email,Mobile,1,1,1,1
S06006,2025-10-11,CUST0069,Email,Mobile,1,1,1,1
S06007,2025-04-20,CUST0198,Email,Mobile,1,0,0,0
S06008,2025-07-14,CUST0817,Instagram,Mobile,1,1,1,1
S06009,2025-08-16,CUST0718,Instagram,Mobile,1,0,0,0
S06010,2025-06-16,CUST0011,Email,Tablet,1,0,0,0
S06011,2025-01-21,CUST0869,Direct,Desktop,1,1,1,1
S06012,2025-06-14,CUST0130,Google Ads,Mobile,0,0,0,0
S06013,2025-05-10,CUST0735,Direct,Desktop,1,0,0,0
S06014,2025-09-19,CUST0110,Organic,Desktop,1,0,0,0
S06015,2025-02-21,CUST0027,Instagram,Mobile,1,1,1,1
S06016,2025-09-18,CUST0400,Google Ads,Mobile,1,0,0,0
S06017,2025-06-24,CUST0320,Google Ads,Mobile,1,1,1,1
S06018,2025-10-26,CUST0194,Instagram,Mobile,1,1,1,0
S06019,2025-04-06,CUST0945,Instagram,Mobile,1,1,1,0
S06020,2025-12-23,CUST0346,Google Ads,Mobile,1,0,0,0
S06021,2025-02-09,CUST0016,Instagram,Desktop,0,0,0,0
S06022,2025-07-28,CUST0073,Organic,Desktop,1,0,0,0
S06023,2025-05-22,CUST0948,Direct,Desktop,1,0,0,0
S06024,2025-09-15,CUST0628,Email,Desktop,1,1,1,1
S06025,2025-06-16,CUST0201,Direct,Desktop,0,0,0,0
S06026,2025-07-10,CUST0645,Instagram,Mobile,1,1,1,0
S06027,2025-11-15,CUST0164,Instagram,Desktop,1,0,0,0
S06028,2025-04-29,CUST0007,Direct,Desktop,1,1,1,0
S06029,2025-05-26,CUST0061,Direct,Mobile,1,1,0,0
S06030,2025-12-16,CUST0352,Direct,Tablet,1,0,0,0
S06031,2025-12-01,CUST0925,Google Ads,Mobile,1,1,0,0
S06032,2025-05-09,CUST0485,Instagram,Mobile,1,0,0,0
S06033,2025-05-25,CUST0632,Google Ads,Desktop,1,1,1,1
S06034,2025-02-23,CUST0451,Google Ads,Mobile,1,1,0,0
S06035,2025-05-02,CUST0414,Direct,Mobile,1,0,0,0
S06036,2025-05-04,CUST0936,Instagram,Desktop,1,0,0,0
S06037,2025-06-16,CUST0031,Organic,Desktop,1,1,1,1
S06038,2025-11-18,CUST0560,Instagram,Mobile,1,0,0,0
S06039,2025-05-23,CUST0091,Instagram,Tablet,1,0,0,0
S06040,2025-01-22,CUST0518,Google Ads,Mobile,1,1,1,0
S06041,2025-10-03,CUST0446,Direct,Mobile,1,0,0,0
S06042,2025-12-15,CUST0285,Instagram,Desktop,1,1,0,0
S06043,2025-10-26,CUST0393,Organic,Desktop,1,1,0,0
S06044,2025-10-04,CUST0950,Instagram,Mobile,1,1,1,1
S06045,2025-10-31,CUST0596,Google Ads,Mobile,1,0,0,0
S06046,2025-11-18,CUST0882,Email,Mobile,1,0,0,0
S06047,2025-04-25,CUST0139,Google Ads,Mobile,1,0,0,0
S06048,2025-09-29,CUST0787,Instagram,Mobile,1,1,1,1
S06049,2025-06-17,CUST0999,Direct,Mobile,1,1,1,1
S06050,2025-10-04,CUST0330,Instagram,Mobile,1,1,1,1
S06051,2025-12-23,CUST0133,Google Ads,Tablet,1,0,0,0
S06052,2025-09-21,CUST0615,Direct,Tablet,1,0,0,0
S06053,2025-09-07,CUST0983,Direct,Desktop,1,0,0,0
S06054,2025-09-12,CUST0326,Direct,Desktop,0,0,0,0
S06055,2025-12-08,CUST0607,Organic,Tablet,1,1,1,1
S06056,2025-02-27,CUST0530,Direct,Mobile,1,0,0,0
S06057,2025-01-05,CUST0021,Google Ads,Mobile,1,0,0,0
S06058,2025-04-21,CUST0911,Organic,Mobile,1,0,0,0
S06059,2025-12-31,CUST0955,Direct,Desktop,1,0,0,0
S06060,2025-10-13,CUST0479,Organic,Desktop,1,1,0,0
S06061,2025-12-17,CUST0458,Direct,Desktop,1,1,1,1
S06062,2025-09-22,CUST0518,Organic,Mobile,1,0,0,0
S06063,2025-09-06,CUST0536,Instagram,Mobile,1,0,0,0
S06064,2025-04-05,CUST0225,Organic,Desktop,0,0,0,0
S06065,2025-12-17,CUST0572,Direct,Mobile,1,0,0,0
S06066,2025-10-24,CUST0796,Organic,Mobile,1,0,0,0
S06067,2025-11-03,CUST0732,Email,Desktop,1,1,1,1
S06068,2025-07-04,CUST0330,Google Ads,Mobile,1,0,0,0
S06069,2025-08-17,CUST0791,Email,Mobile,1,1,1,1
S06070,2025-11-13,CUST0847,Email,Mobile,1,0,0,0
S06071,2025-09-19,CUST0558,Organic,Desktop,1,0,0,0
S06072,2025-04-29,CUST0368,Instagram,Mobile,1,0,0,0
S06073,2025-08-22,CUST0805,Instagram,Mobile,1,0,0,0
S06074,2025-10-09,CUST0142,Direct,Desktop,1,0,0,0
S06075,2025-07-21,CUST0816,Email,Mobile,1,1,1,1
S06076,2025-09-19,CUST0590,Email,Desktop,1,1,1,0
S06077,2025-02-22,CUST0199,Instagram,Desktop,1,1,0,0
S06078,2025-11-13,CUST0627,Direct,Mobile,1,0,0,0
S06079,2025-06-10,CUST0036,Organic,Mobile,1,1,1,1
S06080,2025-09-01,CUST0466,Instagram,Mobile,1,0,0,0
S06081,2025-04-04,CUST0572,Email,Mobile,1,1,1,1
S06082,2025-02-09,CUST0438,Google Ads,Mobile,0,0,0,0
S06083,2025-10-07,CUST0757,Google Ads,Mobile,0,0,0,0
S06084,2025-04-02,CUST0591,Instagram,Mobile,1,0,0,0
S06085,2025-10-28,CUST0881,Organic,Mobile,1,0,0,0
S06086,2025-02-07,CUST0191,Organic,Mobile,1,1,1,1
S06087,2025-08-31,CUST0097,Instagram,Tablet,1,0,0,0
S06088,2025-12-30,CUST0504,Google Ads,Mobile,0,0,0,0
S06089,2025-05-16,CUST0367,Direct,Desktop,1,0,0,0
S06090,2025-03-05,CUST0816,Instagram,Desktop,1,1,1,1
S06091,2025-12-09,CUST0888,Direct,Mobile,1,0,0,0
S06092,2025-12-29,CUST0150,Organic,Tablet,1,1,1,1
S06093,2025-07-20,CUST0043,Instagram,Mobile,0,0,0,0
S06094,2025-11-03,CUST0297,Organic,Desktop,0,0,0,0
S06095,2025-09-19,CUST0913,Google Ads,Desktop,1,0,0,0
S06096,2025-06-24,CUST0319,Organic,Mobile,0,0,0,0
S06097,2025-06-26,CUST0218,Email,Desktop,1,1,0,0
S06098,2025-03-26,CUST0719,Organic,Mobile,0,0,0,0
S06099,2025-06-09,CUST0488,Google Ads,Mobile,1,0,0,0
S06100,2025-07-01,CUST0146,Instagram,Tablet,1,0,0,0
S06101,2025-02-05,CUST0328,Organic,Mobile,1,1,0,0
S06102,2025-12-11,CUST0259,Google Ads,Mobile,1,1,1,1
S06103,2025-04-09,CUST0566,Instagram,Desktop,0,0,0,0
S06104,2025-08-14,CUST0119,Organic,Mobile,1,0,0,0
S06105,2025-02-06,CUST0755,Direct,Mobile,1,0,0,0
S06106,2025-09-30,CUST0142,Email,Desktop,0,0,0,0
S06107,2025-09-29,CUST0290,Organic,Desktop,1,0,0,0
S06108,2025-07-05,CUST0639,Google Ads,Mobile,1,0,0,0
S06109,2025-02-18,CUST0225,Instagram,Mobile,1,1,0,0
S06110,2025-04-04,CUST0894,Direct,Desktop,1,1,1,1
S06111,2025-11-03,CUST0229,Email,Mobile,1,1,0,0
S06112,2025-08-14,CUST0753,Google Ads,Desktop,0,0,0,0
S06113,2025-01-05,CUST0257,Organic,Desktop,1,1,0,0
S06114,2025-12-19,CUST0245,Direct,Desktop,1,1,1,1
S06115,2025-06-23,CUST0176,Organic,Mobile,0,0,0,0
S06116,2025-07-02,CUST0355,Google Ads,Mobile,0,0,0,0
S06117,2025-03-14,CUST0522,Email,Desktop,0,0,0,0
S06118,2025-05-25,CUST0595,Google Ads,Mobile,1,0,0,0
S06119,2025-06-01,CUST0139,Direct,Desktop,1,0,0,0
S06120,2025-02-25,CUST0119,Direct,Mobile,1,1,1,1
S06121,2025-07-02,CUST0639,Organic,Mobile,1,1,1,1
S06122,2025-05-02,CUST0611,Google Ads,Tablet,0,0,0,0
S06123,2025-09-01,CUST0578,Organic,Tablet,1,1,0,0
S06124,2025-07-23,CUST0259,Email,Desktop,1,1,1,0
S06125,2025-03-20,CUST0655,Email,Mobile,0,0,0,0
S06126,2025-01-16,CUST0571,Instagram,Mobile,0,0,0,0
S06127,2025-05-06,CUST0756,Email,Mobile,1,0,0,0
S06128,2025-03-28,CUST0873,Email,Mobile,1,0,0,0
S06129,2025-10-05,CUST0192,Google Ads,Desktop,1,0,0,0
S06130,2025-12-17,CUST0943,Google Ads,Desktop,1,0,0,0
S06131,2025-02-12,CUST0860,Organic,Mobile,1,0,0,0
S06132,2025-03-20,CUST0130,Google Ads,Mobile,0,0,0,0
S06133,2025-10-04,CUST0158,Organic,Mobile,1,0,0,0
S06134,2025-09-21,CUST0678,Email,Desktop,1,0,0,0
S06135,2025-11-01,CUST0261,Google Ads,Desktop,1,1,1,1
S06136,2025-08-16,CUST0390,Instagram,Desktop,1,1,1,1
S06137,2025-05-05,CUST0645,Instagram,Mobile,0,0,0,0
S06138,2025-04-16,CUST0524,Google Ads,Mobile,1,1,0,0
S06139,2025-08-18,CUST0132,Google Ads,Mobile,0,0,0,0
S06140,2025-05-14,CUST0408,Email,Desktop,1,1,1,1
S06141,2025-03-22,CUST0153,Instagram,Desktop,0,0,0,0
S06142,2025-12-26,CUST0282,Instagram,Desktop,1,0,0,0
S06143,2025-04-19,CUST0567,Instagram,Mobile,1,1,1,0
S06144,2025-06-24,CUST0768,Instagram,Desktop,1,0,0,0
S06145,2025-06-13,CUST0638,Google Ads,Mobile,0,0,0,0
S06146,2025-05-05,CUST0046,Google Ads,Mobile,1,1,0,0
S06147,2025-12-14,CUST0686,Instagram,Mobile,1,0,0,0
S06148,2025-01-23,CUST0299,Google Ads,Mobile,1,1,1,1
S06149,2025-11-27,CUST0956,Google Ads,Desktop,1,1,1,1
S06150,2025-03-03,CUST0929,Google Ads,Mobile,1,0,0,0
S06151,2025-07-31,CUST0021,Google Ads,Mobile,1,1,1,1
S06152,2025-09-09,CUST0983,Organic,Desktop,1,1,1,1
S06153,2025-04-06,CUST0767,Google Ads,Mobile,1,1,0,0
S06154,2025-07-28,CUST0997,Email,Mobile,1,1,1,1
S06155,2025-02-26,CUST0165,Organic,Mobile,1,0,0,0
S06156,2025-08-22,CUST0268,Email,Mobile,1,0,0,0
S06157,2025-12-24,CUST0101,Google Ads,Mobile,1,1,1,0
S06158,2025-11-22,CUST0661,Instagram,Mobile,1,0,0,0
S06159,2025-03-06,CUST0653,Organic,Tablet,1,1,1,1
S06160,2025-10-20,CUST0373,Instagram,Desktop,1,0,0,0
S06161,2025-11-20,CUST0033,Email,Desktop,1,0,0,0
S06162,2025-11-27,CUST0236,Instagram,Mobile,1,0,0,0
S06163,2025-01-17,CUST0198,Email,Desktop,1,0,0,0
S06164,2025-05-15,CUST0507,Google Ads,Desktop,1,0,0,0
S06165,2025-11-04,CUST0747,Google Ads,Mobile,1,1,1,1
S06166,2025-05-10,CUST0332,Direct,Desktop,1,1,1,1
S06167,2025-02-06,CUST0445,Direct,Mobile,1,1,1,1
S06168,2025-09-07,CUST0486,Google Ads,Desktop,1,1,1,1
S06169,2025-02-26,CUST0120,Organic,Desktop,1,1,1,1
S06170,2025-12-23,CUST0158,Organic,Mobile,1,0,0,0
S06171,2025-01-10,CUST0037,Direct,Mobile,1,1,1,1
S06172,2025-03-22,CUST0850,Organic,Desktop,1,1,1,1
S06173,2025-03-31,CUST0144,Direct,Tablet,1,1,1,0
S06174,2025-04-30,CUST0557,Google Ads,Mobile,1,1,0,0
S06175,2025-04-12,CUST0711,Organic,Desktop,1,0,0,0
S06176,2025-01-27,CUST0750,Direct,Desktop,1,1,1,1
S06177,2025-09-18,CUST0641,Direct,Desktop,1,1,1,1
S06178,2025-03-02,CUST0693,Google Ads,Tablet,1,1,1,1
S06179,2025-05-16,CUST0028,Instagram,Mobile,1,1,1,0
S06180,2025-04-07,CUST0949,Google Ads,Desktop,1,1,1,1
S06181,2025-05-29,CUST0812,Google Ads,Mobile,1,0,0,0
S06182,2025-08-15,CUST0579,Google Ads,Mobile,0,0,0,0
S06183,2025-10-04,CUST0754,Email,Mobile,1,0,0,0
S06184,2025-11-03,CUST0875,Organic,Desktop,1,1,0,0
S06185,2025-12-01,CUST0244,Organic,Mobile,1,1,1,1
S06186,2025-08-16,CUST0679,Instagram,Mobile,1,0,0,0
S06187,2025-11-11,CUST0266,Instagram,Desktop,1,1,1,1
S06188,2025-09-06,CUST0051,Google Ads,Mobile,0,0,0,0
S06189,2025-09-15,CUST0109,Organic,Desktop,1,1,0,0
S06190,2025-11-10,CUST0398,Google Ads,Desktop,0,0,0,0
S06191,2025-08-08,CUST0335,Organic,Desktop,1,1,1,1
S06192,2025-08-24,CUST0134,Instagram,Desktop,1,0,0,0
S06193,2025-01-20,CUST0679,Direct,Desktop,1,1,0,0
S06194,2025-12-11,CUST0080,Direct,Mobile,1,1,1,0
S06195,2025-05-18,CUST0338,Direct,Mobile,1,0,0,0
S06196,2025-07-08,CUST0611,Google Ads,Mobile,1,0,0,0
S06197,2025-04-15,CUST0432,Google Ads,Desktop,1,1,1,1
S06198,2025-04-08,CUST0665,Direct,Mobile,1,1,1,1
S06199,2025-09-27,CUST0481,Organic,Desktop,0,0,0,0
S06200,2025-06-02,CUST0888,Direct,Mobile,1,1,1,0
S06201,2025-08-06,CUST0289,Google Ads,Desktop,1,0,0,0
S06202,2025-01-21,CUST0595,Email,Desktop,1,0,0,0
S06203,2025-09-29,CUST0102,Email,Desktop,0,0,0,0
S06204,2025-07-21,CUST0331,Google Ads,Mobile,1,0,0,0
S06205,2025-06-09,CUST0376,Direct,Mobile,1,0,0,0
S06206,2025-03-05,CUST0231,Instagram,Mobile,1,1,1,0
S06207,2025-03-25,CUST0451,Google Ads,Mobile,0,0,0,0
S06208,2025-03-14,CUST0764,Instagram,Desktop,1,1,0,0
S06209,2025-03-01,CUST0870,Email,Desktop,1,0,0,0
S06210,2025-12-20,CUST0321,Instagram,Mobile,1,0,0,0
S06211,2025-05-27,CUST0424,Direct,Desktop,1,0,0,0
S06212,2025-02-16,CUST0025,Google Ads,Desktop,1,1,1,1
S06213,2025-08-11,CUST0569,Google Ads,Desktop,1,0,0,0
S06214,2025-06-07,CUST0416,Google Ads,Mobile,1,1,1,1
S06215,2025-02-16,CUST0302,Google Ads,Desktop,1,0,0,0
S06216,2025-10-16,CUST0100,Google Ads,Mobile,0,0,0,0
S06217,2025-07-29,CUST0388,Direct,Desktop,1,0,0,0
S06218,2025-01-21,CUST0119,Organic,Mobile,1,0,0,0
S06219,2025-12-17,CUST0663,Organic,Desktop,1,0,0,0
S06220,2025-11-15,CUST0592,Google Ads,Mobile,1,0,0,0
S06221,2025-08-19,CUST0331,Email,Desktop,1,0,0,0
S06222,2025-10-25,CUST0662,Google Ads,Mobile,1,0,0,0
S06223,2025-04-15,CUST0359,Direct,Mobile,1,0,0,0
S06224,2025-05-06,CUST0126,Organic,Desktop,1,1,1,1
S06225,2025-10-26,CUST0289,Email,Desktop,1,0,0,0
S06226,2025-03-09,CUST0553,Direct,Mobile,1,0,0,0
S06227,2025-01-26,CUST0702,Direct,Mobile,0,0,0,0
S06228,2025-06-10,CUST0934,Google Ads,Mobile,1,1,1,1
S06229,2025-04-18,CUST0440,Instagram,Desktop,0,0,0,0
S06230,2025-10-16,CUST0575,Direct,Mobile,1,1,0,0
S06231,2025-11-01,CUST0717,Email,Desktop,1,0,0,0
S06232,2025-03-25,CUST0341,Google Ads,Mobile,1,0,0,0
S06233,2025-02-10,CUST0204,Email,Mobile,1,1,1,1
S06234,2025-07-19,CUST0951,Instagram,Mobile,1,1,1,1
S06235,2025-02-05,CUST0179,Google Ads,Desktop,1,0,0,0
S06236,2025-12-17,CUST0346,Google Ads,Desktop,1,0,0,0
S06237,2025-08-22,CUST0833,Organic,Mobile,0,0,0,0
S06238,2025-08-30,CUST0105,Direct,Desktop,1,1,1,1
S06239,2025-12-05,CUST0313,Google Ads,Mobile,1,0,0,0
S06240,2025-01-20,CUST0086,Google Ads,Mobile,1,1,1,1
S06241,2025-12-09,CUST0923,Instagram,Mobile,1,0,0,0
S06242,2025-06-01,CUST0441,Organic,Desktop,1,0,0,0
S06243,2025-06-20,CUST0951,Instagram,Desktop,0,0,0,0
S06244,2025-08-04,CUST0480,Google Ads,Mobile,1,1,1,1
S06245,2025-12-22,CUST0328,Organic,Mobile,1,0,0,0
S06246,2025-11-25,CUST0251,Instagram,Mobile,1,0,0,0
S06247,2025-08-20,CUST0482,Direct,Desktop,1,0,0,0
S06248,2025-01-16,CUST0850,Instagram,Mobile,1,1,0,0
S06249,2025-10-10,CUST0004,Direct,Mobile,1,0,0,0
S06250,2025-10-28,CUST0833,Organic,Mobile,1,1,1,1
S06251,2025-06-14,CUST0184,Email,Desktop,1,1,0,0
S06252,2025-09-26,CUST0693,Instagram,Desktop,1,1,1,1
S06253,2025-06-28,CUST0300,Organic,Mobile,1,1,0,0
S06254,2025-09-15,CUST0528,Email,Desktop,0,0,0,0
S06255,2025-03-17,CUST0606,Organic,Mobile,1,1,0,0
S06256,2025-04-15,CUST0791,Instagram,Mobile,1,1,1,1
S06257,2025-12-19,CUST0927,Google Ads,Mobile,0,0,0,0
S06258,2025-03-28,CUST0156,Instagram,Desktop,1,0,0,0
S06259,2025-11-11,CUST0434,Instagram,Desktop,1,0,0,0
S06260,2025-01-14,CUST0357,Organic,Mobile,1,0,0,0
S06261,2025-12-25,CUST0528,Direct,Mobile,0,0,0,0
S06262,2025-10-13,CUST0041,Instagram,Mobile,1,1,1,0
S06263,2025-09-04,CUST0649,Organic,Desktop,0,0,0,0
S06264,2025-08-29,CUST0258,Organic,Desktop,1,1,0,0
S06265,2025-12-20,CUST0366,Instagram,Desktop,1,0,0,0
S06266,2025-01-09,CUST0555,Instagram,Mobile,1,0,0,0
S06267,2025-01-24,CUST0066,Google Ads,Mobile,1,1,1,1
S06268,2025-04-22,CUST0864,Direct,Mobile,1,1,1,1
S06269,2025-10-24,CUST0208,Organic,Desktop,1,1,0,0
S06270,2025-08-05,CUST0245,Google Ads,Desktop,1,0,0,0
S06271,2025-08-16,CUST0243,Email,Mobile,0,0,0,0
S06272,2025-02-01,CUST0589,Organic,Desktop,1,1,1,1
S06273,2025-10-04,CUST0945,Organic,Mobile,1,1,0,0
S06274,2025-06-19,CUST0731,Organic,Desktop,1,1,1,1
S06275,2025-08-19,CUST0381,Direct,Desktop,1,0,0,0
S06276,2025-03-11,CUST0223,Email,Desktop,1,1,1,1
S06277,2025-04-21,CUST0865,Instagram,Mobile,0,0,0,0
S06278,2025-03-30,CUST0021,Direct,Mobile,1,1,1,1
S06279,2025-01-02,CUST0147,Direct,Mobile,0,0,0,0
S06280,2025-02-25,CUST0368,Instagram,Mobile,1,0,0,0
S06281,2025-06-07,CUST0313,Google Ads,Mobile,0,0,0,0
S06282,2025-09-28,CUST0589,Instagram,Desktop,1,0,0,0
S06283,2025-10-01,CUST0316,Instagram,Mobile,1,0,0,0
S06284,2025-02-01,CUST0403,Email,Mobile,1,1,1,0
S06285,2025-09-27,CUST0867,Google Ads,Tablet,1,0,0,0
S06286,2025-07-09,CUST0448,Instagram,Mobile,1,0,0,0
S06287,2025-07-29,CUST0547,Organic,Tablet,0,0,0,0
S06288,2025-11-04,CUST0126,Email,Mobile,1,1,1,1
S06289,2025-01-22,CUST0929,Google Ads,Mobile,1,0,0,0
S06290,2025-01-14,CUST0835,Organic,Desktop,1,1,1,1
S06291,2025-07-25,CUST0496,Organic,Mobile,1,0,0,0
S06292,2025-02-03,CUST0981,Google Ads,Desktop,0,0,0,0
S06293,2025-12-08,CUST0744,Google Ads,Mobile,0,0,0,0
S06294,2025-02-25,CUST0599,Instagram,Mobile,1,0,0,0
S06295,2025-08-28,CUST0816,Organic,Tablet,0,0,0,0
S06296,2025-03-04,CUST0700,Direct,Desktop,0,0,0,0
S06297,2025-03-21,CUST0045,Organic,Mobile,1,1,1,1
S06298,2025-02-09,CUST0331,Organic,Mobile,0,0,0,0
S06299,2025-10-21,CUST0836,Google Ads,Mobile,0,0,0,0
S06300,2025-10-06,CUST0964,Instagram,Mobile,1,0,0,0
S06301,2025-09-13,CUST0911,Email,Desktop,1,1,0,0
S06302,2025-04-20,CUST0860,Google Ads,Desktop,1,0,0,0
S06303,2025-02-17,CUST0996,Organic,Desktop,1,0,0,0
S06304,2025-08-20,CUST0072,Organic,Tablet,1,0,0,0
S06305,2025-03-23,CUST0728,Organic,Mobile,0,0,0,0
S06306,2025-06-23,CUST0098,Google Ads,Mobile,1,1,1,1
S06307,2025-04-23,CUST0271,Email,Mobile,0,0,0,0
S06308,2025-10-05,CUST0407,Email,Desktop,1,1,0,0
S06309,2025-11-06,CUST0444,Google Ads,Desktop,1,0,0,0
S06310,2025-02-09,CUST0091,Organic,Mobile,1,1,1,1
S06311,2025-01-30,CUST0654,Direct,Desktop,1,0,0,0
S06312,2025-09-12,CUST0117,Google Ads,Desktop,1,1,0,0
S06313,2025-08-28,CUST0514,Email,Mobile,1,0,0,0
S06314,2025-07-02,CUST0893,Instagram,Mobile,0,0,0,0
S06315,2025-07-03,CUST0995,Instagram,Mobile,1,1,1,1
S06316,2025-02-11,CUST0043,Direct,Desktop,1,1,0,0
S06317,2025-05-07,CUST0071,Google Ads,Mobile,0,0,0,0
S06318,2025-03-23,CUST0144,Google Ads,Desktop,1,1,1,1
S06319,2025-08-21,CUST0342,Organic,Desktop,1,0,0,0
S06320,2025-11-05,CUST0758,Instagram,Mobile,1,1,1,0
S06321,2025-07-11,CUST0796,Direct,Tablet,1,0,0,0
S06322,2025-01-01,CUST0928,Direct,Mobile,1,0,0,0
S06323,2025-12-28,CUST0839,Email,Mobile,1,1,1,1
S06324,2025-07-26,CUST0726,Google Ads,Mobile,1,1,1,1
S06325,2025-07-16,CUST0107,Direct,Mobile,1,1,0,0
S06326,2025-10-10,CUST0386,Direct,Mobile,0,0,0,0
S06327,2025-01-17,CUST0456,Direct,Mobile,1,1,1,0
S06328,2025-11-15,CUST0775,Direct,Desktop,1,1,1,1
S06329,2025-06-18,CUST0294,Google Ads,Desktop,1,1,0,0
S06330,2025-07-05,CUST0176,Google Ads,Mobile,1,0,0,0
S06331,2025-05-02,CUST0981,Instagram,Mobile,1,1,1,0
S06332,2025-08-12,CUST0107,Email,Desktop,1,1,1,1
S06333,2025-05-07,CUST0086,Google Ads,Desktop,1,0,0,0
S06334,2025-06-15,CUST0510,Organic,Mobile,1,0,0,0
S06335,2025-05-02,CUST0227,Organic,Mobile,1,1,1,0
S06336,2025-11-18,CUST0594,Organic,Mobile,1,1,1,1
S06337,2025-08-08,CUST0329,Email,Desktop,1,0,0,0
S06338,2025-10-06,CUST0241,Organic,Mobile,1,0,0,0
S06339,2025-05-28,CUST0002,Google Ads,Desktop,1,1,1,0
S06340,2025-10-19,CUST0251,Direct,Mobile,0,0,0,0
S06341,2025-09-04,CUST0042,Direct,Mobile,1,0,0,0
S06342,2025-07-07,CUST0426,Instagram,Mobile,1,1,1,1
S06343,2025-01-11,CUST0081,Google Ads,Mobile,1,0,0,0
S06344,2025-10-11,CUST0488,Direct,Mobile,1,1,1,1
S06345,2025-02-14,CUST0916,Direct,Mobile,1,1,1,1
S06346,2025-05-04,CUST0262,Instagram,Mobile,1,1,1,1
S06347,2025-09-04,CUST0395,Instagram,Mobile,1,1,1,1
S06348,2025-12-03,CUST0709,Google Ads,Mobile,1,0,0,0
S06349,2025-06-08,CUST0248,Instagram,Desktop,1,1,1,1
S06350,2025-09-24,CUST0330,Direct,Mobile,1,1,1,1
S06351,2025-10-19,CUST0983,Instagram,Mobile,1,1,0,0
S06352,2025-03-19,CUST0993,Instagram,Mobile,0,0,0,0
S06353,2025-10-18,CUST0808,Instagram,Desktop,0,0,0,0
S06354,2025-05-31,CUST0896,Organic,Mobile,1,0,0,0
S06355,2025-10-12,CUST0548,Google Ads,Mobile,1,1,1,1
S06356,2025-05-31,CUST0615,Google Ads,Mobile,1,0,0,0
S06357,2025-05-04,CUST0947,Instagram,Mobile,1,1,0,0
S06358,2025-08-16,CUST0815,Organic,Desktop,1,1,0,0
S06359,2025-09-29,CUST0098,Direct,Desktop,1,1,1,1
S06360,2025-12-25,CUST0145,Instagram,Desktop,1,1,1,1
S06361,2025-12-06,CUST0794,Google Ads,Mobile,1,0,0,0
S06362,2025-08-05,CUST0949,Organic,Desktop,1,0,0,0
S06363,2025-05-27,CUST0127,Instagram,Desktop,1,1,1,1
S06364,2025-08-06,CUST0304,Instagram,Mobile,1,0,0,0
S06365,2025-04-06,CUST0795,Google Ads,Mobile,0,0,0,0
S06366,2025-02-19,CUST0814,Direct,Mobile,1,1,1,1
S06367,2025-02-12,CUST0579,Instagram,Mobile,1,0,0,0
S06368,2025-01-19,CUST0379,Direct,Mobile,1,0,0,0
S06369,2025-04-23,CUST0147,Google Ads,Mobile,1,0,0,0
S06370,2025-08-01,CUST0840,Instagram,Desktop,0,0,0,0
S06371,2025-01-18,CUST0081,Instagram,Mobile,1,1,1,1
S06372,2025-05-14,CUST0765,Direct,Mobile,1,0,0,0
S06373,2025-10-18,CUST0242,Instagram,Mobile,1,1,1,1
S06374,2025-01-14,CUST0577,Direct,Mobile,1,0,0,0
S06375,2025-03-05,CUST0583,Organic,Mobile,1,1,1,1
S06376,2025-06-12,CUST0548,Direct,Mobile,1,1,0,0
S06377,2025-09-15,CUST0067,Google Ads,Desktop,1,1,1,1
S06378,2025-01-06,CUST0595,Direct,Desktop,1,0,0,0
S06379,2025-12-21,CUST0682,Google Ads,Mobile,1,0,0,0
S06380,2025-05-01,CUST0475,Organic,Desktop,1,1,0,0
S06381,2025-06-02,CUST0579,Organic,Mobile,1,0,0,0
S06382,2025-11-25,CUST0610,Organic,Mobile,1,1,1,0
S06383,2025-06-27,CUST0837,Instagram,Mobile,1,0,0,0
S06384,2025-03-04,CUST0433,Email,Desktop,0,0,0,0
S06385,2025-09-15,CUST0805,Organic,Desktop,1,0,0,0
S06386,2025-03-06,CUST0762,Instagram,Desktop,1,0,0,0
S06387,2025-12-23,CUST0302,Google Ads,Desktop,1,1,1,1
S06388,2025-07-06,CUST0720,Instagram,Desktop,0,0,0,0
S06389,2025-08-15,CUST0824,Instagram,Desktop,1,0,0,0
S06390,2025-07-18,CUST0375,Instagram,Mobile,1,0,0,0
S06391,2025-10-21,CUST0575,Direct,Desktop,1,1,1,1
S06392,2025-09-08,CUST0078,Organic,Desktop,1,1,0,0
S06393,2025-11-14,CUST0030,Direct,Desktop,1,1,1,1
S06394,2025-07-12,CUST0352,Instagram,Mobile,1,0,0,0
S06395,2025-04-29,CUST0763,Instagram,Mobile,1,1,1,1
S06396,2025-06-28,CUST0831,Direct,Desktop,1,1,0,0
S06397,2025-02-21,CUST0115,Instagram,Mobile,1,0,0,0
S06398,2025-04-20,CUST0877,Direct,Desktop,1,1,1,1
S06399,2025-08-12,CUST0332,Google Ads,Mobile,1,1,0,0
S06400,2025-11-26,CUST0505,Google Ads,Tablet,1,1,1,1
S06401,2025-04-08,CUST0731,Direct,Desktop,0,0,0,0
S06402,2025-11-15,CUST0154,Instagram,Mobile,0,0,0,0
S06403,2025-02-17,CUST0733,Direct,Mobile,1,1,1,0
S06404,2025-04-11,CUST0535,Google Ads,Mobile,0,0,0,0
S06405,2025-08-28,CUST0369,Email,Mobile,1,1,1,0
S06406,2025-03-15,CUST0726,Google Ads,Desktop,1,0,0,0
S06407,2025-02-07,CUST0660,Google Ads,Desktop,1,0,0,0
S06408,2025-08-04,CUST0358,Organic,Mobile,1,1,1,1
S06409,2025-05-16,CUST0302,Organic,Mobile,0,0,0,0
S06410,2025-01-06,CUST0720,Instagram,Desktop,0,0,0,0
S06411,2025-09-04,CUST0671,Instagram,Desktop,1,0,0,0
S06412,2025-11-20,CUST0451,Email,Desktop,1,1,1,1
S06413,2025-07-16,CUST0917,Email,Mobile,1,1,1,1
S06414,2025-04-21,CUST0307,Google Ads,Tablet,1,1,0,0
S06415,2025-10-15,CUST0679,Instagram,Desktop,1,1,1,1
S06416,2025-02-07,CUST0063,Email,Mobile,1,0,0,0
S06417,2025-04-25,CUST0837,Email,Mobile,1,1,0,0
S06418,2025-07-04,CUST0276,Direct,Mobile,1,1,1,1
S06419,2025-07-31,CUST0511,Direct,Tablet,1,1,0,0
S06420,2025-12-31,CUST0887,Organic,Mobile,1,1,1,1
S06421,2025-09-12,CUST0535,Instagram,Desktop,1,0,0,0
S06422,2025-11-16,CUST0736,Instagram,Desktop,1,1,0,0
S06423,2025-11-06,CUST0938,Direct,Mobile,1,1,1,1
S06424,2025-04-23,CUST0713,Google Ads,Mobile,1,1,1,0
S06425,2025-09-27,CUST0387,Google Ads,Desktop,1,1,1,1
S06426,2025-11-16,CUST0795,Google Ads,Desktop,1,1,0,0
S06427,2025-06-24,CUST0859,Organic,Desktop,1,1,1,1
S06428,2025-11-06,CUST0458,Google Ads,Mobile,1,0,0,0
S06429,2025-01-19,CUST0848,Google Ads,Mobile,1,0,0,0
S06430,2025-07-22,CUST0408,Email,Tablet,0,0,0,0
S06431,2025-05-06,CUST0727,Google Ads,Mobile,1,1,0,0
S06432,2025-09-11,CUST0777,Direct,Mobile,0,0,0,0
S06433,2025-11-12,CUST0386,Organic,Mobile,1,1,0,0
S06434,2025-09-12,CUST0390,Email,Tablet,1,1,1,0
S06435,2025-10-15,CUST0229,Email,Desktop,0,0,0,0
S06436,2025-10-19,CUST0227,Instagram,Mobile,0,0,0,0
S06437,2025-06-01,CUST0327,Email,Mobile,1,1,1,1
S06438,2025-07-18,CUST0335,Email,Tablet,1,1,0,0
S06439,2025-07-18,CUST0277,Instagram,Mobile,1,0,0,0
S06440,2025-10-29,CUST0230,Email,Mobile,1,1,0,0
S06441,2025-06-24,CUST0868,Direct,Mobile,0,0,0,0
S06442,2025-09-27,CUST0727,Instagram,Mobile,1,1,1,1
S06443,2025-06-29,CUST0157,Direct,Mobile,1,0,0,0
S06444,2025-08-06,CUST0013,Instagram,Tablet,1,0,0,0
S06445,2025-04-28,CUST0503,Organic,Desktop,1,0,0,0
S06446,2025-11-02,CUST0197,Organic,Mobile,1,1,0,0
S06447,2025-11-17,CUST0623,Organic,Desktop,1,1,0,0
S06448,2025-11-29,CUST0615,Instagram,Desktop,1,1,1,1
S06449,2025-11-16,CUST0103,Email,Mobile,1,1,0,0
S06450,2025-01-23,CUST0170,Organic,Mobile,0,0,0,0
S06451,2025-05-05,CUST0109,Google Ads,Mobile,1,0,0,0
S06452,2025-03-25,CUST0376,Google Ads,Mobile,1,1,0,0
S06453,2025-07-18,CUST0126,Instagram,Mobile,1,1,1,1
S06454,2025-11-22,CUST0747,Organic,Mobile,1,1,1,0
S06455,2025-07-06,CUST0385,Instagram,Mobile,1,1,1,0
S06456,2025-11-25,CUST0148,Instagram,Mobile,1,1,1,1
S06457,2025-04-02,CUST0683,Email,Mobile,1,1,1,0
S06458,2025-11-26,CUST0001,Instagram,Mobile,1,1,1,0
S06459,2025-07-01,CUST0995,Instagram,Desktop,1,0,0,0
S06460,2025-08-15,CUST0552,Organic,Desktop,1,0,0,0
S06461,2025-07-18,CUST0749,Google Ads,Mobile,1,1,1,1
S06462,2025-08-23,CUST0007,Google Ads,Mobile,1,0,0,0
S06463,2025-02-13,CUST0163,Instagram,Mobile,1,1,0,0
S06464,2025-03-17,CUST0436,Email,Desktop,1,0,0,0
S06465,2025-05-21,CUST0802,Email,Tablet,1,1,0,0
S06466,2025-07-01,CUST0434,Instagram,Mobile,1,1,1,0
S06467,2025-04-29,CUST0325,Email,Mobile,1,0,0,0
S06468,2025-02-09,CUST0157,Instagram,Desktop,0,0,0,0
S06469,2025-09-17,CUST0114,Instagram,Desktop,0,0,0,0
S06470,2025-09-01,CUST0112,Email,Desktop,1,1,1,1
S06471,2025-05-09,CUST0987,Email,Mobile,0,0,0,0
S06472,2025-01-06,CUST0455,Direct,Desktop,1,0,0,0
S06473,2025-11-07,CUST0769,Google Ads,Mobile,1,1,1,1
S06474,2025-03-07,CUST0073,Instagram,Mobile,1,0,0,0
S06475,2025-08-07,CUST0954,Direct,Mobile,1,0,0,0
S06476,2025-05-26,CUST0193,Organic,Desktop,1,1,1,1
S06477,2025-08-22,CUST0475,Direct,Mobile,1,1,1,1
S06478,2025-01-29,CUST0273,Instagram,Mobile,1,1,1,1
S06479,2025-11-05,CUST0958,Organic,Tablet,1,1,0,0
S06480,2025-06-10,CUST0736,Organic,Mobile,1,0,0,0
S06481,2025-05-11,CUST0873,Instagram,Desktop,1,1,0,0
S06482,2025-05-28,CUST0094,Organic,Mobile,1,0,0,0
S06483,2025-03-23,CUST0719,Instagram,Mobile,0,0,0,0
S06484,2025-12-27,CUST0682,Organic,Mobile,0,0,0,0
S06485,2025-12-08,CUST0668,Organic,Mobile,0,0,0,0
S06486,2025-03-24,CUST0756,Instagram,Mobile,1,0,0,0
S06487,2025-03-14,CUST0515,Instagram,Mobile,1,0,0,0
S06488,2025-12-21,CUST0220,Instagram,Desktop,1,1,0,0
S06489,2025-08-02,CUST0005,Email,Mobile,1,1,1,1
S06490,2025-01-26,CUST0194,Google Ads,Mobile,1,1,0,0
S06491,2025-10-17,CUST0054,Email,Desktop,1,0,0,0
S06492,2025-03-12,CUST0934,Instagram,Desktop,1,0,0,0
S06493,2025-12-16,CUST0976,Organic,Mobile,1,1,0,0
S06494,2025-06-26,CUST0812,Direct,Mobile,1,1,1,0
S06495,2025-03-30,CUST0209,Instagram,Desktop,1,0,0,0
S06496,2025-06-26,CUST0588,Google Ads,Mobile,1,1,0,0
S06497,2025-01-27,CUST0730,Google Ads,Mobile,0,0,0,0
S06498,2025-10-16,CUST0953,Google Ads,Tablet,0,0,0,0
S06499,2025-11-24,CUST0497,Direct,Desktop,1,0,0,0
S06500,2025-11-01,CUST0630,Direct,Mobile,1,1,1,0
S06501,2025-03-04,CUST0455,Direct,Mobile,1,1,1,0
S06502,2025-01-19,CUST0792,Google Ads,Mobile,1,1,0,0
S06503,2025-10-05,CUST0080,Direct,Mobile,1,0,0,0
S06504,2025-12-12,CUST0978,Google Ads,Desktop,0,0,0,0
S06505,2025-03-08,CUST0699,Organic,Mobile,1,1,1,1
S06506,2025-08-26,CUST0008,Organic,Mobile,1,1,1,1
S06507,2025-05-17,CUST0091,Instagram,Mobile,1,0,0,0
S06508,2025-06-12,CUST0346,Email,Mobile,1,1,1,0
S06509,2025-11-23,CUST0351,Organic,Mobile,1,1,1,1
S06510,2025-12-01,CUST0210,Instagram,Mobile,1,1,1,1
S06511,2025-10-20,CUST0258,Direct,Mobile,1,0,0,0
S06512,2025-01-28,CUST0041,Email,Desktop,1,1,1,1
S06513,2025-09-13,CUST0727,Google Ads,Desktop,1,1,1,1
S06514,2025-10-18,CUST0696,Organic,Mobile,1,0,0,0
S06515,2025-04-22,CUST0304,Organic,Desktop,1,1,1,1
S06516,2025-08-28,CUST0241,Organic,Tablet,0,0,0,0
S06517,2025-08-31,CUST0618,Instagram,Mobile,0,0,0,0
S06518,2025-06-02,CUST0534,Google Ads,Tablet,1,1,1,0
S06519,2025-09-22,CUST0865,Organic,Mobile,1,1,0,0
S06520,2025-02-21,CUST0245,Organic,Tablet,1,1,1,0
S06521,2025-09-22,CUST0786,Organic,Desktop,1,0,0,0
S06522,2025-02-23,CUST0591,Instagram,Mobile,1,1,1,1
S06523,2025-05-13,CUST0937,Email,Mobile,1,1,1,1
S06524,2025-07-10,CUST0835,Direct,Desktop,0,0,0,0
S06525,2025-05-04,CUST0304,Instagram,Mobile,1,1,0,0
S06526,2025-08-06,CUST0890,Email,Mobile,0,0,0,0
S06527,2025-12-31,CUST0535,Instagram,Mobile,1,1,1,1
S06528,2025-11-18,CUST0111,Direct,Mobile,1,0,0,0
S06529,2025-10-28,CUST0130,Instagram,Mobile,1,1,1,1
S06530,2025-03-12,CUST0362,Instagram,Mobile,1,0,0,0
S06531,2025-08-02,CUST0260,Google Ads,Mobile,1,1,1,1
S06532,2025-12-28,CUST0666,Organic,Mobile,1,1,1,0
S06533,2025-02-02,CUST0531,Instagram,Desktop,1,1,1,0
S06534,2025-12-02,CUST0561,Direct,Mobile,0,0,0,0
S06535,2025-06-20,CUST0586,Google Ads,Mobile,1,1,1,0
S06536,2025-12-10,CUST0214,Direct,Mobile,1,1,1,0
S06537,2025-12-16,CUST0053,Instagram,Mobile,1,1,1,1
S06538,2025-10-28,CUST0902,Organic,Desktop,1,1,1,1
S06539,2025-10-18,CUST0190,Email,Mobile,1,0,0,0
S06540,2025-08-25,CUST0641,Organic,Mobile,1,1,1,1
S06541,2025-12-03,CUST0491,Organic,Desktop,1,0,0,0
S06542,2025-04-12,CUST0144,Google Ads,Desktop,1,0,0,0
S06543,2025-01-10,CUST0760,Email,Mobile,1,0,0,0
S06544,2025-02-10,CUST0180,Google Ads,Mobile,1,1,1,1
S06545,2025-05-06,CUST0519,Direct,Mobile,0,0,0,0
S06546,2025-09-30,CUST0856,Email,Mobile,1,0,0,0
S06547,2025-11-23,CUST0803,Email,Desktop,1,0,0,0
S06548,2025-01-11,CUST0718,Direct,Desktop,1,1,1,1
S06549,2025-11-15,CUST0068,Google Ads,Desktop,1,1,1,1
S06550,2025-07-14,CUST0873,Email,Desktop,1,1,1,0
S06551,2025-01-20,CUST0655,Instagram,Desktop,0,0,0,0
S06552,2025-09-30,CUST0108,Google Ads,Desktop,1,1,0,0
S06553,2025-08-23,CUST0185,Direct,Desktop,1,0,0,0
S06554,2025-08-15,CUST0752,Direct,Desktop,1,0,0,0
S06555,2025-08-15,CUST0151,Instagram,Desktop,1,0,0,0
S06556,2025-12-20,CUST0723,Instagram,Mobile,1,1,0,0
S06557,2025-12-07,CUST0590,Direct,Desktop,1,0,0,0
S06558,2025-09-29,CUST0475,Instagram,Mobile,1,0,0,0
S06559,2025-10-06,CUST0740,Direct,Desktop,1,0,0,0
S06560,2025-05-04,CUST0759,Email,Desktop,1,1,1,0
S06561,2025-07-14,CUST0893,Organic,Mobile,1,1,1,0
S06562,2025-03-12,CUST0102,Email,Mobile,1,1,1,1
S06563,2025-08-20,CUST0726,Direct,Mobile,1,0,0,0
S06564,2025-06-22,CUST0139,Organic,Mobile,1,0,0,0
S06565,2025-07-22,CUST0388,Google Ads,Mobile,1,1,1,0
S06566,2025-02-02,CUST0698,Direct,Desktop,1,0,0,0
S06567,2025-07-30,CUST0992,Organic,Mobile,1,1,1,1
S06568,2025-10-28,CUST0680,Instagram,Mobile,1,1,1,0
S06569,2025-07-01,CUST0489,Google Ads,Mobile,1,0,0,0
S06570,2025-08-29,CUST0058,Organic,Mobile,1,1,1,1
S06571,2025-02-20,CUST0631,Organic,Mobile,1,0,0,0
S06572,2025-12-09,CUST0088,Google Ads,Mobile,1,1,1,1
S06573,2025-01-29,CUST0122,Instagram,Desktop,1,0,0,0
S06574,2025-01-06,CUST0994,Instagram,Mobile,1,1,0,0
S06575,2025-05-13,CUST0244,Organic,Desktop,1,0,0,0
S06576,2025-04-06,CUST0067,Direct,Desktop,1,1,0,0
S06577,2025-12-12,CUST0294,Direct,Mobile,1,0,0,0
S06578,2025-03-23,CUST0130,Instagram,Mobile,1,1,0,0
S06579,2025-10-04,CUST0855,Organic,Mobile,1,1,1,1
S06580,2025-11-11,CUST0040,Organic,Desktop,1,1,0,0
S06581,2025-08-05,CUST0212,Organic,Desktop,1,0,0,0
S06582,2025-10-07,CUST0056,Google Ads,Mobile,0,0,0,0
S06583,2025-05-11,CUST0712,Email,Mobile,1,0,0,0
S06584,2025-03-27,CUST0291,Organic,Mobile,1,1,1,1
S06585,2025-11-24,CUST0817,Organic,Mobile,1,1,1,0
S06586,2025-11-09,CUST0619,Email,Desktop,1,1,0,0
S06587,2025-04-03,CUST0707,Google Ads,Desktop,1,0,0,0
S06588,2025-03-12,CUST0352,Instagram,Tablet,1,1,0,0
S06589,2025-11-22,CUST0122,Email,Mobile,1,0,0,0
S06590,2025-11-22,CUST0095,Google Ads,Desktop,1,1,1,1
S06591,2025-11-28,CUST0428,Google Ads,Mobile,1,1,0,0
S06592,2025-07-10,CUST0799,Organic,Mobile,1,1,0,0
S06593,2025-08-02,CUST0637,Instagram,Mobile,0,0,0,0
S06594,2025-02-16,CUST0449,Organic,Desktop,1,1,0,0
S06595,2025-08-06,CUST0844,Direct,Desktop,1,1,0,0
S06596,2025-03-30,CUST0638,Instagram,Mobile,1,1,1,1
S06597,2025-10-02,CUST0914,Organic,Tablet,0,0,0,0
S06598,2025-08-15,CUST0344,Organic,Desktop,0,0,0,0
S06599,2025-08-05,CUST0548,Organic,Mobile,1,0,0,0
S06600,2025-08-28,CUST0958,Direct,Desktop,1,1,0,0
S06601,2025-10-28,CUST0925,Organic,Tablet,0,0,0,0
S06602,2025-12-07,CUST0729,Google Ads,Desktop,1,1,1,0
S06603,2025-06-19,CUST0919,Email,Mobile,1,0,0,0
S06604,2025-12-31,CUST0003,Instagram,Mobile,1,1,1,1
S06605,2025-08-20,CUST0030,Direct,Mobile,1,0,0,0
S06606,2025-04-18,CUST0977,Organic,Mobile,0,0,0,0
S06607,2025-11-24,CUST0255,Organic,Tablet,1,1,1,0
S06608,2025-08-21,CUST0045,Organic,Desktop,0,0,0,0
S06609,2025-06-19,CUST0177,Instagram,Mobile,1,1,1,1
S06610,2025-05-15,CUST0222,Google Ads,Mobile,1,0,0,0
S06611,2025-05-11,CUST0625,Google Ads,Mobile,1,1,1,1
S06612,2025-02-06,CUST0122,Email,Mobile,1,1,0,0
S06613,2025-09-16,CUST0275,Organic,Mobile,1,1,0,0
S06614,2025-05-04,CUST0960,Email,Mobile,1,1,1,0
S06615,2025-09-20,CUST0901,Organic,Mobile,0,0,0,0
S06616,2025-12-19,CUST0744,Direct,Desktop,1,1,0,0
S06617,2025-08-05,CUST0312,Direct,Mobile,1,0,0,0
S06618,2025-06-19,CUST0418,Organic,Mobile,1,0,0,0
S06619,2025-04-08,CUST0761,Email,Mobile,1,1,1,1
S06620,2025-12-24,CUST0329,Direct,Mobile,1,0,0,0
S06621,2025-07-05,CUST0103,Organic,Desktop,1,0,0,0
S06622,2025-08-01,CUST0688,Organic,Mobile,1,0,0,0
S06623,2025-12-24,CUST0748,Instagram,Desktop,1,1,1,1
S06624,2025-11-08,CUST0282,Organic,Mobile,0,0,0,0
S06625,2025-08-20,CUST0245,Direct,Mobile,1,1,1,1
S06626,2025-06-16,CUST0133,Direct,Mobile,1,0,0,0
S06627,2025-11-02,CUST0856,Direct,Mobile,1,1,1,0
S06628,2025-06-10,CUST0671,Organic,Mobile,0,0,0,0
S06629,2025-10-11,CUST0792,Organic,Mobile,1,0,0,0
S06630,2025-07-03,CUST0341,Instagram,Mobile,1,1,1,0
S06631,2025-01-25,CUST0022,Direct,Mobile,0,0,0,0
S06632,2025-05-22,CUST0614,Google Ads,Mobile,0,0,0,0
S06633,2025-07-02,CUST0150,Direct,Mobile,1,0,0,0
S06634,2025-03-25,CUST0981,Direct,Desktop,1,1,0,0
S06635,2025-08-19,CUST0569,Instagram,Mobile,1,1,1,1
S06636,2025-08-11,CUST0670,Organic,Desktop,0,0,0,0
S06637,2025-06-07,CUST0881,Organic,Mobile,1,1,0,0
S06638,2025-11-14,CUST0815,Google Ads,Desktop,0,0,0,0
S06639,2025-07-04,CUST0970,Direct,Mobile,1,0,0,0
S06640,2025-07-02,CUST0707,Instagram,Desktop,0,0,0,0
S06641,2025-03-26,CUST0167,Direct,Mobile,1,1,1,1
S06642,2025-03-06,CUST0989,Google Ads,Mobile,1,0,0,0
S06643,2025-02-21,CUST0345,Organic,Mobile,1,1,1,1
S06644,2025-01-03,CUST0706,Email,Desktop,1,0,0,0
S06645,2025-03-18,CUST0461,Google Ads,Mobile,1,0,0,0
S06646,2025-05-15,CUST0859,Organic,Mobile,0,0,0,0
S06647,2025-11-22,CUST0925,Direct,Mobile,0,0,0,0
S06648,2025-03-11,CUST0910,Email,Mobile,1,0,0,0
S06649,2025-06-11,CUST0260,Google Ads,Desktop,1,0,0,0
S06650,2025-04-06,CUST0200,Organic,Desktop,1,0,0,0
S06651,2025-01-16,CUST0005,Instagram,Desktop,1,1,0,0
S06652,2025-08-18,CUST0300,Instagram,Tablet,1,0,0,0
S06653,2025-09-24,CUST0603,Organic,Desktop,1,1,1,0
S06654,2025-11-02,CUST0536,Organic,Desktop,0,0,0,0
S06655,2025-12-09,CUST0236,Organic,Mobile,0,0,0,0
S06656,2025-01-06,CUST0747,Instagram,Mobile,0,0,0,0
S06657,2025-04-20,CUST0738,Direct,Desktop,1,0,0,0
S06658,2025-05-23,CUST0540,Email,Mobile,0,0,0,0
S06659,2025-06-04,CUST0152,Organic,Tablet,1,1,1,0
S06660,2025-07-26,CUST0896,Organic,Desktop,1,1,1,1
S06661,2025-06-15,CUST0246,Organic,Desktop,1,0,0,0
S06662,2025-09-17,CUST0005,Google Ads,Mobile,1,1,0,0
S06663,2025-06-22,CUST0013,Direct,Mobile,0,0,0,0
S06664,2025-05-01,CUST0978,Organic,Desktop,1,0,0,0
S06665,2025-05-20,CUST0567,Google Ads,Mobile,1,0,0,0
S06666,2025-06-17,CUST0465,Organic,Desktop,1,1,0,0
S06667,2025-03-25,CUST0286,Organic,Desktop,0,0,0,0
S06668,2025-07-13,CUST0614,Organic,Desktop,1,1,1,1
S06669,2025-10-03,CUST0339,Email,Mobile,1,0,0,0
S06670,2025-09-25,CUST0214,Organic,Mobile,1,0,0,0
S06671,2025-02-07,CUST0945,Instagram,Desktop,1,1,1,0
S06672,2025-10-30,CUST0113,Google Ads,Mobile,0,0,0,0
S06673,2025-12-04,CUST0338,Google Ads,Desktop,1,1,0,0
S06674,2025-08-30,CUST0090,Organic,Mobile,1,1,1,1
S06675,2025-11-26,CUST0783,Instagram,Mobile,1,0,0,0
S06676,2025-07-18,CUST0759,Google Ads,Desktop,0,0,0,0
S06677,2025-10-25,CUST0476,Instagram,Mobile,1,1,0,0
S06678,2025-01-05,CUST0030,Google Ads,Mobile,0,0,0,0
S06679,2025-12-21,CUST0540,Organic,Mobile,1,1,1,1
S06680,2025-04-13,CUST0468,Organic,Mobile,1,0,0,0
S06681,2025-05-18,CUST0388,Instagram,Mobile,1,0,0,0
S06682,2025-10-20,CUST0580,Email,Desktop,0,0,0,0
S06683,2025-03-07,CUST0357,Email,Desktop,1,0,0,0
S06684,2025-03-08,CUST0655,Google Ads,Mobile,1,0,0,0
S06685,2025-09-27,CUST0546,Instagram,Desktop,1,1,1,0
S06686,2025-02-16,CUST0459,Google Ads,Mobile,1,0,0,0
S06687,2025-12-31,CUST0471,Email,Mobile,1,0,0,0
S06688,2025-06-29,CUST0867,Email,Desktop,1,1,1,1
S06689,2025-03-09,CUST0939,Organic,Desktop,1,1,1,1
S06690,2025-04-25,CUST0227,Direct,Desktop,1,1,1,1
S06691,2025-01-26,CUST0715,Organic,Desktop,1,0,0,0
S06692,2025-02-16,CUST0573,Direct,Desktop,1,1,1,1
S06693,2025-07-26,CUST0191,Instagram,Mobile,1,0,0,0
S06694,2025-03-14,CUST0002,Google Ads,Mobile,1,1,1,1
S06695,2025-09-16,CUST0118,Instagram,Mobile,1,0,0,0
S06696,2025-01-30,CUST0308,Instagram,Desktop,1,1,1,1
S06697,2025-01-03,CUST0564,Direct,Desktop,1,0,0,0
S06698,2025-01-09,CUST0015,Instagram,Desktop,1,1,1,0
S06699,2025-01-08,CUST0424,Google Ads,Mobile,1,0,0,0
S06700,2025-01-09,CUST0796,Google Ads,Tablet,1,1,1,1
S06701,2025-06-01,CUST0479,Organic,Mobile,1,0,0,0
S06702,2025-05-22,CUST0096,Email,Desktop,1,1,1,0
S06703,2025-12-02,CUST0610,Direct,Mobile,1,1,1,0
S06704,2025-10-01,CUST0055,Organic,Mobile,0,0,0,0
S06705,2025-01-27,CUST0946,Email,Mobile,1,0,0,0
S06706,2025-12-14,CUST0278,Organic,Desktop,1,1,1,1
S06707,2025-03-12,CUST0413,Direct,Mobile,1,1,1,0
S06708,2025-08-07,CUST0245,Instagram,Mobile,0,0,0,0
S06709,2025-10-17,CUST0840,Direct,Mobile,1,1,0,0
S06710,2025-09-13,CUST0982,Organic,Desktop,1,1,1,1
S06711,2025-04-13,CUST0396,Email,Mobile,1,1,1,1
S06712,2025-05-27,CUST0471,Google Ads,Mobile,1,1,1,1
S06713,2025-06-07,CUST0038,Instagram,Mobile,1,0,0,0
S06714,2025-12-14,CUST0632,Email,Desktop,0,0,0,0
S06715,2025-05-20,CUST0770,Google Ads,Desktop,1,1,1,1
S06716,2025-05-23,CUST0140,Direct,Desktop,1,0,0,0
S06717,2025-04-19,CUST0183,Instagram,Mobile,1,1,1,1
S06718,2025-12-25,CUST0213,Direct,Desktop,1,1,1,1
S06719,2025-11-16,CUST0126,Google Ads,Tablet,1,1,0,0
S06720,2025-03-05,CUST0140,Google Ads,Mobile,1,1,1,1
S06721,2025-09-28,CUST0621,Organic,Mobile,1,1,1,1
S06722,2025-07-05,CUST0479,Email,Desktop,0,0,0,0
S06723,2025-12-22,CUST0521,Direct,Mobile,1,0,0,0
S06724,2025-11-19,CUST0463,Direct,Desktop,1,1,1,1
S06725,2025-01-01,CUST0032,Email,Mobile,1,0,0,0
S06726,2025-01-07,CUST0235,Direct,Mobile,1,1,1,0
S06727,2025-01-01,CUST0073,Direct,Mobile,1,0,0,0
S06728,2025-09-18,CUST0472,Direct,Mobile,1,0,0,0
S06729,2025-02-16,CUST0648,Email,Desktop,0,0,0,0
S06730,2025-12-22,CUST0766,Direct,Mobile,1,0,0,0
S06731,2025-09-23,CUST0628,Instagram,Mobile,1,1,1,1
S06732,2025-01-02,CUST0668,Email,Mobile,1,1,1,1
S06733,2025-01-23,CUST0952,Organic,Desktop,0,0,0,0
S06734,2025-12-25,CUST0594,Organic,Desktop,1,1,1,1
S06735,2025-10-30,CUST0619,Google Ads,Mobile,1,0,0,0
S06736,2025-03-25,CUST0741,Email,Mobile,1,0,0,0
S06737,2025-07-23,CUST0292,Organic,Desktop,1,1,1,1
S06738,2025-08-15,CUST0629,Organic,Mobile,1,1,0,0
S06739,2025-09-09,CUST0933,Organic,Tablet,1,1,0,0
S06740,2025-11-01,CUST0288,Google Ads,Mobile,1,0,0,0
S06741,2025-05-31,CUST0213,Organic,Mobile,0,0,0,0
S06742,2025-09-04,CUST0167,Organic,Mobile,0,0,0,0
S06743,2025-11-02,CUST0049,Instagram,Mobile,1,1,1,1
S06744,2025-01-17,CUST0221,Instagram,Mobile,1,0,0,0
S06745,2025-10-31,CUST0402,Google Ads,Mobile,0,0,0,0
S06746,2025-01-02,CUST0791,Organic,Mobile,1,1,1,1
S06747,2025-07-16,CUST0289,Google Ads,Mobile,1,1,1,1
S06748,2025-12-07,CUST0880,Instagram,Desktop,1,1,0,0
S06749,2025-09-26,CUST0969,Organic,Mobile,1,1,0,0
S06750,2025-03-02,CUST0179,Email,Mobile,0,0,0,0
S06751,2025-09-24,CUST0171,Instagram,Mobile,1,1,1,0
S06752,2025-04-07,CUST0998,Direct,Desktop,1,0,0,0
S06753,2025-10-10,CUST0004,Direct,Mobile,1,0,0,0
S06754,2025-09-04,CUST0336,Email,Tablet,1,1,1,1
S06755,2025-02-04,CUST0195,Email,Tablet,1,0,0,0
S06756,2025-10-01,CUST0968,Instagram,Tablet,1,0,0,0
S06757,2025-03-09,CUST0464,Google Ads,Tablet,1,0,0,0
S06758,2025-07-08,CUST0893,Organic,Mobile,1,0,0,0
S06759,2025-02-10,CUST0770,Email,Desktop,1,1,0,0
S06760,2025-04-06,CUST0557,Email,Mobile,1,0,0,0
S06761,2025-06-20,CUST0467,Instagram,Desktop,0,0,0,0
S06762,2025-03-08,CUST0344,Google Ads,Mobile,1,0,0,0
S06763,2025-11-04,CUST0208,Email,Mobile,0,0,0,0
S06764,2025-04-29,CUST0627,Instagram,Desktop,1,1,1,1
S06765,2025-12-07,CUST0936,Email,Mobile,1,1,1,1
S06766,2025-06-20,CUST0503,Email,Desktop,1,0,0,0
S06767,2025-07-05,CUST0130,Instagram,Desktop,1,1,1,1
S06768,2025-03-11,CUST0672,Instagram,Desktop,1,1,1,1
S06769,2025-09-02,CUST0001,Instagram,Mobile,1,1,1,1
S06770,2025-06-08,CUST0786,Instagram,Mobile,1,1,1,1
S06771,2025-10-11,CUST0487,Email,Desktop,1,0,0,0
S06772,2025-04-17,CUST0448,Google Ads,Mobile,1,1,1,1
S06773,2025-02-05,CUST0672,Instagram,Mobile,1,0,0,0
S06774,2025-12-14,CUST0777,Organic,Mobile,1,1,1,0
S06775,2025-07-14,CUST0823,Instagram,Tablet,0,0,0,0
S06776,2025-09-25,CUST0323,Direct,Mobile,1,0,0,0
S06777,2025-03-17,CUST0760,Email,Mobile,1,1,1,0
S06778,2025-10-07,CUST0024,Organic,Mobile,1,1,1,1
S06779,2025-11-17,CUST0377,Direct,Mobile,1,1,1,1
S06780,2025-12-14,CUST0779,Organic,Mobile,1,0,0,0
S06781,2025-03-21,CUST0156,Direct,Tablet,1,0,0,0
S06782,2025-04-08,CUST0272,Direct,Mobile,1,0,0,0
S06783,2025-10-09,CUST0093,Direct,Mobile,1,0,0,0
S06784,2025-04-28,CUST0873,Email,Desktop,1,0,0,0
S06785,2025-08-11,CUST0524,Email,Mobile,0,0,0,0
S06786,2025-09-09,CUST0750,Instagram,Mobile,1,1,1,1
S06787,2025-03-21,CUST0121,Google Ads,Desktop,1,0,0,0
S06788,2025-11-10,CUST0452,Email,Mobile,0,0,0,0
S06789,2025-06-19,CUST0602,Instagram,Mobile,1,1,1,0
S06790,2025-06-06,CUST0900,Instagram,Desktop,1,1,1,1
S06791,2025-11-30,CUST0587,Direct,Mobile,1,1,1,0
S06792,2025-11-24,CUST0322,Instagram,Mobile,1,0,0,0
S06793,2025-01-02,CUST0031,Instagram,Mobile,1,0,0,0
S06794,2025-07-22,CUST0952,Organic,Mobile,1,0,0,0
S06795,2025-09-15,CUST0434,Instagram,Tablet,1,0,0,0
S06796,2025-09-08,CUST0707,Google Ads,Desktop,1,1,0,0
S06797,2025-05-26,CUST0601,Organic,Mobile,1,1,1,0
S06798,2025-11-21,CUST0610,Google Ads,Mobile,0,0,0,0
S06799,2025-10-02,CUST0129,Email,Mobile,1,0,0,0
S06800,2025-01-19,CUST0453,Email,Desktop,1,0,0,0
S06801,2025-09-09,CUST0807,Direct,Mobile,0,0,0,0
S06802,2025-10-11,CUST0436,Instagram,Desktop,1,0,0,0
S06803,2025-11-27,CUST0607,Organic,Tablet,1,0,0,0
S06804,2025-02-19,CUST0676,Direct,Mobile,1,1,1,1
S06805,2025-11-07,CUST0507,Organic,Mobile,1,1,1,1
S06806,2025-05-17,CUST0963,Direct,Desktop,1,0,0,0
S06807,2025-08-14,CUST0742,Direct,Desktop,1,0,0,0
S06808,2025-08-09,CUST0652,Direct,Mobile,1,1,1,1
S06809,2025-04-23,CUST0317,Direct,Mobile,1,1,1,1
S06810,2025-05-29,CUST0464,Organic,Mobile,1,1,1,1
S06811,2025-02-17,CUST0328,Organic,Tablet,1,0,0,0
S06812,2025-02-27,CUST0907,Organic,Mobile,1,0,0,0
S06813,2025-07-16,CUST0109,Email,Tablet,1,1,0,0
S06814,2025-08-13,CUST0526,Organic,Mobile,1,1,1,1
S06815,2025-05-17,CUST0475,Email,Mobile,1,1,1,0
S06816,2025-07-14,CUST0978,Organic,Desktop,1,1,0,0
S06817,2025-07-25,CUST0950,Email,Mobile,1,0,0,0
S06818,2025-01-18,CUST0392,Instagram,Mobile,1,0,0,0
S06819,2025-09-25,CUST0673,Instagram,Desktop,1,0,0,0
S06820,2025-08-03,CUST0644,Direct,Desktop,1,1,1,1
S06821,2025-07-25,CUST0113,Google Ads,Mobile,1,1,0,0
S06822,2025-05-04,CUST0286,Organic,Tablet,1,1,1,1
S06823,2025-01-16,CUST0852,Direct,Mobile,0,0,0,0
S06824,2025-06-14,CUST0606,Instagram,Mobile,1,1,0,0
S06825,2025-05-28,CUST0347,Google Ads,Mobile,1,1,1,1
S06826,2025-10-03,CUST0601,Email,Mobile,1,1,1,1
S06827,2025-08-21,CUST0822,Email,Desktop,1,1,1,1
S06828,2025-01-25,CUST0646,Instagram,Desktop,1,1,1,1
S06829,2025-09-25,CUST0261,Email,Mobile,1,1,1,1
S06830,2025-12-31,CUST0718,Organic,Tablet,1,1,1,1
S06831,2025-10-22,CUST0307,Google Ads,Mobile,1,1,1,1
S06832,2025-03-12,CUST0910,Organic,Desktop,1,0,0,0
S06833,2025-07-19,CUST0034,Instagram,Mobile,1,1,1,1
S06834,2025-02-16,CUST0169,Instagram,Mobile,0,0,0,0
S06835,2025-01-25,CUST0345,Direct,Mobile,0,0,0,0
S06836,2025-08-01,CUST0935,Instagram,Desktop,1,0,0,0
S06837,2025-02-02,CUST0146,Direct,Mobile,1,1,0,0
S06838,2025-08-02,CUST0532,Instagram,Tablet,1,0,0,0
S06839,2025-07-30,CUST0619,Google Ads,Desktop,1,0,0,0
S06840,2025-01-29,CUST0648,Instagram,Mobile,1,0,0,0
S06841,2025-09-16,CUST0538,Google Ads,Mobile,1,1,1,1
S06842,2025-02-08,CUST0246,Email,Desktop,1,1,0,0
S06843,2025-09-17,CUST0341,Email,Desktop,1,1,0,0
S06844,2025-06-14,CUST0667,Email,Desktop,1,1,1,0
S06845,2025-04-05,CUST0928,Instagram,Mobile,1,1,1,1
S06846,2025-08-08,CUST0554,Instagram,Mobile,0,0,0,0
S06847,2025-09-25,CUST0690,Instagram,Desktop,1,0,0,0
S06848,2025-04-28,CUST0081,Organic,Mobile,1,1,1,1
S06849,2025-03-07,CUST0689,Direct,Desktop,1,0,0,0
S06850,2025-07-12,CUST0705,Organic,Mobile,1,1,1,1
S06851,2025-11-16,CUST0191,Organic,Desktop,1,1,0,0
S06852,2025-02-04,CUST0283,Google Ads,Mobile,1,1,1,0
S06853,2025-06-24,CUST0758,Organic,Desktop,0,0,0,0
S06854,2025-04-22,CUST0612,Direct,Tablet,1,0,0,0
S06855,2025-11-04,CUST0971,Direct,Mobile,1,1,1,1
S06856,2025-10-17,CUST0489,Instagram,Mobile,1,0,0,0
S06857,2025-12-06,CUST0035,Direct,Desktop,1,1,1,0
S06858,2025-03-21,CUST0294,Instagram,Desktop,1,1,1,1
S06859,2025-04-21,CUST0806,Instagram,Mobile,1,1,1,1
S06860,2025-04-02,CUST0042,Direct,Mobile,1,1,1,1
S06861,2025-07-05,CUST0170,Instagram,Mobile,1,1,1,1
S06862,2025-02-10,CUST0945,Instagram,Desktop,1,0,0,0
S06863,2025-03-28,CUST0569,Google Ads,Mobile,0,0,0,0
S06864,2025-08-12,CUST0868,Instagram,Mobile,0,0,0,0
S06865,2025-02-20,CUST0566,Instagram,Mobile,1,0,0,0
S06866,2025-05-06,CUST0394,Email,Mobile,0,0,0,0
S06867,2025-05-26,CUST0188,Email,Tablet,1,0,0,0
S06868,2025-02-10,CUST0296,Direct,Mobile,0,0,0,0
S06869,2025-12-21,CUST0385,Google Ads,Mobile,1,1,1,1
S06870,2025-12-29,CUST0888,Instagram,Mobile,1,1,0,0
S06871,2025-01-24,CUST0598,Instagram,Desktop,1,1,1,1
S06872,2025-10-30,CUST0064,Direct,Mobile,1,1,1,1
S06873,2025-10-11,CUST0081,Email,Mobile,1,1,0,0
S06874,2025-02-05,CUST0780,Organic,Mobile,1,1,0,0
S06875,2025-10-04,CUST0185,Email,Mobile,1,1,0,0
S06876,2025-07-03,CUST0461,Instagram,Tablet,1,1,0,0
S06877,2025-11-21,CUST0345,Organic,Tablet,1,1,1,1
S06878,2025-06-03,CUST0538,Google Ads,Tablet,1,1,1,1
S06879,2025-07-01,CUST0238,Direct,Mobile,1,1,1,1
S06880,2025-10-27,CUST0296,Instagram,Desktop,1,1,1,1
S06881,2025-06-03,CUST0878,Direct,Mobile,1,1,1,1
S06882,2025-05-30,CUST0487,Organic,Mobile,1,1,1,1
S06883,2025-01-02,CUST0369,Instagram,Mobile,1,0,0,0
S06884,2025-10-24,CUST0299,Organic,Mobile,1,1,1,0
S06885,2025-02-23,CUST0737,Organic,Mobile,1,1,1,1
S06886,2025-09-03,CUST0840,Instagram,Desktop,1,0,0,0
S06887,2025-02-15,CUST0909,Google Ads,Desktop,1,1,0,0
S06888,2025-03-16,CUST0090,Instagram,Mobile,1,0,0,0
S06889,2025-05-29,CUST0440,Organic,Mobile,1,1,1,1
S06890,2025-01-03,CUST0529,Instagram,Desktop,1,0,0,0
S06891,2025-01-09,CUST0088,Organic,Mobile,0,0,0,0
S06892,2025-01-02,CUST0024,Google Ads,Desktop,0,0,0,0
S06893,2025-08-26,CUST0332,Direct,Desktop,0,0,0,0
S06894,2025-01-28,CUST0735,Direct,Desktop,1,1,1,1
S06895,2025-10-17,CUST0058,Organic,Desktop,1,0,0,0
S06896,2025-06-30,CUST0464,Direct,Desktop,1,1,1,1
S06897,2025-11-11,CUST0189,Email,Desktop,1,1,1,1
S06898,2025-09-23,CUST0464,Organic,Desktop,1,1,1,0
S06899,2025-03-24,CUST0222,Google Ads,Mobile,1,1,1,1
S06900,2025-12-15,CUST0924,Direct,Mobile,1,1,1,1
S06901,2025-09-10,CUST0963,Organic,Mobile,1,0,0,0
S06902,2025-09-15,CUST0353,Instagram,Tablet,1,0,0,0
S06903,2025-02-17,CUST0051,Instagram,Tablet,0,0,0,0
S06904,2025-05-14,CUST0088,Organic,Desktop,0,0,0,0
S06905,2025-10-27,CUST0222,Instagram,Desktop,1,0,0,0
S06906,2025-07-18,CUST0488,Email,Desktop,1,0,0,0
S06907,2025-10-19,CUST0860,Google Ads,Mobile,1,0,0,0
S06908,2025-05-16,CUST0879,Instagram,Mobile,0,0,0,0
S06909,2025-03-24,CUST0167,Instagram,Mobile,0,0,0,0
S06910,2025-09-23,CUST0706,Email,Tablet,1,1,1,1
S06911,2025-12-24,CUST0973,Direct,Mobile,1,0,0,0
S06912,2025-08-07,CUST0101,Google Ads,Mobile,1,1,1,0
S06913,2025-12-15,CUST0714,Email,Mobile,1,0,0,0
S06914,2025-01-19,CUST0424,Instagram,Mobile,1,1,0,0
S06915,2025-01-18,CUST0525,Direct,Desktop,0,0,0,0
S06916,2025-06-28,CUST0147,Instagram,Mobile,1,1,1,1
S06917,2025-01-23,CUST0262,Direct,Mobile,1,1,0,0
S06918,2025-11-11,CUST0146,Email,Desktop,1,0,0,0
S06919,2025-09-01,CUST0488,Email,Mobile,1,1,1,1
S06920,2025-04-17,CUST0521,Instagram,Mobile,1,0,0,0
S06921,2025-05-11,CUST0081,Email,Tablet,1,1,1,0
S06922,2025-01-10,CUST0580,Organic,Mobile,1,0,0,0
S06923,2025-07-18,CUST0822,Google Ads,Desktop,1,1,1,1
S06924,2025-11-01,CUST0126,Email,Mobile,1,1,0,0
S06925,2025-11-08,CUST0562,Direct,Mobile,0,0,0,0
S06926,2025-03-31,CUST0582,Google Ads,Mobile,1,1,0,0
S06927,2025-05-24,CUST0139,Instagram,Mobile,1,1,1,0
S06928,2025-10-22,CUST0951,Direct,Mobile,1,0,0,0
S06929,2025-04-19,CUST0886,Email,Mobile,1,1,0,0
S06930,2025-12-18,CUST0682,Organic,Desktop,1,0,0,0
S06931,2025-07-23,CUST0602,Direct,Mobile,1,1,1,1
S06932,2025-02-13,CUST0139,Direct,Desktop,1,0,0,0
S06933,2025-01-08,CUST0072,Google Ads,Desktop,0,0,0,0
S06934,2025-10-28,CUST0245,Organic,Mobile,1,0,0,0
S06935,2025-12-19,CUST0579,Direct,Desktop,1,0,0,0
S06936,2025-06-02,CUST0642,Organic,Mobile,1,0,0,0
S06937,2025-01-17,CUST0210,Google Ads,Desktop,1,1,1,1
S06938,2025-12-05,CUST0194,Instagram,Tablet,1,0,0,0
S06939,2025-08-25,CUST0538,Direct,Desktop,0,0,0,0
S06940,2025-12-01,CUST0332,Direct,Desktop,1,0,0,0
S06941,2025-02-25,CUST0511,Email,Mobile,0,0,0,0
S06942,2025-02-13,CUST0293,Organic,Mobile,0,0,0,0
S06943,2025-11-05,CUST0730,Email,Mobile,1,1,1,1
S06944,2025-08-29,CUST0036,Google Ads,Mobile,1,1,1,1
S06945,2025-02-08,CUST0528,Organic,Desktop,1,1,1,1
S06946,2025-05-10,CUST0078,Email,Mobile,0,0,0,0
S06947,2025-04-08,CUST0834,Organic,Mobile,1,1,0,0
S06948,2025-10-08,CUST0021,Google Ads,Desktop,1,1,1,1
S06949,2025-03-21,CUST0647,Instagram,Mobile,1,1,1,1
S06950,2025-10-15,CUST0245,Direct,Desktop,1,0,0,0
S06951,2025-12-01,CUST0395,Instagram,Mobile,0,0,0,0
S06952,2025-08-22,CUST0696,Email,Mobile,1,1,1,1
S06953,2025-11-30,CUST0684,Google Ads,Mobile,1,1,1,0
S06954,2025-06-18,CUST0054,Google Ads,Mobile,1,0,0,0
S06955,2025-03-20,CUST0093,Instagram,Mobile,1,1,1,1
S06956,2025-03-12,CUST0953,Organic,Mobile,1,1,1,0
S06957,2025-09-20,CUST0826,Email,Tablet,1,0,0,0
S06958,2025-07-19,CUST0293,Organic,Mobile,0,0,0,0
S06959,2025-07-30,CUST0376,Organic,Mobile,1,0,0,0
S06960,2025-01-18,CUST0176,Direct,Mobile,1,1,1,0
S06961,2025-09-30,CUST0190,Instagram,Mobile,0,0,0,0
S06962,2025-07-29,CUST0758,Instagram,Mobile,1,0,0,0
S06963,2025-04-27,CUST0807,Google Ads,Desktop,1,0,0,0
S06964,2025-04-14,CUST0988,Instagram,Mobile,0,0,0,0
S06965,2025-03-18,CUST0192,Google Ads,Mobile,1,0,0,0
S06966,2025-11-11,CUST0616,Organic,Desktop,0,0,0,0
S06967,2025-01-11,CUST0068,Email,Mobile,1,1,0,0
S06968,2025-02-20,CUST0324,Organic,Mobile,1,1,1,0
S06969,2025-01-07,CUST0155,Email,Tablet,1,1,1,1
S06970,2025-02-06,CUST0454,Google Ads,Mobile,1,1,1,1
S06971,2025-09-18,CUST0226,Direct,Desktop,0,0,0,0
S06972,2025-03-03,CUST0233,Organic,Desktop,1,0,0,0
S06973,2025-07-19,CUST0508,Instagram,Mobile,1,1,0,0
S06974,2025-11-26,CUST0104,Direct,Tablet,1,0,0,0
S06975,2025-03-31,CUST0466,Email,Mobile,1,1,0,0
S06976,2025-03-20,CUST0828,Direct,Mobile,1,1,0,0
S06977,2025-02-24,CUST0428,Instagram,Mobile,1,1,0,0
S06978,2025-08-09,CUST0752,Google Ads,Mobile,1,1,1,1
S06979,2025-04-02,CUST0926,Organic,Mobile,1,0,0,0
S06980,2025-03-15,CUST0993,Direct,Mobile,1,1,1,1
S06981,2025-02-25,CUST0442,Organic,Mobile,1,1,0,0
S06982,2025-08-20,CUST0724,Direct,Mobile,1,1,1,1
S06983,2025-06-28,CUST0126,Email,Mobile,1,1,1,1
S06984,2025-03-02,CUST0635,Direct,Mobile,0,0,0,0
S06985,2025-12-26,CUST0036,Instagram,Desktop,1,1,1,1
S06986,2025-04-27,CUST0238,Instagram,Desktop,1,0,0,0
S06987,2025-03-19,CUST0242,Organic,Desktop,1,1,1,1
S06988,2025-08-24,CUST0133,Instagram,Mobile,1,1,1,1
S06989,2025-02-02,CUST0892,Direct,Desktop,1,1,1,0
S06990,2025-02-24,CUST0227,Google Ads,Mobile,1,1,1,1
S06991,2025-08-31,CUST0403,Instagram,Mobile,1,0,0,0
S06992,2025-10-01,CUST0396,Instagram,Mobile,0,0,0,0
S06993,2025-03-15,CUST0090,Google Ads,Desktop,1,0,0,0
S06994,2025-01-21,CUST0255,Email,Mobile,1,0,0,0
S06995,2025-12-19,CUST0956,Instagram,Desktop,0,0,0,0
S06996,2025-07-20,CUST0083,Instagram,Tablet,1,1,0,0
S06997,2025-06-03,CUST0500,Google Ads,Mobile,1,0,0,0
S06998,2025-09-11,CUST0651,Instagram,Mobile,0,0,0,0
S06999,2025-07-26,CUST0309,Direct,Mobile,1,0,0,0
S07000,2025-05-29,CUST0532,Instagram,Mobile,1,1,0,0
